family_id,obs,source_file,tier_norm,begin_s,end_s,dur_s,posture,lb_session,tone_offset_s,Notes,in_tracking,imu_alignable,lb_begin_s,lb_end_s
25003,10A,BRP1_25003_Obs10A_EDITED.txt,posture,0.0,147.0,147.0,on stomach,BRP1_25003_REC1011_2025-02-19-09-49-53,508.6,,True,True,508.6,655.6
25003,10A,BRP1_25003_Obs10A_EDITED.txt,posture,147.0,520.0,373.0,on back,BRP1_25003_REC1011_2025-02-19-09-49-53,508.6,,True,True,655.6,1028.6
25003,11A,BRP1_25003_Obs11A_EDITED.txt,posture,0.0,82.0,82.0,on back,BRP1_25003_REC1011_2025-02-26-09-54-36,354.8,,True,True,354.8,436.8
25003,11A,BRP1_25003_Obs11A_EDITED.txt,posture,82.0,85.0,3.0,on side,BRP1_25003_REC1011_2025-02-26-09-54-36,354.8,,True,True,436.8,439.8
25003,11A,BRP1_25003_Obs11A_EDITED.txt,posture,85.0,714.0,629.0,on stomach,BRP1_25003_REC1011_2025-02-26-09-54-36,354.8,,True,True,439.8,1068.8
25003,11A,BRP1_25003_Obs11A_EDITED.txt,posture,714.0,805.009,91.009,on back,BRP1_25003_REC1011_2025-02-26-09-54-36,354.8,,True,True,1068.8,1159.809
25003,11A,BRP1_25003_Obs11A_EDITED.txt,posture,805.009,808.0,2.991,on side,BRP1_25003_REC1011_2025-02-26-09-54-36,354.8,,True,True,1159.809,1162.8
25003,11A,BRP1_25003_Obs11A_EDITED.txt,posture,808.0,938.0,130.0,on stomach,BRP1_25003_REC1011_2025-02-26-09-54-36,354.8,,True,True,1162.8,1292.8
25003,11A,BRP1_25003_Obs11A_EDITED.txt,posture,938.0,1627.0,689.0,on back,BRP1_25003_REC1011_2025-02-26-09-54-36,354.8,,True,True,1292.8,1981.8
25003,11A,BRP1_25003_Obs11A_EDITED.txt,posture,1627.0,1631.0,4.0,on side,BRP1_25003_REC1011_2025-02-26-09-54-36,354.8,,True,True,1981.8,1985.8
25003,11A,BRP1_25003_Obs11A_EDITED.txt,posture,1631.0,1818.0,187.0,on stomach,BRP1_25003_REC1011_2025-02-26-09-54-36,354.8,,True,True,1985.8,2172.8
25003,11B,BRP1_25003_Obs11B_EDITED.txt,posture,0.0,548.0,548.0,on back,BRP1_25003_REC1011_2025-02-26-15-16-25,429.7,,True,True,429.7,977.7
25003,11B,BRP1_25003_Obs11B_EDITED.txt,posture,548.0,798.7,250.7,sit,BRP1_25003_REC1011_2025-02-26-15-16-25,429.7,,True,True,977.7,1228.4
25003,11B,BRP1_25003_Obs11B_EDITED.txt,posture,798.7,812.009,13.309,recline back,BRP1_25003_REC1011_2025-02-26-15-16-25,429.7,,True,True,1228.4,1241.709
25003,11B,BRP1_25003_Obs11B_EDITED.txt,posture,812.009,825.005,12.996,stand,BRP1_25003_REC1011_2025-02-26-15-16-25,429.7,,True,True,1241.709,1254.705
25003,11B,BRP1_25003_Obs11B_EDITED.txt,posture,825.005,835.106,10.101,recline back,BRP1_25003_REC1011_2025-02-26-15-16-25,429.7,,True,True,1254.705,1264.806
25003,11B,BRP1_25003_Obs11B_EDITED.txt,posture,835.106,840.994,5.888,sit,BRP1_25003_REC1011_2025-02-26-15-16-25,429.7,,True,True,1264.806,1270.694
25003,11B,BRP1_25003_Obs11B_EDITED.txt,posture,840.994,1035.0,194.006,on back,BRP1_25003_REC1011_2025-02-26-15-16-25,429.7,,True,True,1270.694,1464.7
25003,11B,BRP1_25003_Obs11B_EDITED.txt,posture,1035.0,1557.964,522.964,stand,BRP1_25003_REC1011_2025-02-26-15-16-25,429.7,,True,True,1464.7,1987.664
25003,11B,BRP1_25003_Obs11B_EDITED.txt,posture,1557.964,1563.652,5.688,recline back,BRP1_25003_REC1011_2025-02-26-15-16-25,429.7,,True,True,1987.664,1993.352
25003,11B,BRP1_25003_Obs11B_EDITED.txt,posture,1563.652,1624.0,60.348,on back,BRP1_25003_REC1011_2025-02-26-15-16-25,429.7,,True,True,1993.352,2053.7
25003,11B,BRP1_25003_Obs11B_EDITED.txt,posture,1624.0,1636.0,12.0,recline back,BRP1_25003_REC1011_2025-02-26-15-16-25,429.7,,True,True,2053.7,2065.7
25003,11B,BRP1_25003_Obs11B_EDITED.txt,posture,1636.0,1678.0,42.0,recline back,BRP1_25003_REC1011_2025-02-26-15-16-25,429.7,,True,True,2065.7,2107.7
25003,11B,BRP1_25003_Obs11B_EDITED.txt,posture,1678.0,1680.0,2.0,stand,BRP1_25003_REC1011_2025-02-26-15-16-25,429.7,,True,True,2107.7,2109.7
25003,11B,BRP1_25003_Obs11B_EDITED.txt,posture,1680.0,1683.0,3.0,sit,BRP1_25003_REC1011_2025-02-26-15-16-25,429.7,,True,True,2109.7,2112.7
25003,11B,BRP1_25003_Obs11B_EDITED.txt,posture,1683.0,1686.0,3.0,recline back,BRP1_25003_REC1011_2025-02-26-15-16-25,429.7,,True,True,2112.7,2115.7
25003,11B,BRP1_25003_Obs11B_EDITED.txt,posture,1686.0,1721.0,35.0,recline back,BRP1_25003_REC1011_2025-02-26-15-16-25,429.7,,True,True,2115.7,2150.7
25003,11B,BRP1_25003_Obs11B_EDITED.txt,posture,1721.0,1726.0,5.0,stand,BRP1_25003_REC1011_2025-02-26-15-16-25,429.7,,True,True,2150.7,2155.7
25003,11B,BRP1_25003_Obs11B_EDITED.txt,posture,1726.0,2008.0,282.0,recline back,BRP1_25003_REC1011_2025-02-26-15-16-25,429.7,,True,True,2155.7,2437.7
25003,11B,BRP1_25003_Obs11B_EDITED.txt,posture,2008.0,2016.0,8.0,recline back,BRP1_25003_REC1011_2025-02-26-15-16-25,429.7,,True,True,2437.7,2445.7
25003,11B,BRP1_25003_Obs11B_EDITED.txt,posture,2016.0,2062.0,46.0,recline back,BRP1_25003_REC1011_2025-02-26-15-16-25,429.7,,True,True,2445.7,2491.7
25003,11B,BRP1_25003_Obs11B_EDITED.txt,posture,2062.0,2067.0,5.0,recline back,BRP1_25003_REC1011_2025-02-26-15-16-25,429.7,,True,True,2491.7,2496.7
25003,11B,BRP1_25003_Obs11B_EDITED.txt,posture,2067.0,2099.0,32.0,recline back,BRP1_25003_REC1011_2025-02-26-15-16-25,429.7,,True,True,2496.7,2528.7
25003,11B,BRP1_25003_Obs11B_EDITED.txt,posture,2099.0,2125.0,26.0,sit,BRP1_25003_REC1011_2025-02-26-15-16-25,429.7,,True,True,2528.7,2554.7
25003,11B,BRP1_25003_Obs11B_EDITED.txt,posture,2125.0,2147.0,22.0,recline back,BRP1_25003_REC1011_2025-02-26-15-16-25,429.7,,True,True,2554.7,2576.7
25003,11B,BRP1_25003_Obs11B_EDITED.txt,posture,2147.0,2180.0,33.0,sit,BRP1_25003_REC1011_2025-02-26-15-16-25,429.7,,True,True,2576.7,2609.7
25003,11B,BRP1_25003_Obs11B_EDITED.txt,posture,2180.0,2208.0,28.0,stand,BRP1_25003_REC1011_2025-02-26-15-16-25,429.7,,True,True,2609.7,2637.7
25003,11B,BRP1_25003_Obs11B_EDITED.txt,posture,2208.0,2219.0,11.0,recline back,BRP1_25003_REC1011_2025-02-26-15-16-25,429.7,,True,True,2637.7,2648.7
25003,11B,BRP1_25003_Obs11B_EDITED.txt,posture,2219.0,2376.0,157.0,stand,BRP1_25003_REC1011_2025-02-26-15-16-25,429.7,,True,True,2648.7,2805.7
25003,11B,BRP1_25003_Obs11B_EDITED.txt,posture,2376.0,2379.925,3.925,sit,BRP1_25003_REC1011_2025-02-26-15-16-25,429.7,,True,True,2805.7,2809.625
25003,11B,BRP1_25003_Obs11B_EDITED.txt,posture,2379.925,2385.494,5.569,recline back,BRP1_25003_REC1011_2025-02-26-15-16-25,429.7,,True,True,2809.625,2815.194
25003,11B,BRP1_25003_Obs11B_EDITED.txt,posture,2385.494,2495.0,109.506,on back,BRP1_25003_REC1011_2025-02-26-15-16-25,429.7,,True,True,2815.194,2924.7
25003,11B,BRP1_25003_Obs11B_EDITED.txt,posture,2495.0,2507.0,12.0,on side,BRP1_25003_REC1011_2025-02-26-15-16-25,429.7,,True,True,2924.7,2936.7
25003,11B,BRP1_25003_Obs11B_EDITED.txt,posture,2507.0,2756.0,249.0,on stomach,BRP1_25003_REC1011_2025-02-26-15-16-25,429.7,,True,True,2936.7,3185.7
25003,11B,BRP1_25003_Obs11B_EDITED.txt,posture,2756.0,2956.0,200.0,on back,BRP1_25003_REC1011_2025-02-26-15-16-25,429.7,,True,True,3185.7,3385.7
25003,11B,BRP1_25003_Obs11B_EDITED.txt,posture,2956.0,2997.0,41.0,stand,BRP1_25003_REC1011_2025-02-26-15-16-25,429.7,,True,True,3385.7,3426.7
25003,12A,BRP1_25003_Obs12A_EDITED.txt,posture,0.0,292.0,292.0,on stomach,BRP1_25003_REC121314_2025-02-28-14-40-41,60.0,,True,True,60.0,352.0
25003,12A,BRP1_25003_Obs12A_EDITED.txt,posture,292.0,313.0,21.0,on stomach,BRP1_25003_REC121314_2025-02-28-14-40-41,60.0,,True,True,352.0,373.0
25003,12A,BRP1_25003_Obs12A_EDITED.txt,posture,313.0,315.0,2.0,stand,BRP1_25003_REC121314_2025-02-28-14-40-41,60.0,,True,True,373.0,375.0
25003,12A,BRP1_25003_Obs12A_EDITED.txt,posture,315.0,344.0,29.0,sit,BRP1_25003_REC121314_2025-02-28-14-40-41,60.0,,True,True,375.0,404.0
25003,12A,BRP1_25003_Obs12A_EDITED.txt,posture,344.0,410.0,66.0,on back,BRP1_25003_REC121314_2025-02-28-14-40-41,60.0,,True,True,404.0,470.0
25003,12A,BRP1_25003_Obs12A_EDITED.txt,posture,410.0,437.0,27.0,stand,BRP1_25003_REC121314_2025-02-28-14-40-41,60.0,,True,True,470.0,497.0
25003,12A,BRP1_25003_Obs12A_EDITED.txt,posture,437.0,602.0,165.0,on back,BRP1_25003_REC121314_2025-02-28-14-40-41,60.0,,True,True,497.0,662.0
25003,12A,BRP1_25003_Obs12A_EDITED.txt,posture,602.0,659.0,57.0,stand,BRP1_25003_REC121314_2025-02-28-14-40-41,60.0,,True,True,662.0,719.0
25003,12A,BRP1_25003_Obs12A_EDITED.txt,posture,659.0,660.0,1.0,stand,BRP1_25003_REC121314_2025-02-28-14-40-41,60.0,,True,True,719.0,720.0
25003,12A,BRP1_25003_Obs12A_EDITED.txt,posture,660.0,673.0,13.0,sit,BRP1_25003_REC121314_2025-02-28-14-40-41,60.0,,True,True,720.0,733.0
25003,12A,BRP1_25003_Obs12A_EDITED.txt,posture,673.0,694.0,21.0,on back,BRP1_25003_REC121314_2025-02-28-14-40-41,60.0,,True,True,733.0,754.0
25003,12A,BRP1_25003_Obs12A_EDITED.txt,posture,694.0,701.0,7.0,on side,BRP1_25003_REC121314_2025-02-28-14-40-41,60.0,,True,True,754.0,761.0
25003,12A,BRP1_25003_Obs12A_EDITED.txt,posture,701.0,1305.0,604.0,on stomach,BRP1_25003_REC121314_2025-02-28-14-40-41,60.0,,True,True,761.0,1365.0
25003,12A,BRP1_25003_Obs12A_EDITED.txt,posture,1305.0,1529.0,224.0,on back,BRP1_25003_REC121314_2025-02-28-14-40-41,60.0,,True,True,1365.0,1589.0
25003,12A,BRP1_25003_Obs12A_EDITED.txt,posture,1529.0,1660.0,131.0,stand,BRP1_25003_REC121314_2025-02-28-14-40-41,60.0,,True,True,1589.0,1720.0
25003,12A,BRP1_25003_Obs12A_EDITED.txt,posture,1660.0,2073.0,413.0,on back,BRP1_25003_REC121314_2025-02-28-14-40-41,60.0,,True,True,1720.0,2133.0
25003,12A,BRP1_25003_Obs12A_EDITED.txt,posture,2073.0,2075.0,2.0,on side,BRP1_25003_REC121314_2025-02-28-14-40-41,60.0,,True,True,2133.0,2135.0
25003,12A,BRP1_25003_Obs12A_EDITED.txt,posture,2075.0,2153.0,78.0,on back,BRP1_25003_REC121314_2025-02-28-14-40-41,60.0,,True,True,2135.0,2213.0
25003,12A,BRP1_25003_Obs12A_EDITED.txt,posture,2153.0,2154.0,1.0,on side,BRP1_25003_REC121314_2025-02-28-14-40-41,60.0,,True,True,2213.0,2214.0
25003,12A,BRP1_25003_Obs12A_EDITED.txt,posture,2154.0,2309.008,155.008,on back,BRP1_25003_REC121314_2025-02-28-14-40-41,60.0,,True,True,2214.0,2369.008
25003,12A,BRP1_25003_Obs12A_EDITED.txt,posture,2309.008,2312.0,2.992,on side,BRP1_25003_REC121314_2025-02-28-14-40-41,60.0,,True,True,2369.008,2372.0
25003,12A,BRP1_25003_Obs12A_EDITED.txt,posture,2312.0,2567.0,255.0,on stomach,BRP1_25003_REC121314_2025-02-28-14-40-41,60.0,,True,True,2372.0,2627.0
25003,12A,BRP1_25003_Obs12A_EDITED.txt,posture,2567.0,2608.0,41.0,on stomach,BRP1_25003_REC121314_2025-02-28-14-40-41,60.0,,True,True,2627.0,2668.0
25003,12A,BRP1_25003_Obs12A_EDITED.txt,posture,2608.0,2609.0,1.0,on back,BRP1_25003_REC121314_2025-02-28-14-40-41,60.0,,True,True,2668.0,2669.0
25003,12A,BRP1_25003_Obs12A_EDITED.txt,posture,2609.0,3166.0,557.0,on stomach,BRP1_25003_REC121314_2025-02-28-14-40-41,60.0,,True,True,2669.0,3226.0
25003,13A,BRP1_25003_Obs13A_EDITED.txt,posture,0.0,105.0,105.0,on back,BRP1_25003_REC121314_2025-03-03-10-00-56,342.9,,True,True,342.9,447.9
25003,13A,BRP1_25003_Obs13A_EDITED.txt,posture,105.0,131.0,26.0,sit,BRP1_25003_REC121314_2025-03-03-10-00-56,342.9,,True,True,447.9,473.9
25003,13A,BRP1_25003_Obs13A_EDITED.txt,posture,131.0,195.0,64.0,stand,BRP1_25003_REC121314_2025-03-03-10-00-56,342.9,,True,True,473.9,537.9
25003,13A,BRP1_25003_Obs13A_EDITED.txt,posture,195.0,773.0,578.0,on back,BRP1_25003_REC121314_2025-03-03-10-00-56,342.9,,True,True,537.9,1115.9
25003,13A,BRP1_25003_Obs13A_EDITED.txt,posture,773.0,816.0,43.0,stand,BRP1_25003_REC121314_2025-03-03-10-00-56,342.9,,True,True,1115.9,1158.9
25003,13A,BRP1_25003_Obs13A_EDITED.txt,posture,816.0,1130.0,314.0,sit,BRP1_25003_REC121314_2025-03-03-10-00-56,342.9,,True,True,1158.9,1472.9
25003,13A,BRP1_25003_Obs13A_EDITED.txt,posture,1130.0,1159.0,29.0,stand,BRP1_25003_REC121314_2025-03-03-10-00-56,342.9,,True,True,1472.9,1501.9
25003,13A,BRP1_25003_Obs13A_EDITED.txt,posture,1159.0,1691.0,532.0,on back,BRP1_25003_REC121314_2025-03-03-10-00-56,342.9,,True,True,1501.9,2033.9
25003,13A,BRP1_25003_Obs13A_EDITED.txt,posture,1691.0,1719.0,28.0,stand,BRP1_25003_REC121314_2025-03-03-10-00-56,342.9,,True,True,2033.9,2061.9
25003,13A,BRP1_25003_Obs13A_EDITED.txt,posture,1719.0,1735.0,16.0,sit,BRP1_25003_REC121314_2025-03-03-10-00-56,342.9,,True,True,2061.9,2077.9
25003,13A,BRP1_25003_Obs13A_EDITED.txt,posture,1735.0,1745.0,10.0,stand,BRP1_25003_REC121314_2025-03-03-10-00-56,342.9,,True,True,2077.9,2087.9
25003,13A,BRP1_25003_Obs13A_EDITED.txt,posture,1745.0,1800.0,55.0,sit,BRP1_25003_REC121314_2025-03-03-10-00-56,342.9,,True,True,2087.9,2142.9
25003,13A,BRP1_25003_Obs13A_EDITED.txt,posture,1800.0,1827.0,27.0,sit,BRP1_25003_REC121314_2025-03-03-10-00-56,342.9,,True,True,2142.9,2169.9
25003,13A,BRP1_25003_Obs13A_EDITED.txt,posture,1827.0,1836.0,9.0,sit,BRP1_25003_REC121314_2025-03-03-10-00-56,342.9,,True,True,2169.9,2178.9
25003,14A,BRP1_25003_Obs14A_EDITED.txt,posture,0.0,26.0,26.0,on back,BRP1_25003_REC121314_2025-03-05-09-57-37,,NO LB TONE: Find alternate way to align,True,False,,
25003,14A,BRP1_25003_Obs14A_EDITED.txt,posture,26.0,27.0,1.0,stand,BRP1_25003_REC121314_2025-03-05-09-57-37,,NO LB TONE: Find alternate way to align,True,False,,
25003,14A,BRP1_25003_Obs14A_EDITED.txt,posture,27.0,33.0,6.0,sit,BRP1_25003_REC121314_2025-03-05-09-57-37,,NO LB TONE: Find alternate way to align,True,False,,
25003,14A,BRP1_25003_Obs14A_EDITED.txt,posture,33.0,152.0,119.0,recline back,BRP1_25003_REC121314_2025-03-05-09-57-37,,NO LB TONE: Find alternate way to align,True,False,,
25003,14A,BRP1_25003_Obs14A_EDITED.txt,posture,152.0,184.0,32.0,on back,BRP1_25003_REC121314_2025-03-05-09-57-37,,NO LB TONE: Find alternate way to align,True,False,,
25003,14A,BRP1_25003_Obs14A_EDITED.txt,posture,184.0,274.0,90.0,recline back,BRP1_25003_REC121314_2025-03-05-09-57-37,,NO LB TONE: Find alternate way to align,True,False,,
25003,14B,BRP1_25003_Obs14B_EDITED.txt,posture,0.0,61.0,61.0,stand,BRP1_25003_REC121314_2025-03-05-15-34-26,35.5,,True,True,35.5,96.5
25003,14B,BRP1_25003_Obs14B_EDITED.txt,posture,61.0,84.0,23.0,sit,BRP1_25003_REC121314_2025-03-05-15-34-26,35.5,,True,True,96.5,119.5
25003,14B,BRP1_25003_Obs14B_EDITED.txt,posture,84.0,95.0,11.0,stand,BRP1_25003_REC121314_2025-03-05-15-34-26,35.5,,True,True,119.5,130.5
25003,14B,BRP1_25003_Obs14B_EDITED.txt,posture,95.0,97.0,2.0,sit,BRP1_25003_REC121314_2025-03-05-15-34-26,35.5,,True,True,130.5,132.5
25003,14B,BRP1_25003_Obs14B_EDITED.txt,posture,97.0,112.0,15.0,recline back,BRP1_25003_REC121314_2025-03-05-15-34-26,35.5,,True,True,132.5,147.5
25003,14B,BRP1_25003_Obs14B_EDITED.txt,posture,112.0,176.0,64.0,on back,BRP1_25003_REC121314_2025-03-05-15-34-26,35.5,,True,True,147.5,211.5
25003,14B,BRP1_25003_Obs14B_EDITED.txt,posture,176.0,183.0,7.0,on back,BRP1_25003_REC121314_2025-03-05-15-34-26,35.5,,True,True,211.5,218.5
25003,14B,BRP1_25003_Obs14B_EDITED.txt,posture,183.0,217.0,34.0,on back,BRP1_25003_REC121314_2025-03-05-15-34-26,35.5,,True,True,218.5,252.5
25003,14B,BRP1_25003_Obs14B_EDITED.txt,posture,217.0,224.0,7.0,on side,BRP1_25003_REC121314_2025-03-05-15-34-26,35.5,,True,True,252.5,259.5
25003,14B,BRP1_25003_Obs14B_EDITED.txt,posture,224.0,227.0,3.0,on back,BRP1_25003_REC121314_2025-03-05-15-34-26,35.5,,True,True,259.5,262.5
25003,14B,BRP1_25003_Obs14B_EDITED.txt,posture,227.0,253.0,26.0,on side,BRP1_25003_REC121314_2025-03-05-15-34-26,35.5,,True,True,262.5,288.5
25003,14B,BRP1_25003_Obs14B_EDITED.txt,posture,253.0,1071.963,818.963,on stomach,BRP1_25003_REC121314_2025-03-05-15-34-26,35.5,,True,True,288.5,1107.463
25003,14B,BRP1_25003_Obs14B_EDITED.txt,posture,1071.963,1102.754,30.791,on back,BRP1_25003_REC121314_2025-03-05-15-34-26,35.5,,True,True,1107.463,1138.254
25003,14B,BRP1_25003_Obs14B_EDITED.txt,posture,1102.754,1124.0,21.246,on side,BRP1_25003_REC121314_2025-03-05-15-34-26,35.5,,True,True,1138.254,1159.5
25003,14B,BRP1_25003_Obs14B_EDITED.txt,posture,1124.0,1851.0,727.0,on stomach,BRP1_25003_REC121314_2025-03-05-15-34-26,35.5,,True,True,1159.5,1886.5
25003,15A,BRP1_25003_Obs15A_EDITED.txt,posture,0.0,42.0,42.0,on back,BRP1_25003_REC15_2025-03-10-09-54-17,335.5,,True,True,335.5,377.5
25003,15A,BRP1_25003_Obs15A_EDITED.txt,posture,42.0,45.0,3.0,on stomach,BRP1_25003_REC15_2025-03-10-09-54-17,335.5,,True,True,377.5,380.5
25003,15A,BRP1_25003_Obs15A_EDITED.txt,posture,45.0,1093.0,1048.0,on stomach,BRP1_25003_REC15_2025-03-10-09-54-17,335.5,,True,True,380.5,1428.5
25003,15A,BRP1_25003_Obs15A_EDITED.txt,posture,1093.0,1387.0,294.0,on back,BRP1_25003_REC15_2025-03-10-09-54-17,335.5,,True,True,1428.5,1722.5
25003,15A,BRP1_25003_Obs15A_EDITED.txt,posture,1387.0,1413.795,26.795,sit,BRP1_25003_REC15_2025-03-10-09-54-17,335.5,,True,True,1722.5,1749.295
25003,15A,BRP1_25003_Obs15A_EDITED.txt,posture,1413.795,1418.0,4.205,sit,BRP1_25003_REC15_2025-03-10-09-54-17,335.5,,True,True,1749.295,1753.5
25003,15A,BRP1_25003_Obs15A_EDITED.txt,posture,1418.0,1431.0,13.0,sit,BRP1_25003_REC15_2025-03-10-09-54-17,335.5,,True,True,1753.5,1766.5
25003,15A,BRP1_25003_Obs15A_EDITED.txt,posture,1431.0,1438.388,7.388,sit,BRP1_25003_REC15_2025-03-10-09-54-17,335.5,,True,True,1766.5,1773.888
25003,15A,BRP1_25003_Obs15A_EDITED.txt,posture,1438.388,1469.0,30.612,on back,BRP1_25003_REC15_2025-03-10-09-54-17,335.5,,True,True,1773.888,1804.5
25003,15B,BRP1_25003_Obs15B_EDITED.txt,posture,0.0,1321.725,1321.725,sit,BRP1_25003_REC15_2025-03-10-14-48-25,52.5,,True,True,52.5,1374.225
25003,16A,BRP1_25003_Obs16A_EDITED.txt,posture,0.0,303.0,303.0,on stomach,BRP1_25003_REC16_2025-03-26-09-48-57,377.0,,True,True,377.0,680.0
25003,16A,BRP1_25003_Obs16A_EDITED.txt,posture,303.0,377.0,74.0,on back,BRP1_25003_REC16_2025-03-26-09-48-57,377.0,,True,True,680.0,754.0
25003,16A,BRP1_25003_Obs16A_EDITED.txt,posture,377.0,550.0,173.0,sit,BRP1_25003_REC16_2025-03-26-09-48-57,377.0,,True,True,754.0,927.0
25003,16A,BRP1_25003_Obs16A_EDITED.txt,posture,550.0,988.0,438.0,on stomach,BRP1_25003_REC16_2025-03-26-09-48-57,377.0,,True,True,927.0,1365.0
25003,16B,BRP1_25003_Obs16B_EDITED.txt,posture,0.0,79.0,79.0,on stomach,BRP1_25003_REC16_2025-03-26-15-21-32,36.8,,True,True,36.8,115.8
25003,16B,BRP1_25003_Obs16B_EDITED.txt,posture,79.0,115.0,36.0,on back,BRP1_25003_REC16_2025-03-26-15-21-32,36.8,,True,True,115.8,151.8
25003,16B,BRP1_25003_Obs16B_EDITED.txt,posture,115.0,687.0,572.0,on stomach,BRP1_25003_REC16_2025-03-26-15-21-32,36.8,,True,True,151.8,723.8
25003,16B,BRP1_25003_Obs16B_EDITED.txt,posture,687.0,710.0,23.0,on back,BRP1_25003_REC16_2025-03-26-15-21-32,36.8,,True,True,723.8,746.8
25003,16B,BRP1_25003_Obs16B_EDITED.txt,posture,710.0,712.0,2.0,stand,BRP1_25003_REC16_2025-03-26-15-21-32,36.8,,True,True,746.8,748.8
25003,16B,BRP1_25003_Obs16B_EDITED.txt,posture,712.0,757.0,45.0,sit,BRP1_25003_REC16_2025-03-26-15-21-32,36.8,,True,True,748.8,793.8
25003,16B,BRP1_25003_Obs16B_EDITED.txt,posture,757.0,781.0,24.0,stand,BRP1_25003_REC16_2025-03-26-15-21-32,36.8,,True,True,793.8,817.8
25003,16B,BRP1_25003_Obs16B_EDITED.txt,posture,781.0,800.0,19.0,sit,BRP1_25003_REC16_2025-03-26-15-21-32,36.8,,True,True,817.8,836.8
25003,16B,BRP1_25003_Obs16B_EDITED.txt,posture,800.0,893.0,93.0,stand,BRP1_25003_REC16_2025-03-26-15-21-32,36.8,,True,True,836.8,929.8
25003,16B,BRP1_25003_Obs16B_EDITED.txt,posture,893.0,913.0,20.0,sit,BRP1_25003_REC16_2025-03-26-15-21-32,36.8,,True,True,929.8,949.8
25003,16B,BRP1_25003_Obs16B_EDITED.txt,posture,913.0,938.776,25.776,sit,BRP1_25003_REC16_2025-03-26-15-21-32,36.8,,True,True,949.8,975.5759999999999
25003,16B,BRP1_25003_Obs16B_EDITED.txt,posture,938.776,943.999,5.223,recline back,BRP1_25003_REC16_2025-03-26-15-21-32,36.8,,True,True,975.5759999999999,980.799
25003,16B,BRP1_25003_Obs16B_EDITED.txt,posture,944.0,946.0,2.0,on back,BRP1_25003_REC16_2025-03-26-15-21-32,36.8,,True,True,980.8,982.8
25003,16B,BRP1_25003_Obs16B_EDITED.txt,posture,946.0,948.0,2.0,on side,BRP1_25003_REC16_2025-03-26-15-21-32,36.8,,True,True,982.8,984.8
25003,16B,BRP1_25003_Obs16B_EDITED.txt,posture,948.0,1046.0,98.0,on stomach,BRP1_25003_REC16_2025-03-26-15-21-32,36.8,,True,True,984.8,1082.8
25003,16B,BRP1_25003_Obs16B_EDITED.txt,posture,1046.0,1049.0,3.0,on stomach,BRP1_25003_REC16_2025-03-26-15-21-32,36.8,,True,True,1082.8,1085.8
25003,16B,BRP1_25003_Obs16B_EDITED.txt,posture,1049.0,1063.0,14.0,on stomach,BRP1_25003_REC16_2025-03-26-15-21-32,36.8,,True,True,1085.8,1099.8
25003,16B,BRP1_25003_Obs16B_EDITED.txt,posture,1063.0,1066.0,3.0,on stomach,BRP1_25003_REC16_2025-03-26-15-21-32,36.8,,True,True,1099.8,1102.8
25003,16B,BRP1_25003_Obs16B_EDITED.txt,posture,1066.0,1179.0,113.0,on stomach,BRP1_25003_REC16_2025-03-26-15-21-32,36.8,,True,True,1102.8,1215.8
25003,16B,BRP1_25003_Obs16B_EDITED.txt,posture,1179.0,1200.0,21.0,on back,BRP1_25003_REC16_2025-03-26-15-21-32,36.8,,True,True,1215.8,1236.8
25003,16B,BRP1_25003_Obs16B_EDITED.txt,posture,1200.0,1212.0,12.0,on back,BRP1_25003_REC16_2025-03-26-15-21-32,36.8,,True,True,1236.8,1248.8
25003,16B,BRP1_25003_Obs16B_EDITED.txt,posture,1212.0,1264.0,52.0,on back,BRP1_25003_REC16_2025-03-26-15-21-32,36.8,,True,True,1248.8,1300.8
25003,16B,BRP1_25003_Obs16B_EDITED.txt,posture,1264.0,1288.0,24.0,sit,BRP1_25003_REC16_2025-03-26-15-21-32,36.8,,True,True,1300.8,1324.8
25003,16B,BRP1_25003_Obs16B_EDITED.txt,posture,1288.0,1529.0,241.0,recline back,BRP1_25003_REC16_2025-03-26-15-21-32,36.8,,True,True,1324.8,1565.8
25003,16B,BRP1_25003_Obs16B_EDITED.txt,posture,1529.0,1532.0,3.0,sit,BRP1_25003_REC16_2025-03-26-15-21-32,36.8,,True,True,1565.8,1568.8
25003,16B,BRP1_25003_Obs16B_EDITED.txt,posture,1532.0,1709.0,177.0,stand,BRP1_25003_REC16_2025-03-26-15-21-32,36.8,,True,True,1568.8,1745.8
25003,16B,BRP1_25003_Obs16B_EDITED.txt,posture,1709.0,1753.0,44.0,stand,BRP1_25003_REC16_2025-03-26-15-21-32,36.8,,True,True,1745.8,1789.8
25003,16B,BRP1_25003_Obs16B_EDITED.txt,posture,1753.0,1796.0,43.0,stand,BRP1_25003_REC16_2025-03-26-15-21-32,36.8,,True,True,1789.8,1832.8
25003,2A,BRP1_25003_Obs2A_EDITED.txt,posture,0.0,30.0,30.0,on back,BRP1_25003_REC123_2025-01-24-10-14-09,,NO LB TONE: Find alternate way to align,True,False,,
25003,2A,BRP1_25003_Obs2A_EDITED.txt,posture,30.0,33.0,3.0,on side,BRP1_25003_REC123_2025-01-24-10-14-09,,NO LB TONE: Find alternate way to align,True,False,,
25003,2A,BRP1_25003_Obs2A_EDITED.txt,posture,33.0,70.0,37.0,on back,BRP1_25003_REC123_2025-01-24-10-14-09,,NO LB TONE: Find alternate way to align,True,False,,
25003,2A,BRP1_25003_Obs2A_EDITED.txt,posture,70.0,120.0,50.0,on side,BRP1_25003_REC123_2025-01-24-10-14-09,,NO LB TONE: Find alternate way to align,True,False,,
25003,2A,BRP1_25003_Obs2A_EDITED.txt,posture,120.0,290.0,170.0,on back,BRP1_25003_REC123_2025-01-24-10-14-09,,NO LB TONE: Find alternate way to align,True,False,,
25003,2A,BRP1_25003_Obs2A_EDITED.txt,posture,290.0,489.483,199.483,sit,BRP1_25003_REC123_2025-01-24-10-14-09,,NO LB TONE: Find alternate way to align,True,False,,
25003,2A,BRP1_25003_Obs2A_EDITED.txt,posture,489.483,496.659,7.176,stand,BRP1_25003_REC123_2025-01-24-10-14-09,,NO LB TONE: Find alternate way to align,True,False,,
25003,2A,BRP1_25003_Obs2A_EDITED.txt,posture,496.659,776.0,279.341,sit,BRP1_25003_REC123_2025-01-24-10-14-09,,NO LB TONE: Find alternate way to align,True,False,,
25003,2A,BRP1_25003_Obs2A_EDITED.txt,posture,776.0,2714.5,1938.5,on back,BRP1_25003_REC123_2025-01-24-10-14-09,,NO LB TONE: Find alternate way to align,True,False,,
25003,3A,BRP1_25003_Obs3A_EDITED.txt,posture,0.0,590.0,590.0,on back,BRP1_25003_REC123_2025-01-27-10-17-22,366.9,,True,True,366.9,956.9
25003,3A,BRP1_25003_Obs3A_EDITED.txt,posture,590.0,1427.99,837.99,recline back,BRP1_25003_REC123_2025-01-27-10-17-22,366.9,,True,True,956.9,1794.8899999999999
25003,3A,BRP1_25003_Obs3A_EDITED.txt,posture,1427.99,1465.0,37.01,on back,BRP1_25003_REC123_2025-01-27-10-17-22,366.9,,True,True,1794.8899999999999,1831.9
25003,3B,BRP1_25003_Obs3B_EDITED.txt,posture,0.0,8.0,8.0,recline back,BRP1_25003_REC123_2025-01-27-14-31-06,33.5,,True,True,33.5,41.5
25003,3B,BRP1_25003_Obs3B_EDITED.txt,posture,8.0,514.0,506.0,on back,BRP1_25003_REC123_2025-01-27-14-31-06,33.5,,True,True,41.5,547.5
25003,3B,BRP1_25003_Obs3B_EDITED.txt,posture,514.0,516.0,2.0,sit,BRP1_25003_REC123_2025-01-27-14-31-06,33.5,,True,True,547.5,549.5
25003,3B,BRP1_25003_Obs3B_EDITED.txt,posture,516.0,606.0,90.0,recline back,BRP1_25003_REC123_2025-01-27-14-31-06,33.5,,True,True,549.5,639.5
25003,3B,BRP1_25003_Obs3B_EDITED.txt,posture,606.0,652.208,46.208,recline back,BRP1_25003_REC123_2025-01-27-14-31-06,33.5,,True,True,639.5,685.708
25003,3B,BRP1_25003_Obs3B_EDITED.txt,posture,652.208,1693.0,1040.792,recline back,BRP1_25003_REC123_2025-01-27-14-31-06,33.5,,True,True,685.708,1726.5
25003,3B,BRP1_25003_Obs3B_EDITED.txt,posture,1693.0,1711.403,18.403,stand,BRP1_25003_REC123_2025-01-27-14-31-06,33.5,,True,True,1726.5,1744.903
25003,3B,BRP1_25003_Obs3B_EDITED.txt,posture,1711.403,1722.0,10.597,recline back,BRP1_25003_REC123_2025-01-27-14-31-06,33.5,,True,True,1744.903,1755.5
25003,3B,BRP1_25003_Obs3B_EDITED.txt,posture,1722.0,1826.0,104.0,stand,BRP1_25003_REC123_2025-01-27-14-31-06,33.5,,True,True,1755.5,1859.5
25003,3B,BRP1_25003_Obs3B_EDITED.txt,posture,1826.0,1986.0,160.0,recline back,BRP1_25003_REC123_2025-01-27-14-31-06,33.5,,True,True,1859.5,2019.5
25003,3B,BRP1_25003_Obs3B_EDITED.txt,posture,1986.0,3304.0,1318.0,on back,BRP1_25003_REC123_2025-01-27-14-31-06,33.5,,True,True,2019.5,3337.5
25003,4A,BRP1_25003_Obs4A_EDITED.txt,posture,0.0,527.0,527.0,on back,BRP1_25003_REC456_2025-01-29-10-13-35,460.762,,True,True,460.762,987.762
25003,4A,BRP1_25003_Obs4A_EDITED.txt,posture,527.0,725.0,198.0,on side,BRP1_25003_REC456_2025-01-29-10-13-35,460.762,,True,True,987.762,1185.762
25003,4A,BRP1_25003_Obs4A_EDITED.txt,posture,725.0,738.0,13.0,on stomach,BRP1_25003_REC456_2025-01-29-10-13-35,460.762,,True,True,1185.762,1198.762
25003,4A,BRP1_25003_Obs4A_EDITED.txt,posture,738.0,759.0,21.0,on back,BRP1_25003_REC456_2025-01-29-10-13-35,460.762,,True,True,1198.762,1219.762
25003,4A,BRP1_25003_Obs4A_EDITED.txt,posture,759.0,777.0,18.0,on side,BRP1_25003_REC456_2025-01-29-10-13-35,460.762,,True,True,1219.762,1237.762
25003,4A,BRP1_25003_Obs4A_EDITED.txt,posture,777.0,790.0,13.0,on stomach,BRP1_25003_REC456_2025-01-29-10-13-35,460.762,,True,True,1237.762,1250.762
25003,4A,BRP1_25003_Obs4A_EDITED.txt,posture,790.0,799.0,9.0,on back,BRP1_25003_REC456_2025-01-29-10-13-35,460.762,,True,True,1250.762,1259.762
25003,4A,BRP1_25003_Obs4A_EDITED.txt,posture,799.0,858.0,59.0,on side,BRP1_25003_REC456_2025-01-29-10-13-35,460.762,,True,True,1259.762,1318.762
25003,4A,BRP1_25003_Obs4A_EDITED.txt,posture,858.0,865.0,7.0,on stomach,BRP1_25003_REC456_2025-01-29-10-13-35,460.762,,True,True,1318.762,1325.762
25003,4A,BRP1_25003_Obs4A_EDITED.txt,posture,865.0,882.45,17.45,on back,BRP1_25003_REC456_2025-01-29-10-13-35,460.762,,True,True,1325.762,1343.212
25003,4A,BRP1_25003_Obs4A_EDITED.txt,posture,882.45,980.0,97.55,recline back,BRP1_25003_REC456_2025-01-29-10-13-35,460.762,,True,True,1343.212,1440.762
25003,4A,BRP1_25003_Obs4A_EDITED.txt,posture,980.0,1123.0,143.0,stand,BRP1_25003_REC456_2025-01-29-10-13-35,460.762,,True,True,1440.762,1583.762
25003,4A,BRP1_25003_Obs4A_EDITED.txt,posture,1123.0,1147.0,24.0,recline back,BRP1_25003_REC456_2025-01-29-10-13-35,460.762,,True,True,1583.762,1607.762
25003,4A,BRP1_25003_Obs4A_EDITED.txt,posture,1147.0,1199.0,52.0,recline back,BRP1_25003_REC456_2025-01-29-10-13-35,460.762,,True,True,1607.762,1659.762
25003,4A,BRP1_25003_Obs4A_EDITED.txt,posture,1199.0,1237.0,38.0,on back,BRP1_25003_REC456_2025-01-29-10-13-35,460.762,,True,True,1659.762,1697.762
25003,4A,BRP1_25003_Obs4A_EDITED.txt,posture,1237.0,1247.0,10.0,on side,BRP1_25003_REC456_2025-01-29-10-13-35,460.762,,True,True,1697.762,1707.762
25003,4A,BRP1_25003_Obs4A_EDITED.txt,posture,1247.0,1352.0,105.0,on back,BRP1_25003_REC456_2025-01-29-10-13-35,460.762,,True,True,1707.762,1812.762
25003,4B,BRP1_25003_Obs4B_EDITED.txt,posture,0.0,137.0,137.0,stand,BRP1_25003_REC456_2025-01-29-10-49-55,15880.411,,True,True,15880.411,16017.411
25003,4B,BRP1_25003_Obs4B_EDITED.txt,posture,137.0,195.824,58.824,sit,BRP1_25003_REC456_2025-01-29-10-49-55,15880.411,,True,True,16017.411,16076.235
25003,4B,BRP1_25003_Obs4B_EDITED.txt,posture,195.824,288.0,92.176,stand,BRP1_25003_REC456_2025-01-29-10-49-55,15880.411,,True,True,16076.235,16168.411
25003,4B,BRP1_25003_Obs4B_EDITED.txt,posture,288.0,325.0,37.0,sit,BRP1_25003_REC456_2025-01-29-10-49-55,15880.411,,True,True,16168.411,16205.411
25003,4B,BRP1_25003_Obs4B_EDITED.txt,posture,325.0,365.0,40.0,on back,BRP1_25003_REC456_2025-01-29-10-49-55,15880.411,,True,True,16205.411,16245.411
25003,4B,BRP1_25003_Obs4B_EDITED.txt,posture,365.0,595.277,230.277,stand,BRP1_25003_REC456_2025-01-29-10-49-55,15880.411,,True,True,16245.411,16475.688000000002
25003,4B,BRP1_25003_Obs4B_EDITED.txt,posture,595.277,653.0,57.723,on back,BRP1_25003_REC456_2025-01-29-10-49-55,15880.411,,True,True,16475.688000000002,16533.411
25003,4B,BRP1_25003_Obs4B_EDITED.txt,posture,653.0,956.432,303.432,stand,BRP1_25003_REC456_2025-01-29-10-49-55,15880.411,,True,True,16533.411,16836.843
25003,4B,BRP1_25003_Obs4B_EDITED.txt,posture,956.432,969.0,12.568,recline back,BRP1_25003_REC456_2025-01-29-10-49-55,15880.411,,True,True,16836.843,16849.411
25003,4B,BRP1_25003_Obs4B_EDITED.txt,posture,969.0,1024.627,55.627,stand,BRP1_25003_REC456_2025-01-29-10-49-55,15880.411,,True,True,16849.411,16905.038
25003,4B,BRP1_25003_Obs4B_EDITED.txt,posture,1024.627,1086.0,61.373,recline back,BRP1_25003_REC456_2025-01-29-10-49-55,15880.411,,True,True,16905.038,16966.411
25003,4B,BRP1_25003_Obs4B_EDITED.txt,posture,1086.0,1115.042,29.042,stand,BRP1_25003_REC456_2025-01-29-10-49-55,15880.411,,True,True,16966.411,16995.453
25003,4B,BRP1_25003_Obs4B_EDITED.txt,posture,1115.042,1142.648,27.606,recline back,BRP1_25003_REC456_2025-01-29-10-49-55,15880.411,,True,True,16995.453,17023.059
25003,4B,BRP1_25003_Obs4B_EDITED.txt,posture,1142.648,1173.495,30.847,stand,BRP1_25003_REC456_2025-01-29-10-49-55,15880.411,,True,True,17023.059,17053.906
25003,4B,BRP1_25003_Obs4B_EDITED.txt,posture,1173.495,1179.0,5.505,recline back,BRP1_25003_REC456_2025-01-29-10-49-55,15880.411,,True,True,17053.906,17059.411
25003,4B,BRP1_25003_Obs4B_EDITED.txt,posture,1179.0,1223.0,44.0,stand,BRP1_25003_REC456_2025-01-29-10-49-55,15880.411,,True,True,17059.411,17103.411
25003,4B,BRP1_25003_Obs4B_EDITED.txt,posture,1223.0,1255.0,32.0,recline back,BRP1_25003_REC456_2025-01-29-10-49-55,15880.411,,True,True,17103.411,17135.411
25003,4B,BRP1_25003_Obs4B_EDITED.txt,posture,1255.0,1347.0,92.0,stand,BRP1_25003_REC456_2025-01-29-10-49-55,15880.411,,True,True,17135.411,17227.411
25003,4B,BRP1_25003_Obs4B_EDITED.txt,posture,1347.0,1355.0,8.0,recline back,BRP1_25003_REC456_2025-01-29-10-49-55,15880.411,,True,True,17227.411,17235.411
25003,4B,BRP1_25003_Obs4B_EDITED.txt,posture,1355.0,1394.0,39.0,stand,BRP1_25003_REC456_2025-01-29-10-49-55,15880.411,,True,True,17235.411,17274.411
25003,4B,BRP1_25003_Obs4B_EDITED.txt,posture,1394.0,1414.0,20.0,recline back,BRP1_25003_REC456_2025-01-29-10-49-55,15880.411,,True,True,17274.411,17294.411
25003,4B,BRP1_25003_Obs4B_EDITED.txt,posture,1414.0,1446.177,32.177,stand,BRP1_25003_REC456_2025-01-29-10-49-55,15880.411,,True,True,17294.411,17326.588
25003,4B,BRP1_25003_Obs4B_EDITED.txt,posture,1446.177,1486.0,39.823,stand,BRP1_25003_REC456_2025-01-29-10-49-55,15880.411,,True,True,17326.588,17366.411
25003,4B,BRP1_25003_Obs4B_EDITED.txt,posture,1486.0,1794.0,308.0,recline back,BRP1_25003_REC456_2025-01-29-10-49-55,15880.411,,True,True,17366.411,17674.411
25003,4B,BRP1_25003_Obs4B_EDITED.txt,posture,1794.0,1829.092,35.092,stand,BRP1_25003_REC456_2025-01-29-10-49-55,15880.411,,True,True,17674.411,17709.503
25003,4B,BRP1_25003_Obs4B_EDITED.txt,posture,1829.092,2094.0,264.908,recline back,BRP1_25003_REC456_2025-01-29-10-49-55,15880.411,,True,True,17709.503,17974.411
25003,4B,BRP1_25003_Obs4B_EDITED.txt,posture,2094.0,2130.114,36.114,sit,BRP1_25003_REC456_2025-01-29-10-49-55,15880.411,,True,True,17974.411,18010.525
25003,4B,BRP1_25003_Obs4B_EDITED.txt,posture,2130.114,2633.0,502.886,recline back,BRP1_25003_REC456_2025-01-29-10-49-55,15880.411,,True,True,18010.525,18513.411
25003,4B,BRP1_25003_Obs4B_EDITED.txt,posture,2633.0,2638.0,5.0,sit,BRP1_25003_REC456_2025-01-29-10-49-55,15880.411,,True,True,18513.411,18518.411
25003,4B,BRP1_25003_Obs4B_EDITED.txt,posture,2638.0,2798.0,160.0,stand,BRP1_25003_REC456_2025-01-29-10-49-55,15880.411,,True,True,18518.411,18678.411
25003,4B,BRP1_25003_Obs4B_EDITED.txt,posture,2798.0,6412.0,3614.0,on back,BRP1_25003_REC456_2025-01-29-10-49-55,15880.411,,True,True,18678.411,22292.411
25003,5A,BRP1_25003_Obs5A_EDITED.txt,posture,0.0,105.0,105.0,on stomach,BRP1_25003_REC456_2025-02-03-10-09-39,,NO LB TONE: Find alternate way to align,True,False,,
25003,5A,BRP1_25003_Obs5A_EDITED.txt,posture,105.0,176.336,71.336,recline back,BRP1_25003_REC456_2025-02-03-10-09-39,,NO LB TONE: Find alternate way to align,True,False,,
25003,5A,BRP1_25003_Obs5A_EDITED.txt,posture,176.336,224.0,47.664,on back,BRP1_25003_REC456_2025-02-03-10-09-39,,NO LB TONE: Find alternate way to align,True,False,,
25003,5A,BRP1_25003_Obs5A_EDITED.txt,posture,224.0,240.8,16.8,stand,BRP1_25003_REC456_2025-02-03-10-09-39,,NO LB TONE: Find alternate way to align,True,False,,
25003,5A,BRP1_25003_Obs5A_EDITED.txt,posture,240.8,284.0,43.2,recline back,BRP1_25003_REC456_2025-02-03-10-09-39,,NO LB TONE: Find alternate way to align,True,False,,
25003,5A,BRP1_25003_Obs5A_EDITED.txt,posture,284.0,297.0,13.0,sit,BRP1_25003_REC456_2025-02-03-10-09-39,,NO LB TONE: Find alternate way to align,True,False,,
25003,5A,BRP1_25003_Obs5A_EDITED.txt,posture,297.0,644.62,347.62,recline back,BRP1_25003_REC456_2025-02-03-10-09-39,,NO LB TONE: Find alternate way to align,True,False,,
25003,5A,BRP1_25003_Obs5A_EDITED.txt,posture,644.62,690.0,45.38,on back,BRP1_25003_REC456_2025-02-03-10-09-39,,NO LB TONE: Find alternate way to align,True,False,,
25003,5A,BRP1_25003_Obs5A_EDITED.txt,posture,690.0,711.541,21.541,recline back,BRP1_25003_REC456_2025-02-03-10-09-39,,NO LB TONE: Find alternate way to align,True,False,,
25003,5B,BRP1_25003_Obs5B_EDITED.txt,posture,0.0,259.0,259.0,on stomach,BRP1_25003_REC456_2025-02-03-14-28-47,476.62,,True,True,476.62,735.62
25003,5B,BRP1_25003_Obs5B_EDITED.txt,posture,259.0,261.0,2.0,stand,BRP1_25003_REC456_2025-02-03-14-28-47,476.62,,True,True,735.62,737.62
25003,5B,BRP1_25003_Obs5B_EDITED.txt,posture,261.0,301.0,40.0,recline back,BRP1_25003_REC456_2025-02-03-14-28-47,476.62,,True,True,737.62,777.62
25003,5B,BRP1_25003_Obs5B_EDITED.txt,posture,301.0,305.0,4.0,sit,BRP1_25003_REC456_2025-02-03-14-28-47,476.62,,True,True,777.62,781.62
25003,5B,BRP1_25003_Obs5B_EDITED.txt,posture,305.0,430.0,125.0,stand,BRP1_25003_REC456_2025-02-03-14-28-47,476.62,,True,True,781.62,906.62
25003,5B,BRP1_25003_Obs5B_EDITED.txt,posture,430.0,446.0,16.0,recline back,BRP1_25003_REC456_2025-02-03-14-28-47,476.62,,True,True,906.62,922.62
25003,5B,BRP1_25003_Obs5B_EDITED.txt,posture,446.0,459.0,13.0,recline back,BRP1_25003_REC456_2025-02-03-14-28-47,476.62,,True,True,922.62,935.62
25003,5B,BRP1_25003_Obs5B_EDITED.txt,posture,459.0,491.0,32.0,recline back,BRP1_25003_REC456_2025-02-03-14-28-47,476.62,,True,True,935.62,967.62
25003,5B,BRP1_25003_Obs5B_EDITED.txt,posture,491.0,495.0,4.0,recline back,BRP1_25003_REC456_2025-02-03-14-28-47,476.62,,True,True,967.62,971.62
25003,5B,BRP1_25003_Obs5B_EDITED.txt,posture,495.0,501.0,6.0,recline back,BRP1_25003_REC456_2025-02-03-14-28-47,476.62,,True,True,971.62,977.62
25003,5B,BRP1_25003_Obs5B_EDITED.txt,posture,501.0,521.0,20.0,stand,BRP1_25003_REC456_2025-02-03-14-28-47,476.62,,True,True,977.62,997.62
25003,5B,BRP1_25003_Obs5B_EDITED.txt,posture,521.0,522.0,1.0,recline back,BRP1_25003_REC456_2025-02-03-14-28-47,476.62,,True,True,997.62,998.62
25003,5B,BRP1_25003_Obs5B_EDITED.txt,posture,522.0,544.0,22.0,on back,BRP1_25003_REC456_2025-02-03-14-28-47,476.62,,True,True,998.62,1020.62
25003,5B,BRP1_25003_Obs5B_EDITED.txt,posture,544.0,604.0,60.0,recline back,BRP1_25003_REC456_2025-02-03-14-28-47,476.62,,True,True,1020.62,1080.62
25003,5B,BRP1_25003_Obs5B_EDITED.txt,posture,604.0,663.0,59.0,recline back,BRP1_25003_REC456_2025-02-03-14-28-47,476.62,,True,True,1080.62,1139.62
25003,5B,BRP1_25003_Obs5B_EDITED.txt,posture,663.0,691.0,28.0,stand,BRP1_25003_REC456_2025-02-03-14-28-47,476.62,,True,True,1139.62,1167.62
25003,5B,BRP1_25003_Obs5B_EDITED.txt,posture,691.0,692.0,1.0,recline back,BRP1_25003_REC456_2025-02-03-14-28-47,476.62,,True,True,1167.62,1168.62
25003,5B,BRP1_25003_Obs5B_EDITED.txt,posture,692.0,705.0,13.0,recline back,BRP1_25003_REC456_2025-02-03-14-28-47,476.62,,True,True,1168.62,1181.62
25003,5B,BRP1_25003_Obs5B_EDITED.txt,posture,705.0,797.0,92.0,recline back,BRP1_25003_REC456_2025-02-03-14-28-47,476.62,,True,True,1181.62,1273.62
25003,5B,BRP1_25003_Obs5B_EDITED.txt,posture,797.0,895.0,98.0,stand,BRP1_25003_REC456_2025-02-03-14-28-47,476.62,,True,True,1273.62,1371.62
25003,5B,BRP1_25003_Obs5B_EDITED.txt,posture,895.0,896.0,1.0,sit,BRP1_25003_REC456_2025-02-03-14-28-47,476.62,,True,True,1371.62,1372.62
25003,5B,BRP1_25003_Obs5B_EDITED.txt,posture,896.0,903.0,7.0,recline back,BRP1_25003_REC456_2025-02-03-14-28-47,476.62,,True,True,1372.62,1379.62
25003,5B,BRP1_25003_Obs5B_EDITED.txt,posture,903.0,1156.0,253.0,sit,BRP1_25003_REC456_2025-02-03-14-28-47,476.62,,True,True,1379.62,1632.62
25003,5B,BRP1_25003_Obs5B_EDITED.txt,posture,1156.0,1215.0,59.0,recline back,BRP1_25003_REC456_2025-02-03-14-28-47,476.62,,True,True,1632.62,1691.62
25003,5B,BRP1_25003_Obs5B_EDITED.txt,posture,1215.0,1247.0,32.0,stand,BRP1_25003_REC456_2025-02-03-14-28-47,476.62,,True,True,1691.62,1723.62
25003,5B,BRP1_25003_Obs5B_EDITED.txt,posture,1247.0,1294.0,47.0,recline back,BRP1_25003_REC456_2025-02-03-14-28-47,476.62,,True,True,1723.62,1770.62
25003,5B,BRP1_25003_Obs5B_EDITED.txt,posture,1294.0,1374.0,80.0,recline back,BRP1_25003_REC456_2025-02-03-14-28-47,476.62,,True,True,1770.62,1850.62
25003,6A,BRP1_25003_Obs6A_EDITED.txt,posture,0.0,24.0,24.0,on back,BRP1_25003_REC456_2025-02-05-09-48-51,434.202,,True,True,434.202,458.202
25003,6A,BRP1_25003_Obs6A_EDITED.txt,posture,24.0,29.0,5.0,on side,BRP1_25003_REC456_2025-02-05-09-48-51,434.202,,True,True,458.202,463.202
25003,6A,BRP1_25003_Obs6A_EDITED.txt,posture,29.0,53.0,24.0,on stomach,BRP1_25003_REC456_2025-02-05-09-48-51,434.202,,True,True,463.202,487.202
25003,6A,BRP1_25003_Obs6A_EDITED.txt,posture,53.0,58.0,5.0,on back,BRP1_25003_REC456_2025-02-05-09-48-51,434.202,,True,True,487.202,492.202
25003,6A,BRP1_25003_Obs6A_EDITED.txt,posture,58.0,83.0,25.0,on side,BRP1_25003_REC456_2025-02-05-09-48-51,434.202,,True,True,492.202,517.202
25003,6A,BRP1_25003_Obs6A_EDITED.txt,posture,83.0,85.0,2.0,on stomach,BRP1_25003_REC456_2025-02-05-09-48-51,434.202,,True,True,517.202,519.202
25003,6A,BRP1_25003_Obs6A_EDITED.txt,posture,85.0,97.0,12.0,on side,BRP1_25003_REC456_2025-02-05-09-48-51,434.202,,True,True,519.202,531.202
25003,6A,BRP1_25003_Obs6A_EDITED.txt,posture,97.0,1535.436,1438.436,on back,BRP1_25003_REC456_2025-02-05-09-48-51,434.202,,True,True,531.202,1969.638
25003,6A,BRP1_25003_Obs6A_EDITED.txt,posture,1535.436,1545.0,9.564,sit,BRP1_25003_REC456_2025-02-05-09-48-51,434.202,,True,True,1969.638,1979.202
25003,6A,BRP1_25003_Obs6A_EDITED.txt,posture,1545.0,2310.0,765.0,on back,BRP1_25003_REC456_2025-02-05-09-48-51,434.202,,True,True,1979.202,2744.202
25003,6A,BRP1_25003_Obs6A_EDITED.txt,posture,2310.0,2314.0,4.0,recline back,BRP1_25003_REC456_2025-02-05-09-48-51,434.202,,True,True,2744.202,2748.202
25003,6A,BRP1_25003_Obs6A_EDITED.txt,posture,2314.0,2331.0,17.0,recline back,BRP1_25003_REC456_2025-02-05-09-48-51,434.202,,True,True,2748.202,2765.202
25003,6A,BRP1_25003_Obs6A_EDITED.txt,posture,2331.0,2895.0,564.0,sit,BRP1_25003_REC456_2025-02-05-09-48-51,434.202,,True,True,2765.202,3329.202
25003,6A,BRP1_25003_Obs6A_EDITED.txt,posture,2895.0,3005.0,110.0,sit,BRP1_25003_REC456_2025-02-05-09-48-51,434.202,,True,True,3329.202,3439.202
25003,6B,BRP1_25003_Obs6B_EDITED.txt,posture,0.0,598.0,598.0,on back,BRP1_25003_REC456_2025-02-05-15-16-03,16.687,,True,True,16.687,614.687
25003,6B,BRP1_25003_Obs6B_EDITED.txt,posture,598.0,635.0,37.0,on side,BRP1_25003_REC456_2025-02-05-15-16-03,16.687,,True,True,614.687,651.687
25003,6B,BRP1_25003_Obs6B_EDITED.txt,posture,635.0,641.0,6.0,on back,BRP1_25003_REC456_2025-02-05-15-16-03,16.687,,True,True,651.687,657.687
25003,6B,BRP1_25003_Obs6B_EDITED.txt,posture,641.0,646.0,5.0,on side,BRP1_25003_REC456_2025-02-05-15-16-03,16.687,,True,True,657.687,662.687
25003,6B,BRP1_25003_Obs6B_EDITED.txt,posture,646.0,1047.0,401.0,on back,BRP1_25003_REC456_2025-02-05-15-16-03,16.687,,True,True,662.687,1063.687
25003,6B,BRP1_25003_Obs6B_EDITED.txt,posture,1047.0,1049.0,2.0,stand,BRP1_25003_REC456_2025-02-05-15-16-03,16.687,,True,True,1063.687,1065.687
25003,6B,BRP1_25003_Obs6B_EDITED.txt,posture,1049.0,1248.0,199.0,recline back,BRP1_25003_REC456_2025-02-05-15-16-03,16.687,,True,True,1065.687,1264.687
25003,6B,BRP1_25003_Obs6B_EDITED.txt,posture,1248.0,1333.0,85.0,stand,BRP1_25003_REC456_2025-02-05-15-16-03,16.687,,True,True,1264.687,1349.687
25003,6B,BRP1_25003_Obs6B_EDITED.txt,posture,1333.0,2239.0,906.0,on back,BRP1_25003_REC456_2025-02-05-15-16-03,16.687,,True,True,1349.687,2255.687
25003,6B,BRP1_25003_Obs6B_EDITED.txt,posture,2239.0,2262.0,23.0,on side,BRP1_25003_REC456_2025-02-05-15-16-03,16.687,,True,True,2255.687,2278.687
25003,6B,BRP1_25003_Obs6B_EDITED.txt,posture,2262.0,2541.0,279.0,on back,BRP1_25003_REC456_2025-02-05-15-16-03,16.687,,True,True,2278.687,2557.687
25003,6B,BRP1_25003_Obs6B_EDITED.txt,posture,2541.0,2567.0,26.0,stand,BRP1_25003_REC456_2025-02-05-15-16-03,16.687,,True,True,2557.687,2583.687
25003,6B,BRP1_25003_Obs6B_EDITED.txt,posture,2567.0,2594.0,27.0,on back,BRP1_25003_REC456_2025-02-05-15-16-03,16.687,,True,True,2583.687,2610.687
25003,6B,BRP1_25003_Obs6B_EDITED.txt,posture,2594.0,2606.0,12.0,stand,BRP1_25003_REC456_2025-02-05-15-16-03,16.687,,True,True,2610.687,2622.687
25003,6B,BRP1_25003_Obs6B_EDITED.txt,posture,2606.0,2719.0,113.0,on back,BRP1_25003_REC456_2025-02-05-15-16-03,16.687,,True,True,2622.687,2735.687
25003,6B,BRP1_25003_Obs6B_EDITED.txt,posture,2719.0,2733.0,14.0,stand,BRP1_25003_REC456_2025-02-05-15-16-03,16.687,,True,True,2735.687,2749.687
25003,6B,BRP1_25003_Obs6B_EDITED.txt,posture,2733.0,2757.0,24.0,stand,BRP1_25003_REC456_2025-02-05-15-16-03,16.687,,True,True,2749.687,2773.687
25003,6B,BRP1_25003_Obs6B_EDITED.txt,posture,2757.0,3024.0,267.0,on back,BRP1_25003_REC456_2025-02-05-15-16-03,16.687,,True,True,2773.687,3040.687
25003,7A,BRP1_25003_Obs7A_EDITED.txt,posture,0.0,66.0,66.0,on back,BRP1_25003_REC789_2025-02-10-09-46-30,1060.2,,True,True,1060.2,1126.2
25003,7A,BRP1_25003_Obs7A_EDITED.txt,posture,66.0,68.0,2.0,on side,BRP1_25003_REC789_2025-02-10-09-46-30,1060.2,,True,True,1126.2,1128.2
25003,7A,BRP1_25003_Obs7A_EDITED.txt,posture,68.0,238.0,170.0,on stomach,BRP1_25003_REC789_2025-02-10-09-46-30,1060.2,,True,True,1128.2,1298.2
25003,7A,BRP1_25003_Obs7A_EDITED.txt,posture,238.0,377.0,139.0,on back,BRP1_25003_REC789_2025-02-10-09-46-30,1060.2,,True,True,1298.2,1437.2
25003,7A,BRP1_25003_Obs7A_EDITED.txt,posture,377.0,382.0,5.0,on side,BRP1_25003_REC789_2025-02-10-09-46-30,1060.2,,True,True,1437.2,1442.2
25003,7A,BRP1_25003_Obs7A_EDITED.txt,posture,382.0,537.0,155.0,on stomach,BRP1_25003_REC789_2025-02-10-09-46-30,1060.2,,True,True,1442.2,1597.2
25003,7A,BRP1_25003_Obs7A_EDITED.txt,posture,537.0,594.0,57.0,on back,BRP1_25003_REC789_2025-02-10-09-46-30,1060.2,,True,True,1597.2,1654.2
25003,7A,BRP1_25003_Obs7A_EDITED.txt,posture,594.0,603.0,9.0,stand,BRP1_25003_REC789_2025-02-10-09-46-30,1060.2,,True,True,1654.2,1663.2
25003,7A,BRP1_25003_Obs7A_EDITED.txt,posture,603.0,904.0,301.0,sit,BRP1_25003_REC789_2025-02-10-09-46-30,1060.2,,True,True,1663.2,1964.2
25003,7A,BRP1_25003_Obs7A_EDITED.txt,posture,904.0,917.0,13.0,on back,BRP1_25003_REC789_2025-02-10-09-46-30,1060.2,,True,True,1964.2,1977.2
25003,7A,BRP1_25003_Obs7A_EDITED.txt,posture,917.0,1004.0,87.0,on stomach,BRP1_25003_REC789_2025-02-10-09-46-30,1060.2,,True,True,1977.2,2064.2
25003,7A,BRP1_25003_Obs7A_EDITED.txt,posture,1004.0,1009.0,5.0,stand,BRP1_25003_REC789_2025-02-10-09-46-30,1060.2,,True,True,2064.2,2069.2
25003,7A,BRP1_25003_Obs7A_EDITED.txt,posture,1009.0,1020.0,11.0,on back,BRP1_25003_REC789_2025-02-10-09-46-30,1060.2,,True,True,2069.2,2080.2
25003,7A,BRP1_25003_Obs7A_EDITED.txt,posture,1020.0,1209.0,189.0,stand,BRP1_25003_REC789_2025-02-10-09-46-30,1060.2,,True,True,2080.2,2269.2
25003,8A,BRP1_25003_Obs8A_EDITED.txt,posture,0.0,1293.0,1293.0,on back,BRP1_25003_REC789_2025-02-12-10-07-26,199.2,,True,True,199.2,1492.2
25003,9A,BRP1_25003_Obs9A_EDITED.txt,posture,0.0,350.0,350.0,on back,BRP1_25003_REC789_2025-02-17-10-26-00,,NO LB TONE: Find alternate way to align,True,False,,
25004,10A,BRP1_25004_Obs10A_EDITED.txt,posture,0.0,53.0,53.0,sit,BRP1_25004_REC101112_2025-10-01-09-26-49,330.256,,True,True,330.256,383.256
25004,10A,BRP1_25004_Obs10A_EDITED.txt,posture,53.0,148.0,95.0,sit,BRP1_25004_REC101112_2025-10-01-09-26-49,330.256,,True,True,383.256,478.256
25004,10A,BRP1_25004_Obs10A_EDITED.txt,posture,148.0,149.0,1.0,sit,BRP1_25004_REC101112_2025-10-01-09-26-49,330.256,,True,True,478.256,479.256
25004,10A,BRP1_25004_Obs10A_EDITED.txt,posture,149.0,165.0,16.0,sit,BRP1_25004_REC101112_2025-10-01-09-26-49,330.256,,True,True,479.256,495.256
25004,10A,BRP1_25004_Obs10A_EDITED.txt,posture,165.0,175.0,10.0,sit,BRP1_25004_REC101112_2025-10-01-09-26-49,330.256,,True,True,495.256,505.256
25004,10A,BRP1_25004_Obs10A_EDITED.txt,posture,175.0,182.0,7.0,sit,BRP1_25004_REC101112_2025-10-01-09-26-49,330.256,,True,True,505.256,512.256
25004,10A,BRP1_25004_Obs10A_EDITED.txt,posture,182.0,188.0,6.0,sit,BRP1_25004_REC101112_2025-10-01-09-26-49,330.256,,True,True,512.256,518.256
25004,10A,BRP1_25004_Obs10A_EDITED.txt,posture,188.0,201.657,13.657,sit,BRP1_25004_REC101112_2025-10-01-09-26-49,330.256,,True,True,518.256,531.913
25004,10A,BRP1_25004_Obs10A_EDITED.txt,posture,201.657,218.757,17.1,stand,BRP1_25004_REC101112_2025-10-01-09-26-49,330.256,,True,True,531.913,549.0129999999999
25004,10A,BRP1_25004_Obs10A_EDITED.txt,posture,218.757,228.0,9.243,sit,BRP1_25004_REC101112_2025-10-01-09-26-49,330.256,,True,True,549.0129999999999,558.256
25004,10A,BRP1_25004_Obs10A_EDITED.txt,posture,228.0,285.0,57.0,sit,BRP1_25004_REC101112_2025-10-01-09-26-49,330.256,,True,True,558.256,615.256
25004,10A,BRP1_25004_Obs10A_EDITED.txt,posture,285.0,307.0,22.0,sit,BRP1_25004_REC101112_2025-10-01-09-26-49,330.256,,True,True,615.256,637.256
25004,10A,BRP1_25004_Obs10A_EDITED.txt,posture,307.0,377.0,70.0,sit,BRP1_25004_REC101112_2025-10-01-09-26-49,330.256,,True,True,637.256,707.256
25004,10A,BRP1_25004_Obs10A_EDITED.txt,posture,377.0,378.0,1.0,sit,BRP1_25004_REC101112_2025-10-01-09-26-49,330.256,,True,True,707.256,708.256
25004,10A,BRP1_25004_Obs10A_EDITED.txt,posture,378.0,414.0,36.0,sit,BRP1_25004_REC101112_2025-10-01-09-26-49,330.256,,True,True,708.256,744.256
25004,10A,BRP1_25004_Obs10A_EDITED.txt,posture,414.0,424.0,10.0,sit,BRP1_25004_REC101112_2025-10-01-09-26-49,330.256,,True,True,744.256,754.256
25004,10A,BRP1_25004_Obs10A_EDITED.txt,posture,424.0,426.0,2.0,sit,BRP1_25004_REC101112_2025-10-01-09-26-49,330.256,,True,True,754.256,756.256
25004,10A,BRP1_25004_Obs10A_EDITED.txt,posture,426.0,441.0,15.0,sit,BRP1_25004_REC101112_2025-10-01-09-26-49,330.256,,True,True,756.256,771.256
25004,10A,BRP1_25004_Obs10A_EDITED.txt,posture,441.0,466.0,25.0,sit,BRP1_25004_REC101112_2025-10-01-09-26-49,330.256,,True,True,771.256,796.256
25004,10A,BRP1_25004_Obs10A_EDITED.txt,posture,466.0,474.0,8.0,sit,BRP1_25004_REC101112_2025-10-01-09-26-49,330.256,,True,True,796.256,804.256
25004,10A,BRP1_25004_Obs10A_EDITED.txt,posture,474.0,524.0,50.0,sit,BRP1_25004_REC101112_2025-10-01-09-26-49,330.256,,True,True,804.256,854.256
25004,10A,BRP1_25004_Obs10A_EDITED.txt,posture,524.0,526.0,2.0,sit,BRP1_25004_REC101112_2025-10-01-09-26-49,330.256,,True,True,854.256,856.256
25004,10A,BRP1_25004_Obs10A_EDITED.txt,posture,526.0,570.0,44.0,sit,BRP1_25004_REC101112_2025-10-01-09-26-49,330.256,,True,True,856.256,900.256
25004,10A,BRP1_25004_Obs10A_EDITED.txt,posture,570.0,573.0,3.0,sit,BRP1_25004_REC101112_2025-10-01-09-26-49,330.256,,True,True,900.256,903.256
25004,10A,BRP1_25004_Obs10A_EDITED.txt,posture,573.0,588.489,15.489,sit,BRP1_25004_REC101112_2025-10-01-09-26-49,330.256,,True,True,903.256,918.745
25004,10A,BRP1_25004_Obs10A_EDITED.txt,posture,588.489,605.0,16.511,recline back,BRP1_25004_REC101112_2025-10-01-09-26-49,330.256,,True,True,918.745,935.256
25004,10A,BRP1_25004_Obs10A_EDITED.txt,posture,605.0,629.311,24.311,recline back,BRP1_25004_REC101112_2025-10-01-09-26-49,330.256,,True,True,935.256,959.567
25004,10A,BRP1_25004_Obs10A_EDITED.txt,posture,629.311,634.0,4.689,sit,BRP1_25004_REC101112_2025-10-01-09-26-49,330.256,,True,True,959.567,964.256
25004,10A,BRP1_25004_Obs10A_EDITED.txt,posture,634.0,645.0,11.0,sit,BRP1_25004_REC101112_2025-10-01-09-26-49,330.256,,True,True,964.256,975.256
25004,10A,BRP1_25004_Obs10A_EDITED.txt,posture,645.0,653.0,8.0,sit,BRP1_25004_REC101112_2025-10-01-09-26-49,330.256,,True,True,975.256,983.256
25004,10A,BRP1_25004_Obs10A_EDITED.txt,posture,653.0,659.0,6.0,sit,BRP1_25004_REC101112_2025-10-01-09-26-49,330.256,,True,True,983.256,989.256
25004,10A,BRP1_25004_Obs10A_EDITED.txt,posture,659.0,669.23,10.23,sit,BRP1_25004_REC101112_2025-10-01-09-26-49,330.256,,True,True,989.256,999.486
25004,10A,BRP1_25004_Obs10A_EDITED.txt,posture,669.23,779.563,110.333,recline back,BRP1_25004_REC101112_2025-10-01-09-26-49,330.256,,True,True,999.486,1109.819
25004,10A,BRP1_25004_Obs10A_EDITED.txt,posture,779.563,802.53,22.967,on back,BRP1_25004_REC101112_2025-10-01-09-26-49,330.256,,True,True,1109.819,1132.786
25004,10A,BRP1_25004_Obs10A_EDITED.txt,posture,802.53,803.88,1.35,stand,BRP1_25004_REC101112_2025-10-01-09-26-49,330.256,,True,True,1132.786,1134.136
25004,10A,BRP1_25004_Obs10A_EDITED.txt,posture,803.88,812.612,8.732,sit,BRP1_25004_REC101112_2025-10-01-09-26-49,330.256,,True,True,1134.136,1142.868
25004,10A,BRP1_25004_Obs10A_EDITED.txt,posture,812.612,1635.429,822.817,stand,BRP1_25004_REC101112_2025-10-01-09-26-49,330.256,,True,True,1142.868,1965.685
25004,10A,BRP1_25004_Obs10A_EDITED.txt,posture,1635.429,1646.809,11.38,sit,BRP1_25004_REC101112_2025-10-01-09-26-49,330.256,,True,True,1965.685,1977.065
25004,10A,BRP1_25004_Obs10A_EDITED.txt,posture,1646.809,2403.0,756.191,recline back,BRP1_25004_REC101112_2025-10-01-09-26-49,330.256,,True,True,1977.065,2733.256
25004,10A,BRP1_25004_Obs10A_EDITED.txt,posture,2403.0,2419.0,16.0,recline back,BRP1_25004_REC101112_2025-10-01-09-26-49,330.256,,True,True,2733.256,2749.256
25004,10A,BRP1_25004_Obs10A_EDITED.txt,posture,2419.0,2819.479,400.479,on stomach,BRP1_25004_REC101112_2025-10-01-09-26-49,330.256,,True,True,2749.256,3149.7349999999997
25004,10A,BRP1_25004_Obs10A_EDITED.txt,posture,2819.479,2840.371,20.892,stand,BRP1_25004_REC101112_2025-10-01-09-26-49,330.256,,True,True,3149.7349999999997,3170.627
25004,10A,BRP1_25004_Obs10A_EDITED.txt,posture,2840.371,2843.558,3.187,sit,BRP1_25004_REC101112_2025-10-01-09-26-49,330.256,,True,True,3170.627,3173.814
25004,10A,BRP1_25004_Obs10A_EDITED.txt,posture,2843.558,3265.875,422.317,recline back,BRP1_25004_REC101112_2025-10-01-09-26-49,330.256,,True,True,3173.814,3596.131
25004,10A,BRP1_25004_Obs10A_EDITED.txt,posture,3265.875,3284.0,18.125,sit,BRP1_25004_REC101112_2025-10-01-09-26-49,330.256,,True,True,3596.131,3614.256
25004,10A,BRP1_25004_Obs10A_EDITED.txt,posture,3284.0,3381.0,97.0,sit,BRP1_25004_REC101112_2025-10-01-09-26-49,330.256,,True,True,3614.256,3711.256
25004,10A,BRP1_25004_Obs10A_EDITED.txt,posture,3381.0,3406.158,25.158,sit,BRP1_25004_REC101112_2025-10-01-09-26-49,330.256,,True,True,3711.256,3736.4139999999998
25004,10A,BRP1_25004_Obs10A_EDITED.txt,posture,3406.158,3611.0,204.842,stand,BRP1_25004_REC101112_2025-10-01-09-26-49,330.256,,True,True,3736.4139999999998,3941.256
25004,11A,BRP1_25004_Obs11A_EDITED.txt,posture,0.0,143.306,143.306,sit,BRP1_25004_REC101112_2025-10-03-09-29-15,218.337,,True,True,218.337,361.64300000000003
25004,11A,BRP1_25004_Obs11A_EDITED.txt,posture,143.306,150.746,7.44,recline back,BRP1_25004_REC101112_2025-10-03-09-29-15,218.337,,True,True,361.64300000000003,369.08299999999997
25004,11A,BRP1_25004_Obs11A_EDITED.txt,posture,150.746,247.049,96.303,on side,BRP1_25004_REC101112_2025-10-03-09-29-15,218.337,,True,True,369.08299999999997,465.38599999999997
25004,11A,BRP1_25004_Obs11A_EDITED.txt,posture,247.049,593.0,345.951,on stomach,BRP1_25004_REC101112_2025-10-03-09-29-15,218.337,,True,True,465.38599999999997,811.337
25004,11A,BRP1_25004_Obs11A_EDITED.txt,posture,593.0,2217.0,1624.0,stand,BRP1_25004_REC101112_2025-10-03-09-29-15,218.337,,True,True,811.337,2435.337
25004,11A,BRP1_25004_Obs11A_EDITED.txt,posture,2217.0,2223.0,6.0,on stomach,BRP1_25004_REC101112_2025-10-03-09-29-15,218.337,,True,True,2435.337,2441.337
25004,11A,BRP1_25004_Obs11A_EDITED.txt,posture,2223.0,2442.0,219.0,sit,BRP1_25004_REC101112_2025-10-03-09-29-15,218.337,,True,True,2441.337,2660.337
25004,11A,BRP1_25004_Obs11A_EDITED.txt,posture,2442.0,2446.0,4.0,sit,BRP1_25004_REC101112_2025-10-03-09-29-15,218.337,,True,True,2660.337,2664.337
25004,11A,BRP1_25004_Obs11A_EDITED.txt,posture,2446.0,2579.0,133.0,sit,BRP1_25004_REC101112_2025-10-03-09-29-15,218.337,,True,True,2664.337,2797.337
25004,11A,BRP1_25004_Obs11A_EDITED.txt,posture,2579.0,2590.0,11.0,sit,BRP1_25004_REC101112_2025-10-03-09-29-15,218.337,,True,True,2797.337,2808.337
25004,11A,BRP1_25004_Obs11A_EDITED.txt,posture,2590.0,2611.61,21.61,sit,BRP1_25004_REC101112_2025-10-03-09-29-15,218.337,,True,True,2808.337,2829.947
25004,11A,BRP1_25004_Obs11A_EDITED.txt,posture,2611.61,2879.0,267.39,recline back,BRP1_25004_REC101112_2025-10-03-09-29-15,218.337,,True,True,2829.947,3097.337
25004,11A,BRP1_25004_Obs11A_EDITED.txt,posture,2879.0,3617.0,738.0,on stomach,BRP1_25004_REC101112_2025-10-03-09-29-15,218.337,,True,True,3097.337,3835.337
25004,12A,BRP1_25004_Obs12A_EDITED.txt,posture,0.0,66.028,66.028,on stomach,BRP1_25004_REC101112_2025-10-08-09-28-09,392.592,,True,True,392.592,458.62
25004,12A,BRP1_25004_Obs12A_EDITED.txt,posture,66.028,72.599,6.571,crawl,BRP1_25004_REC101112_2025-10-08-09-28-09,392.592,,True,True,458.62,465.191
25004,12A,BRP1_25004_Obs12A_EDITED.txt,posture,72.599,100.0,27.401,on stomach,BRP1_25004_REC101112_2025-10-08-09-28-09,392.592,,True,True,465.191,492.592
25004,12A,BRP1_25004_Obs12A_EDITED.txt,posture,100.0,107.0,7.0,crawl,BRP1_25004_REC101112_2025-10-08-09-28-09,392.592,,True,True,492.592,499.592
25004,12A,BRP1_25004_Obs12A_EDITED.txt,posture,107.0,323.0,216.0,on stomach,BRP1_25004_REC101112_2025-10-08-09-28-09,392.592,,True,True,499.592,715.592
25004,12A,BRP1_25004_Obs12A_EDITED.txt,posture,323.0,351.0,28.0,crawl,BRP1_25004_REC101112_2025-10-08-09-28-09,392.592,,True,True,715.592,743.592
25004,12A,BRP1_25004_Obs12A_EDITED.txt,posture,351.0,617.0,266.0,on stomach,BRP1_25004_REC101112_2025-10-08-09-28-09,392.592,,True,True,743.592,1009.592
25004,12A,BRP1_25004_Obs12A_EDITED.txt,posture,617.0,619.77,2.77,crawl,BRP1_25004_REC101112_2025-10-08-09-28-09,392.592,,True,True,1009.592,1012.362
25004,12A,BRP1_25004_Obs12A_EDITED.txt,posture,619.77,625.0,5.23,stand,BRP1_25004_REC101112_2025-10-08-09-28-09,392.592,,True,True,1012.362,1017.592
25004,12A,BRP1_25004_Obs12A_EDITED.txt,posture,625.0,1082.0,457.0,on stomach,BRP1_25004_REC101112_2025-10-08-09-28-09,392.592,,True,True,1017.592,1474.592
25004,12A,BRP1_25004_Obs12A_EDITED.txt,posture,1082.0,1129.574,47.574,stand,BRP1_25004_REC101112_2025-10-08-09-28-09,392.592,,True,True,1474.592,1522.1660000000002
25004,12A,BRP1_25004_Obs12A_EDITED.txt,posture,1129.574,1136.026,6.452,sit,BRP1_25004_REC101112_2025-10-08-09-28-09,392.592,,True,True,1522.1660000000002,1528.618
25004,12A,BRP1_25004_Obs12A_EDITED.txt,posture,1136.026,1864.0,727.974,recline back,BRP1_25004_REC101112_2025-10-08-09-28-09,392.592,,True,True,1528.618,2256.592
25004,12A,BRP1_25004_Obs12A_EDITED.txt,posture,1864.0,1885.0,21.0,sit,BRP1_25004_REC101112_2025-10-08-09-28-09,392.592,,True,True,2256.592,2277.592
25004,12A,BRP1_25004_Obs12A_EDITED.txt,posture,1885.0,1892.0,7.0,sit,BRP1_25004_REC101112_2025-10-08-09-28-09,392.592,,True,True,2277.592,2284.592
25004,12A,BRP1_25004_Obs12A_EDITED.txt,posture,1892.0,1902.0,10.0,sit,BRP1_25004_REC101112_2025-10-08-09-28-09,392.592,,True,True,2284.592,2294.592
25004,12A,BRP1_25004_Obs12A_EDITED.txt,posture,1902.0,1916.0,14.0,sit,BRP1_25004_REC101112_2025-10-08-09-28-09,392.592,,True,True,2294.592,2308.592
25004,12A,BRP1_25004_Obs12A_EDITED.txt,posture,1916.0,1927.0,11.0,sit,BRP1_25004_REC101112_2025-10-08-09-28-09,392.592,,True,True,2308.592,2319.592
25004,12A,BRP1_25004_Obs12A_EDITED.txt,posture,1927.0,2049.0,122.0,recline back,BRP1_25004_REC101112_2025-10-08-09-28-09,392.592,,True,True,2319.592,2441.592
25004,12A,BRP1_25004_Obs12A_EDITED.txt,posture,2049.0,2057.0,8.0,stand,BRP1_25004_REC101112_2025-10-08-09-28-09,392.592,,True,True,2441.592,2449.592
25004,12A,BRP1_25004_Obs12A_EDITED.txt,posture,2057.0,2394.0,337.0,stand,BRP1_25004_REC101112_2025-10-08-09-28-09,392.592,,True,True,2449.592,2786.592
25004,12A,BRP1_25004_Obs12A_EDITED.txt,posture,2394.0,2479.0,85.0,stand,BRP1_25004_REC101112_2025-10-08-09-28-09,392.592,,True,True,2786.592,2871.592
25004,12A,BRP1_25004_Obs12A_EDITED.txt,posture,2479.0,2519.0,40.0,stand,BRP1_25004_REC101112_2025-10-08-09-28-09,392.592,,True,True,2871.592,2911.592
25004,12A,BRP1_25004_Obs12A_EDITED.txt,posture,2519.0,2654.0,135.0,stand,BRP1_25004_REC101112_2025-10-08-09-28-09,392.592,,True,True,2911.592,3046.592
25004,12A,BRP1_25004_Obs12A_EDITED.txt,posture,2654.0,2659.0,5.0,stand,BRP1_25004_REC101112_2025-10-08-09-28-09,392.592,,True,True,3046.592,3051.592
25004,12A,BRP1_25004_Obs12A_EDITED.txt,posture,2659.0,2707.0,48.0,stand,BRP1_25004_REC101112_2025-10-08-09-28-09,392.592,,True,True,3051.592,3099.592
25004,12A,BRP1_25004_Obs12A_EDITED.txt,posture,2707.0,2720.0,13.0,stand,BRP1_25004_REC101112_2025-10-08-09-28-09,392.592,,True,True,3099.592,3112.592
25004,12A,BRP1_25004_Obs12A_EDITED.txt,posture,2720.0,2722.0,2.0,recline back,BRP1_25004_REC101112_2025-10-08-09-28-09,392.592,,True,True,3112.592,3114.592
25004,12A,BRP1_25004_Obs12A_EDITED.txt,posture,2722.0,2749.0,27.0,stand,BRP1_25004_REC101112_2025-10-08-09-28-09,392.592,,True,True,3114.592,3141.592
25004,12A,BRP1_25004_Obs12A_EDITED.txt,posture,2749.0,2764.0,15.0,stand,BRP1_25004_REC101112_2025-10-08-09-28-09,392.592,,True,True,3141.592,3156.592
25004,12A,BRP1_25004_Obs12A_EDITED.txt,posture,2764.0,2797.0,33.0,stand,BRP1_25004_REC101112_2025-10-08-09-28-09,392.592,,True,True,3156.592,3189.592
25004,12A,BRP1_25004_Obs12A_EDITED.txt,posture,2797.0,2817.0,20.0,stand,BRP1_25004_REC101112_2025-10-08-09-28-09,392.592,,True,True,3189.592,3209.592
25004,12A,BRP1_25004_Obs12A_EDITED.txt,posture,2817.0,2828.0,11.0,stand,BRP1_25004_REC101112_2025-10-08-09-28-09,392.592,,True,True,3209.592,3220.592
25004,12A,BRP1_25004_Obs12A_EDITED.txt,posture,2828.0,2837.0,9.0,stand,BRP1_25004_REC101112_2025-10-08-09-28-09,392.592,,True,True,3220.592,3229.592
25004,12A,BRP1_25004_Obs12A_EDITED.txt,posture,2837.0,2897.0,60.0,stand,BRP1_25004_REC101112_2025-10-08-09-28-09,392.592,,True,True,3229.592,3289.592
25004,12A,BRP1_25004_Obs12A_EDITED.txt,posture,2897.0,2906.0,9.0,stand,BRP1_25004_REC101112_2025-10-08-09-28-09,392.592,,True,True,3289.592,3298.592
25004,12A,BRP1_25004_Obs12A_EDITED.txt,posture,2906.0,2954.0,48.0,stand,BRP1_25004_REC101112_2025-10-08-09-28-09,392.592,,True,True,3298.592,3346.592
25004,12A,BRP1_25004_Obs12A_EDITED.txt,posture,2954.0,2990.0,36.0,recline forward,BRP1_25004_REC101112_2025-10-08-09-28-09,392.592,,True,True,3346.592,3382.592
25004,12A,BRP1_25004_Obs12A_EDITED.txt,posture,2990.0,3004.0,14.0,stand,BRP1_25004_REC101112_2025-10-08-09-28-09,392.592,,True,True,3382.592,3396.592
25004,12A,BRP1_25004_Obs12A_EDITED.txt,posture,3004.0,3087.0,83.0,stand,BRP1_25004_REC101112_2025-10-08-09-28-09,392.592,,True,True,3396.592,3479.592
25004,12A,BRP1_25004_Obs12A_EDITED.txt,posture,3087.0,3114.0,27.0,stand,BRP1_25004_REC101112_2025-10-08-09-28-09,392.592,,True,True,3479.592,3506.592
25004,12A,BRP1_25004_Obs12A_EDITED.txt,posture,3114.0,3139.0,25.0,stand,BRP1_25004_REC101112_2025-10-08-09-28-09,392.592,,True,True,3506.592,3531.592
25004,12A,BRP1_25004_Obs12A_EDITED.txt,posture,3139.0,3172.0,33.0,stand,BRP1_25004_REC101112_2025-10-08-09-28-09,392.592,,True,True,3531.592,3564.592
25004,12A,BRP1_25004_Obs12A_EDITED.txt,posture,3172.0,3188.0,16.0,stand,BRP1_25004_REC101112_2025-10-08-09-28-09,392.592,,True,True,3564.592,3580.592
25004,12A,BRP1_25004_Obs12A_EDITED.txt,posture,3188.0,3225.0,37.0,stand,BRP1_25004_REC101112_2025-10-08-09-28-09,392.592,,True,True,3580.592,3617.592
25004,12A,BRP1_25004_Obs12A_EDITED.txt,posture,3225.0,3242.0,17.0,stand,BRP1_25004_REC101112_2025-10-08-09-28-09,392.592,,True,True,3617.592,3634.592
25004,12A,BRP1_25004_Obs12A_EDITED.txt,posture,3242.0,3252.0,10.0,stand,BRP1_25004_REC101112_2025-10-08-09-28-09,392.592,,True,True,3634.592,3644.592
25004,12A,BRP1_25004_Obs12A_EDITED.txt,posture,3252.0,3266.0,14.0,stand,BRP1_25004_REC101112_2025-10-08-09-28-09,392.592,,True,True,3644.592,3658.592
25004,12A,BRP1_25004_Obs12A_EDITED.txt,posture,3266.0,3271.0,5.0,stand,BRP1_25004_REC101112_2025-10-08-09-28-09,392.592,,True,True,3658.592,3663.592
25004,12A,BRP1_25004_Obs12A_EDITED.txt,posture,3271.0,3377.0,106.0,stand,BRP1_25004_REC101112_2025-10-08-09-28-09,392.592,,True,True,3663.592,3769.592
25004,12A,BRP1_25004_Obs12A_EDITED.txt,posture,3377.0,3425.0,48.0,stand,BRP1_25004_REC101112_2025-10-08-09-28-09,392.592,,True,True,3769.592,3817.592
25004,12A,BRP1_25004_Obs12A_EDITED.txt,posture,3425.0,3435.0,10.0,stand,BRP1_25004_REC101112_2025-10-08-09-28-09,392.592,,True,True,3817.592,3827.592
25004,12A,BRP1_25004_Obs12A_EDITED.txt,posture,3435.0,3447.0,12.0,stand,BRP1_25004_REC101112_2025-10-08-09-28-09,392.592,,True,True,3827.592,3839.592
25004,12A,BRP1_25004_Obs12A_EDITED.txt,posture,3447.0,3466.0,19.0,stand,BRP1_25004_REC101112_2025-10-08-09-28-09,392.592,,True,True,3839.592,3858.592
25004,12A,BRP1_25004_Obs12A_EDITED.txt,posture,3466.0,3492.0,26.0,stand,BRP1_25004_REC101112_2025-10-08-09-28-09,392.592,,True,True,3858.592,3884.592
25004,12A,BRP1_25004_Obs12A_EDITED.txt,posture,3492.0,3507.0,15.0,stand,BRP1_25004_REC101112_2025-10-08-09-28-09,392.592,,True,True,3884.592,3899.592
25004,12A,BRP1_25004_Obs12A_EDITED.txt,posture,3507.0,3531.0,24.0,stand,BRP1_25004_REC101112_2025-10-08-09-28-09,392.592,,True,True,3899.592,3923.592
25004,12A,BRP1_25004_Obs12A_EDITED.txt,posture,3531.0,3543.0,12.0,stand,BRP1_25004_REC101112_2025-10-08-09-28-09,392.592,,True,True,3923.592,3935.592
25004,12A,BRP1_25004_Obs12A_EDITED.txt,posture,3543.0,3575.0,32.0,stand,BRP1_25004_REC101112_2025-10-08-09-28-09,392.592,,True,True,3935.592,3967.592
25004,12A,BRP1_25004_Obs12A_EDITED.txt,posture,3575.0,3588.0,13.0,stand,BRP1_25004_REC101112_2025-10-08-09-28-09,392.592,,True,True,3967.592,3980.592
25004,12A,BRP1_25004_Obs12A_EDITED.txt,posture,3588.0,3626.0,38.0,stand,BRP1_25004_REC101112_2025-10-08-09-28-09,392.592,,True,True,3980.592,4018.592
25004,13A,BRP1_25004_Obs13A_EDITED.txt,posture,0.0,26.0,26.0,sit,BRP1_25004_REC1314_2025-10-15-09-29-04,251.84,,True,True,251.84,277.84000000000003
25004,13A,BRP1_25004_Obs13A_EDITED.txt,posture,26.0,163.98,137.98,crawl,BRP1_25004_REC1314_2025-10-15-09-29-04,251.84,,True,True,277.84000000000003,415.82
25004,13A,BRP1_25004_Obs13A_EDITED.txt,posture,163.98,168.03,4.05,sit,BRP1_25004_REC1314_2025-10-15-09-29-04,251.84,,True,True,415.82,419.87
25004,13A,BRP1_25004_Obs13A_EDITED.txt,posture,168.03,176.5,8.47,crawl,BRP1_25004_REC1314_2025-10-15-09-29-04,251.84,,True,True,419.87,428.34000000000003
25004,13A,BRP1_25004_Obs13A_EDITED.txt,posture,176.5,188.0,11.5,sit,BRP1_25004_REC1314_2025-10-15-09-29-04,251.84,,True,True,428.34000000000003,439.84000000000003
25004,13A,BRP1_25004_Obs13A_EDITED.txt,posture,188.0,197.0,9.0,crawl,BRP1_25004_REC1314_2025-10-15-09-29-04,251.84,,True,True,439.84000000000003,448.84000000000003
25004,13A,BRP1_25004_Obs13A_EDITED.txt,posture,197.0,203.0,6.0,sit,BRP1_25004_REC1314_2025-10-15-09-29-04,251.84,,True,True,448.84000000000003,454.84000000000003
25004,13A,BRP1_25004_Obs13A_EDITED.txt,posture,203.0,219.0,16.0,crawl,BRP1_25004_REC1314_2025-10-15-09-29-04,251.84,,True,True,454.84000000000003,470.84000000000003
25004,13A,BRP1_25004_Obs13A_EDITED.txt,posture,219.0,235.5,16.5,sit,BRP1_25004_REC1314_2025-10-15-09-29-04,251.84,,True,True,470.84000000000003,487.34000000000003
25004,13A,BRP1_25004_Obs13A_EDITED.txt,posture,235.5,275.0,39.5,crawl,BRP1_25004_REC1314_2025-10-15-09-29-04,251.84,,True,True,487.34000000000003,526.84
25004,13A,BRP1_25004_Obs13A_EDITED.txt,posture,275.0,312.0,37.0,sit,BRP1_25004_REC1314_2025-10-15-09-29-04,251.84,,True,True,526.84,563.84
25004,13A,BRP1_25004_Obs13A_EDITED.txt,posture,312.0,320.0,8.0,crawl,BRP1_25004_REC1314_2025-10-15-09-29-04,251.84,,True,True,563.84,571.84
25004,13A,BRP1_25004_Obs13A_EDITED.txt,posture,320.0,348.0,28.0,on stomach,BRP1_25004_REC1314_2025-10-15-09-29-04,251.84,,True,True,571.84,599.84
25004,13A,BRP1_25004_Obs13A_EDITED.txt,posture,348.0,360.0,12.0,crawl,BRP1_25004_REC1314_2025-10-15-09-29-04,251.84,,True,True,599.84,611.84
25004,13A,BRP1_25004_Obs13A_EDITED.txt,posture,360.0,526.0,166.0,on stomach,BRP1_25004_REC1314_2025-10-15-09-29-04,251.84,,True,True,611.84,777.84
25004,13A,BRP1_25004_Obs13A_EDITED.txt,posture,526.0,529.0,3.0,crawl,BRP1_25004_REC1314_2025-10-15-09-29-04,251.84,,True,True,777.84,780.84
25004,13A,BRP1_25004_Obs13A_EDITED.txt,posture,529.0,822.0,293.0,on stomach,BRP1_25004_REC1314_2025-10-15-09-29-04,251.84,,True,True,780.84,1073.84
25004,13A,BRP1_25004_Obs13A_EDITED.txt,posture,822.0,872.0,50.0,crawl,BRP1_25004_REC1314_2025-10-15-09-29-04,251.84,,True,True,1073.84,1123.84
25004,13A,BRP1_25004_Obs13A_EDITED.txt,posture,872.0,1085.0,213.0,sit,BRP1_25004_REC1314_2025-10-15-09-29-04,251.84,,True,True,1123.84,1336.84
25004,13A,BRP1_25004_Obs13A_EDITED.txt,posture,1085.0,1305.0,220.0,stand,BRP1_25004_REC1314_2025-10-15-09-29-04,251.84,,True,True,1336.84,1556.84
25004,13A,BRP1_25004_Obs13A_EDITED.txt,posture,1305.0,1324.0,19.0,sit,BRP1_25004_REC1314_2025-10-15-09-29-04,251.84,,True,True,1556.84,1575.84
25004,13A,BRP1_25004_Obs13A_EDITED.txt,posture,1324.0,1351.0,27.0,crawl,BRP1_25004_REC1314_2025-10-15-09-29-04,251.84,,True,True,1575.84,1602.84
25004,13A,BRP1_25004_Obs13A_EDITED.txt,posture,1351.0,1357.04,6.04,sit,BRP1_25004_REC1314_2025-10-15-09-29-04,251.84,,True,True,1602.84,1608.8799999999999
25004,13A,BRP1_25004_Obs13A_EDITED.txt,posture,1357.04,1361.51,4.47,stand,BRP1_25004_REC1314_2025-10-15-09-29-04,251.84,,True,True,1608.8799999999999,1613.35
25004,13A,BRP1_25004_Obs13A_EDITED.txt,posture,1361.51,1367.0,5.49,sit,BRP1_25004_REC1314_2025-10-15-09-29-04,251.84,,True,True,1613.35,1618.84
25004,13A,BRP1_25004_Obs13A_EDITED.txt,posture,1367.0,1372.01,5.01,recline back,BRP1_25004_REC1314_2025-10-15-09-29-04,251.84,,True,True,1618.84,1623.85
25004,13A,BRP1_25004_Obs13A_EDITED.txt,posture,1372.01,1588.0,215.99,sit,BRP1_25004_REC1314_2025-10-15-09-29-04,251.84,,True,True,1623.85,1839.84
25004,13A,BRP1_25004_Obs13A_EDITED.txt,posture,1588.0,1730.0,142.0,sit,BRP1_25004_REC1314_2025-10-15-09-29-04,251.84,,True,True,1839.84,1981.84
25004,13A,BRP1_25004_Obs13A_EDITED.txt,posture,1730.0,1769.0,39.0,crawl,BRP1_25004_REC1314_2025-10-15-09-29-04,251.84,,True,True,1981.84,2020.84
25004,13A,BRP1_25004_Obs13A_EDITED.txt,posture,1769.0,1793.0,24.0,sit,BRP1_25004_REC1314_2025-10-15-09-29-04,251.84,,True,True,2020.84,2044.84
25004,13A,BRP1_25004_Obs13A_EDITED.txt,posture,1793.0,1797.0,4.0,crawl,BRP1_25004_REC1314_2025-10-15-09-29-04,251.84,,True,True,2044.84,2048.84
25004,13A,BRP1_25004_Obs13A_EDITED.txt,posture,1797.0,1807.0,10.0,sit,BRP1_25004_REC1314_2025-10-15-09-29-04,251.84,,True,True,2048.84,2058.84
25004,13A,BRP1_25004_Obs13A_EDITED.txt,posture,1807.0,1821.0,14.0,crawl,BRP1_25004_REC1314_2025-10-15-09-29-04,251.84,,True,True,2058.84,2072.84
25004,13A,BRP1_25004_Obs13A_EDITED.txt,posture,1821.0,1885.95,64.95,sit,BRP1_25004_REC1314_2025-10-15-09-29-04,251.84,,True,True,2072.84,2137.79
25004,13A,BRP1_25004_Obs13A_EDITED.txt,posture,1885.95,1890.97,5.02,crawl,BRP1_25004_REC1314_2025-10-15-09-29-04,251.84,,True,True,2137.79,2142.81
25004,13A,BRP1_25004_Obs13A_EDITED.txt,posture,1890.97,2168.54,277.57,sit,BRP1_25004_REC1314_2025-10-15-09-29-04,251.84,,True,True,2142.81,2420.38
25004,13A,BRP1_25004_Obs13A_EDITED.txt,posture,2168.54,2172.52,3.98,crawl,BRP1_25004_REC1314_2025-10-15-09-29-04,251.84,,True,True,2420.38,2424.36
25004,13A,BRP1_25004_Obs13A_EDITED.txt,posture,2172.52,2967.0,794.48,sit,BRP1_25004_REC1314_2025-10-15-09-29-04,251.84,,True,True,2424.36,3218.84
25004,13A,BRP1_25004_Obs13A_EDITED.txt,posture,2967.0,2975.0,8.0,sit,BRP1_25004_REC1314_2025-10-15-09-29-04,251.84,,True,True,3218.84,3226.84
25004,13A,BRP1_25004_Obs13A_EDITED.txt,posture,2975.0,2984.0,9.0,sit,BRP1_25004_REC1314_2025-10-15-09-29-04,251.84,,True,True,3226.84,3235.84
25004,13A,BRP1_25004_Obs13A_EDITED.txt,posture,2984.0,2991.0,7.0,sit,BRP1_25004_REC1314_2025-10-15-09-29-04,251.84,,True,True,3235.84,3242.84
25004,13A,BRP1_25004_Obs13A_EDITED.txt,posture,2991.0,3013.0,22.0,sit,BRP1_25004_REC1314_2025-10-15-09-29-04,251.84,,True,True,3242.84,3264.84
25004,13A,BRP1_25004_Obs13A_EDITED.txt,posture,3013.0,3021.0,8.0,sit,BRP1_25004_REC1314_2025-10-15-09-29-04,251.84,,True,True,3264.84,3272.84
25004,13A,BRP1_25004_Obs13A_EDITED.txt,posture,3021.0,3023.0,2.0,sit,BRP1_25004_REC1314_2025-10-15-09-29-04,251.84,,True,True,3272.84,3274.84
25004,13A,BRP1_25004_Obs13A_EDITED.txt,posture,3023.0,3029.0,6.0,sit,BRP1_25004_REC1314_2025-10-15-09-29-04,251.84,,True,True,3274.84,3280.84
25004,13A,BRP1_25004_Obs13A_EDITED.txt,posture,3029.0,3036.0,7.0,sit,BRP1_25004_REC1314_2025-10-15-09-29-04,251.84,,True,True,3280.84,3287.84
25004,13A,BRP1_25004_Obs13A_EDITED.txt,posture,3036.0,3042.0,6.0,sit,BRP1_25004_REC1314_2025-10-15-09-29-04,251.84,,True,True,3287.84,3293.84
25004,13A,BRP1_25004_Obs13A_EDITED.txt,posture,3042.0,3080.0,38.0,crawl,BRP1_25004_REC1314_2025-10-15-09-29-04,251.84,,True,True,3293.84,3331.84
25004,13A,BRP1_25004_Obs13A_EDITED.txt,posture,3080.0,3090.0,10.0,on stomach,BRP1_25004_REC1314_2025-10-15-09-29-04,251.84,,True,True,3331.84,3341.84
25004,13A,BRP1_25004_Obs13A_EDITED.txt,posture,3090.0,3098.0,8.0,crawl,BRP1_25004_REC1314_2025-10-15-09-29-04,251.84,,True,True,3341.84,3349.84
25004,13A,BRP1_25004_Obs13A_EDITED.txt,posture,3098.0,3109.0,11.0,sit,BRP1_25004_REC1314_2025-10-15-09-29-04,251.84,,True,True,3349.84,3360.84
25004,13A,BRP1_25004_Obs13A_EDITED.txt,posture,3109.0,3116.0,7.0,crawl,BRP1_25004_REC1314_2025-10-15-09-29-04,251.84,,True,True,3360.84,3367.84
25004,13A,BRP1_25004_Obs13A_EDITED.txt,posture,3116.0,3205.0,89.0,sit,BRP1_25004_REC1314_2025-10-15-09-29-04,251.84,,True,True,3367.84,3456.84
25004,13A,BRP1_25004_Obs13A_EDITED.txt,posture,3205.0,3221.0,16.0,crawl,BRP1_25004_REC1314_2025-10-15-09-29-04,251.84,,True,True,3456.84,3472.84
25004,13A,BRP1_25004_Obs13A_EDITED.txt,posture,3221.0,3254.0,33.0,sit,BRP1_25004_REC1314_2025-10-15-09-29-04,251.84,,True,True,3472.84,3505.84
25004,13A,BRP1_25004_Obs13A_EDITED.txt,posture,3254.0,3259.0,5.0,sit,BRP1_25004_REC1314_2025-10-15-09-29-04,251.84,,True,True,3505.84,3510.84
25004,13A,BRP1_25004_Obs13A_EDITED.txt,posture,3259.0,3275.0,16.0,crawl,BRP1_25004_REC1314_2025-10-15-09-29-04,251.84,,True,True,3510.84,3526.84
25004,13A,BRP1_25004_Obs13A_EDITED.txt,posture,3275.0,3318.5,43.5,on stomach,BRP1_25004_REC1314_2025-10-15-09-29-04,251.84,,True,True,3526.84,3570.34
25004,13A,BRP1_25004_Obs13A_EDITED.txt,posture,3318.5,3324.0,5.5,crawl,BRP1_25004_REC1314_2025-10-15-09-29-04,251.84,,True,True,3570.34,3575.84
25004,13A,BRP1_25004_Obs13A_EDITED.txt,posture,3324.0,3358.0,34.0,on stomach,BRP1_25004_REC1314_2025-10-15-09-29-04,251.84,,True,True,3575.84,3609.84
25004,14A,BRP1_25004_Obs14A_EDITED.txt,posture,0.0,58.0,58.0,sit,BRP1_25004_REC1314_2025-10-17-09-31-08,321.362,,True,True,321.362,379.362
25004,14A,BRP1_25004_Obs14A_EDITED.txt,posture,58.0,64.0,6.0,sit,BRP1_25004_REC1314_2025-10-17-09-31-08,321.362,,True,True,379.362,385.362
25004,14A,BRP1_25004_Obs14A_EDITED.txt,posture,64.0,110.0,46.0,sit,BRP1_25004_REC1314_2025-10-17-09-31-08,321.362,,True,True,385.362,431.362
25004,14A,BRP1_25004_Obs14A_EDITED.txt,posture,110.0,113.0,3.0,crawl,BRP1_25004_REC1314_2025-10-17-09-31-08,321.362,,True,True,431.362,434.362
25004,14A,BRP1_25004_Obs14A_EDITED.txt,posture,113.0,116.0,3.0,crawl,BRP1_25004_REC1314_2025-10-17-09-31-08,321.362,,True,True,434.362,437.362
25004,14A,BRP1_25004_Obs14A_EDITED.txt,posture,116.0,152.0,36.0,sit,BRP1_25004_REC1314_2025-10-17-09-31-08,321.362,,True,True,437.362,473.362
25004,14A,BRP1_25004_Obs14A_EDITED.txt,posture,152.0,172.0,20.0,sit,BRP1_25004_REC1314_2025-10-17-09-31-08,321.362,,True,True,473.362,493.362
25004,14A,BRP1_25004_Obs14A_EDITED.txt,posture,172.0,194.0,22.0,sit,BRP1_25004_REC1314_2025-10-17-09-31-08,321.362,,True,True,493.362,515.3620000000001
25004,14A,BRP1_25004_Obs14A_EDITED.txt,posture,194.0,202.0,8.0,sit,BRP1_25004_REC1314_2025-10-17-09-31-08,321.362,,True,True,515.3620000000001,523.3620000000001
25004,14A,BRP1_25004_Obs14A_EDITED.txt,posture,202.0,208.0,6.0,sit,BRP1_25004_REC1314_2025-10-17-09-31-08,321.362,,True,True,523.3620000000001,529.3620000000001
25004,14A,BRP1_25004_Obs14A_EDITED.txt,posture,208.0,229.0,21.0,sit,BRP1_25004_REC1314_2025-10-17-09-31-08,321.362,,True,True,529.3620000000001,550.3620000000001
25004,14A,BRP1_25004_Obs14A_EDITED.txt,posture,229.0,246.0,17.0,sit,BRP1_25004_REC1314_2025-10-17-09-31-08,321.362,,True,True,550.3620000000001,567.3620000000001
25004,14A,BRP1_25004_Obs14A_EDITED.txt,posture,246.0,248.0,2.0,crawl,BRP1_25004_REC1314_2025-10-17-09-31-08,321.362,,True,True,567.3620000000001,569.3620000000001
25004,14A,BRP1_25004_Obs14A_EDITED.txt,posture,248.0,265.0,17.0,sit,BRP1_25004_REC1314_2025-10-17-09-31-08,321.362,,True,True,569.3620000000001,586.3620000000001
25004,14A,BRP1_25004_Obs14A_EDITED.txt,posture,265.0,293.0,28.0,sit,BRP1_25004_REC1314_2025-10-17-09-31-08,321.362,,True,True,586.3620000000001,614.3620000000001
25004,14A,BRP1_25004_Obs14A_EDITED.txt,posture,293.0,298.0,5.0,sit,BRP1_25004_REC1314_2025-10-17-09-31-08,321.362,,True,True,614.3620000000001,619.3620000000001
25004,14A,BRP1_25004_Obs14A_EDITED.txt,posture,298.0,333.0,35.0,sit,BRP1_25004_REC1314_2025-10-17-09-31-08,321.362,,True,True,619.3620000000001,654.3620000000001
25004,14A,BRP1_25004_Obs14A_EDITED.txt,posture,333.0,338.0,5.0,sit,BRP1_25004_REC1314_2025-10-17-09-31-08,321.362,,True,True,654.3620000000001,659.3620000000001
25004,14A,BRP1_25004_Obs14A_EDITED.txt,posture,338.0,374.0,36.0,sit,BRP1_25004_REC1314_2025-10-17-09-31-08,321.362,,True,True,659.3620000000001,695.3620000000001
25004,14A,BRP1_25004_Obs14A_EDITED.txt,posture,374.0,377.0,3.0,sit,BRP1_25004_REC1314_2025-10-17-09-31-08,321.362,,True,True,695.3620000000001,698.3620000000001
25004,14A,BRP1_25004_Obs14A_EDITED.txt,posture,377.0,394.0,17.0,crawl,BRP1_25004_REC1314_2025-10-17-09-31-08,321.362,,True,True,698.3620000000001,715.3620000000001
25004,14A,BRP1_25004_Obs14A_EDITED.txt,posture,394.0,411.0,17.0,sit,BRP1_25004_REC1314_2025-10-17-09-31-08,321.362,,True,True,715.3620000000001,732.3620000000001
25004,14A,BRP1_25004_Obs14A_EDITED.txt,posture,411.0,426.0,15.0,crawl,BRP1_25004_REC1314_2025-10-17-09-31-08,321.362,,True,True,732.3620000000001,747.3620000000001
25004,14A,BRP1_25004_Obs14A_EDITED.txt,posture,426.0,435.0,9.0,sit,BRP1_25004_REC1314_2025-10-17-09-31-08,321.362,,True,True,747.3620000000001,756.3620000000001
25004,14A,BRP1_25004_Obs14A_EDITED.txt,posture,435.0,438.0,3.0,sit,BRP1_25004_REC1314_2025-10-17-09-31-08,321.362,,True,True,756.3620000000001,759.3620000000001
25004,14A,BRP1_25004_Obs14A_EDITED.txt,posture,438.0,476.0,38.0,sit,BRP1_25004_REC1314_2025-10-17-09-31-08,321.362,,True,True,759.3620000000001,797.3620000000001
25004,14A,BRP1_25004_Obs14A_EDITED.txt,posture,476.0,478.0,2.0,sit,BRP1_25004_REC1314_2025-10-17-09-31-08,321.362,,True,True,797.3620000000001,799.3620000000001
25004,14A,BRP1_25004_Obs14A_EDITED.txt,posture,478.0,482.0,4.0,sit,BRP1_25004_REC1314_2025-10-17-09-31-08,321.362,,True,True,799.3620000000001,803.3620000000001
25004,14A,BRP1_25004_Obs14A_EDITED.txt,posture,482.0,484.0,2.0,crawl,BRP1_25004_REC1314_2025-10-17-09-31-08,321.362,,True,True,803.3620000000001,805.3620000000001
25004,14A,BRP1_25004_Obs14A_EDITED.txt,posture,484.0,491.0,7.0,crawl,BRP1_25004_REC1314_2025-10-17-09-31-08,321.362,,True,True,805.3620000000001,812.3620000000001
25004,14A,BRP1_25004_Obs14A_EDITED.txt,posture,491.0,523.0,32.0,sit,BRP1_25004_REC1314_2025-10-17-09-31-08,321.362,,True,True,812.3620000000001,844.3620000000001
25004,14A,BRP1_25004_Obs14A_EDITED.txt,posture,523.0,532.0,9.0,sit,BRP1_25004_REC1314_2025-10-17-09-31-08,321.362,,True,True,844.3620000000001,853.3620000000001
25004,14A,BRP1_25004_Obs14A_EDITED.txt,posture,532.0,547.0,15.0,crawl,BRP1_25004_REC1314_2025-10-17-09-31-08,321.362,,True,True,853.3620000000001,868.3620000000001
25004,14A,BRP1_25004_Obs14A_EDITED.txt,posture,547.0,565.0,18.0,crawl,BRP1_25004_REC1314_2025-10-17-09-31-08,321.362,,True,True,868.3620000000001,886.3620000000001
25004,14A,BRP1_25004_Obs14A_EDITED.txt,posture,565.0,603.0,38.0,sit,BRP1_25004_REC1314_2025-10-17-09-31-08,321.362,,True,True,886.3620000000001,924.3620000000001
25004,14A,BRP1_25004_Obs14A_EDITED.txt,posture,603.0,607.0,4.0,sit,BRP1_25004_REC1314_2025-10-17-09-31-08,321.362,,True,True,924.3620000000001,928.3620000000001
25004,14A,BRP1_25004_Obs14A_EDITED.txt,posture,607.0,609.0,2.0,sit,BRP1_25004_REC1314_2025-10-17-09-31-08,321.362,,True,True,928.3620000000001,930.3620000000001
25004,14A,BRP1_25004_Obs14A_EDITED.txt,posture,609.0,624.0,15.0,sit,BRP1_25004_REC1314_2025-10-17-09-31-08,321.362,,True,True,930.3620000000001,945.3620000000001
25004,14A,BRP1_25004_Obs14A_EDITED.txt,posture,624.0,647.0,23.0,sit,BRP1_25004_REC1314_2025-10-17-09-31-08,321.362,,True,True,945.3620000000001,968.3620000000001
25004,14A,BRP1_25004_Obs14A_EDITED.txt,posture,647.0,654.0,7.0,sit,BRP1_25004_REC1314_2025-10-17-09-31-08,321.362,,True,True,968.3620000000001,975.3620000000001
25004,14A,BRP1_25004_Obs14A_EDITED.txt,posture,654.0,656.0,2.0,crawl,BRP1_25004_REC1314_2025-10-17-09-31-08,321.362,,True,True,975.3620000000001,977.3620000000001
25004,14A,BRP1_25004_Obs14A_EDITED.txt,posture,656.0,667.0,11.0,crawl,BRP1_25004_REC1314_2025-10-17-09-31-08,321.362,,True,True,977.3620000000001,988.3620000000001
25004,14A,BRP1_25004_Obs14A_EDITED.txt,posture,667.0,686.0,19.0,sit,BRP1_25004_REC1314_2025-10-17-09-31-08,321.362,,True,True,988.3620000000001,1007.3620000000001
25004,14A,BRP1_25004_Obs14A_EDITED.txt,posture,686.0,690.0,4.0,sit,BRP1_25004_REC1314_2025-10-17-09-31-08,321.362,,True,True,1007.3620000000001,1011.3620000000001
25004,14A,BRP1_25004_Obs14A_EDITED.txt,posture,690.0,705.0,15.0,sit,BRP1_25004_REC1314_2025-10-17-09-31-08,321.362,,True,True,1011.3620000000001,1026.362
25004,14A,BRP1_25004_Obs14A_EDITED.txt,posture,705.0,745.0,40.0,crawl,BRP1_25004_REC1314_2025-10-17-09-31-08,321.362,,True,True,1026.362,1066.362
25004,14A,BRP1_25004_Obs14A_EDITED.txt,posture,745.0,761.0,16.0,on stomach,BRP1_25004_REC1314_2025-10-17-09-31-08,321.362,,True,True,1066.362,1082.362
25004,14A,BRP1_25004_Obs14A_EDITED.txt,posture,761.0,764.0,3.0,sit,BRP1_25004_REC1314_2025-10-17-09-31-08,321.362,,True,True,1082.362,1085.362
25004,14A,BRP1_25004_Obs14A_EDITED.txt,posture,764.0,855.0,91.0,sit,BRP1_25004_REC1314_2025-10-17-09-31-08,321.362,,True,True,1085.362,1176.362
25004,14A,BRP1_25004_Obs14A_EDITED.txt,posture,855.0,861.0,6.0,crawl,BRP1_25004_REC1314_2025-10-17-09-31-08,321.362,,True,True,1176.362,1182.362
25004,14A,BRP1_25004_Obs14A_EDITED.txt,posture,861.0,877.0,16.0,sit,BRP1_25004_REC1314_2025-10-17-09-31-08,321.362,,True,True,1182.362,1198.362
25004,14A,BRP1_25004_Obs14A_EDITED.txt,posture,877.0,882.0,5.0,crawl,BRP1_25004_REC1314_2025-10-17-09-31-08,321.362,,True,True,1198.362,1203.362
25004,14A,BRP1_25004_Obs14A_EDITED.txt,posture,882.0,897.0,15.0,sit,BRP1_25004_REC1314_2025-10-17-09-31-08,321.362,,True,True,1203.362,1218.362
25004,14A,BRP1_25004_Obs14A_EDITED.txt,posture,897.0,909.0,12.0,crawl,BRP1_25004_REC1314_2025-10-17-09-31-08,321.362,,True,True,1218.362,1230.362
25004,14A,BRP1_25004_Obs14A_EDITED.txt,posture,909.0,918.0,9.0,on stomach,BRP1_25004_REC1314_2025-10-17-09-31-08,321.362,,True,True,1230.362,1239.362
25004,14A,BRP1_25004_Obs14A_EDITED.txt,posture,918.0,921.0,3.0,sit,BRP1_25004_REC1314_2025-10-17-09-31-08,321.362,,True,True,1239.362,1242.362
25004,14A,BRP1_25004_Obs14A_EDITED.txt,posture,921.0,929.0,8.0,sit,BRP1_25004_REC1314_2025-10-17-09-31-08,321.362,,True,True,1242.362,1250.362
25004,14A,BRP1_25004_Obs14A_EDITED.txt,posture,929.0,935.0,6.0,sit,BRP1_25004_REC1314_2025-10-17-09-31-08,321.362,,True,True,1250.362,1256.362
25004,14A,BRP1_25004_Obs14A_EDITED.txt,posture,935.0,941.0,6.0,sit,BRP1_25004_REC1314_2025-10-17-09-31-08,321.362,,True,True,1256.362,1262.362
25004,14A,BRP1_25004_Obs14A_EDITED.txt,posture,941.0,945.0,4.0,sit,BRP1_25004_REC1314_2025-10-17-09-31-08,321.362,,True,True,1262.362,1266.362
25004,14A,BRP1_25004_Obs14A_EDITED.txt,posture,945.0,949.0,4.0,sit,BRP1_25004_REC1314_2025-10-17-09-31-08,321.362,,True,True,1266.362,1270.362
25004,14A,BRP1_25004_Obs14A_EDITED.txt,posture,949.0,955.0,6.0,sit,BRP1_25004_REC1314_2025-10-17-09-31-08,321.362,,True,True,1270.362,1276.362
25004,14A,BRP1_25004_Obs14A_EDITED.txt,posture,955.0,958.0,3.0,sit,BRP1_25004_REC1314_2025-10-17-09-31-08,321.362,,True,True,1276.362,1279.362
25004,14A,BRP1_25004_Obs14A_EDITED.txt,posture,958.0,966.0,8.0,sit,BRP1_25004_REC1314_2025-10-17-09-31-08,321.362,,True,True,1279.362,1287.362
25004,14A,BRP1_25004_Obs14A_EDITED.txt,posture,966.0,974.0,8.0,sit,BRP1_25004_REC1314_2025-10-17-09-31-08,321.362,,True,True,1287.362,1295.362
25004,14A,BRP1_25004_Obs14A_EDITED.txt,posture,974.0,1001.0,27.0,sit,BRP1_25004_REC1314_2025-10-17-09-31-08,321.362,,True,True,1295.362,1322.362
25004,14A,BRP1_25004_Obs14A_EDITED.txt,posture,1001.0,1019.0,18.0,crawl,BRP1_25004_REC1314_2025-10-17-09-31-08,321.362,,True,True,1322.362,1340.362
25004,14A,BRP1_25004_Obs14A_EDITED.txt,posture,1019.0,1031.0,12.0,sit,BRP1_25004_REC1314_2025-10-17-09-31-08,321.362,,True,True,1340.362,1352.362
25004,14A,BRP1_25004_Obs14A_EDITED.txt,posture,1031.0,1037.0,6.0,crawl,BRP1_25004_REC1314_2025-10-17-09-31-08,321.362,,True,True,1352.362,1358.362
25004,14A,BRP1_25004_Obs14A_EDITED.txt,posture,1037.0,1050.0,13.0,sit,BRP1_25004_REC1314_2025-10-17-09-31-08,321.362,,True,True,1358.362,1371.362
25004,14A,BRP1_25004_Obs14A_EDITED.txt,posture,1050.0,1056.0,6.0,crawl,BRP1_25004_REC1314_2025-10-17-09-31-08,321.362,,True,True,1371.362,1377.362
25004,14A,BRP1_25004_Obs14A_EDITED.txt,posture,1056.0,1072.0,16.0,sit,BRP1_25004_REC1314_2025-10-17-09-31-08,321.362,,True,True,1377.362,1393.362
25004,14A,BRP1_25004_Obs14A_EDITED.txt,posture,1072.0,1076.0,4.0,sit,BRP1_25004_REC1314_2025-10-17-09-31-08,321.362,,True,True,1393.362,1397.362
25004,14A,BRP1_25004_Obs14A_EDITED.txt,posture,1076.0,1082.0,6.0,sit,BRP1_25004_REC1314_2025-10-17-09-31-08,321.362,,True,True,1397.362,1403.362
25004,14A,BRP1_25004_Obs14A_EDITED.txt,posture,1082.0,1092.0,10.0,sit,BRP1_25004_REC1314_2025-10-17-09-31-08,321.362,,True,True,1403.362,1413.362
25004,14A,BRP1_25004_Obs14A_EDITED.txt,posture,1092.0,1117.0,25.0,crawl,BRP1_25004_REC1314_2025-10-17-09-31-08,321.362,,True,True,1413.362,1438.362
25004,14A,BRP1_25004_Obs14A_EDITED.txt,posture,1117.0,1122.0,5.0,on stomach,BRP1_25004_REC1314_2025-10-17-09-31-08,321.362,,True,True,1438.362,1443.362
25004,14A,BRP1_25004_Obs14A_EDITED.txt,posture,1122.0,1143.0,21.0,sit,BRP1_25004_REC1314_2025-10-17-09-31-08,321.362,,True,True,1443.362,1464.362
25004,14A,BRP1_25004_Obs14A_EDITED.txt,posture,1143.0,1155.0,12.0,crawl,BRP1_25004_REC1314_2025-10-17-09-31-08,321.362,,True,True,1464.362,1476.362
25004,14A,BRP1_25004_Obs14A_EDITED.txt,posture,1155.0,1176.0,21.0,sit,BRP1_25004_REC1314_2025-10-17-09-31-08,321.362,,True,True,1476.362,1497.362
25004,14A,BRP1_25004_Obs14A_EDITED.txt,posture,1176.0,1180.0,4.0,sit,BRP1_25004_REC1314_2025-10-17-09-31-08,321.362,,True,True,1497.362,1501.362
25004,14A,BRP1_25004_Obs14A_EDITED.txt,posture,1180.0,1190.0,10.0,crawl,BRP1_25004_REC1314_2025-10-17-09-31-08,321.362,,True,True,1501.362,1511.362
25004,14A,BRP1_25004_Obs14A_EDITED.txt,posture,1190.0,1195.0,5.0,crawl,BRP1_25004_REC1314_2025-10-17-09-31-08,321.362,,True,True,1511.362,1516.362
25004,14A,BRP1_25004_Obs14A_EDITED.txt,posture,1195.0,1203.0,8.0,sit,BRP1_25004_REC1314_2025-10-17-09-31-08,321.362,,True,True,1516.362,1524.362
25004,14A,BRP1_25004_Obs14A_EDITED.txt,posture,1203.0,1206.0,3.0,crawl,BRP1_25004_REC1314_2025-10-17-09-31-08,321.362,,True,True,1524.362,1527.362
25004,14A,BRP1_25004_Obs14A_EDITED.txt,posture,1206.0,1228.0,22.0,sit,BRP1_25004_REC1314_2025-10-17-09-31-08,321.362,,True,True,1527.362,1549.362
25004,14A,BRP1_25004_Obs14A_EDITED.txt,posture,1228.0,1256.0,28.0,crawl,BRP1_25004_REC1314_2025-10-17-09-31-08,321.362,,True,True,1549.362,1577.362
25004,14A,BRP1_25004_Obs14A_EDITED.txt,posture,1256.0,1272.0,16.0,crawl,BRP1_25004_REC1314_2025-10-17-09-31-08,321.362,,True,True,1577.362,1593.362
25004,14A,BRP1_25004_Obs14A_EDITED.txt,posture,1272.0,1282.0,10.0,sit,BRP1_25004_REC1314_2025-10-17-09-31-08,321.362,,True,True,1593.362,1603.362
25004,14A,BRP1_25004_Obs14A_EDITED.txt,posture,1282.0,1287.0,5.0,sit,BRP1_25004_REC1314_2025-10-17-09-31-08,321.362,,True,True,1603.362,1608.362
25004,14A,BRP1_25004_Obs14A_EDITED.txt,posture,1287.0,1293.0,6.0,sit,BRP1_25004_REC1314_2025-10-17-09-31-08,321.362,,True,True,1608.362,1614.362
25004,14A,BRP1_25004_Obs14A_EDITED.txt,posture,1293.0,1311.0,18.0,crawl,BRP1_25004_REC1314_2025-10-17-09-31-08,321.362,,True,True,1614.362,1632.362
25004,14A,BRP1_25004_Obs14A_EDITED.txt,posture,1311.0,1317.0,6.0,on stomach,BRP1_25004_REC1314_2025-10-17-09-31-08,321.362,,True,True,1632.362,1638.362
25004,14A,BRP1_25004_Obs14A_EDITED.txt,posture,1317.0,1320.0,3.0,crawl,BRP1_25004_REC1314_2025-10-17-09-31-08,321.362,,True,True,1638.362,1641.362
25004,14A,BRP1_25004_Obs14A_EDITED.txt,posture,1320.0,1350.0,30.0,sit,BRP1_25004_REC1314_2025-10-17-09-31-08,321.362,,True,True,1641.362,1671.362
25004,14A,BRP1_25004_Obs14A_EDITED.txt,posture,1350.0,1352.0,2.0,sit,BRP1_25004_REC1314_2025-10-17-09-31-08,321.362,,True,True,1671.362,1673.362
25004,14A,BRP1_25004_Obs14A_EDITED.txt,posture,1352.0,1361.0,9.0,sit,BRP1_25004_REC1314_2025-10-17-09-31-08,321.362,,True,True,1673.362,1682.362
25004,14A,BRP1_25004_Obs14A_EDITED.txt,posture,1361.0,1370.0,9.0,sit,BRP1_25004_REC1314_2025-10-17-09-31-08,321.362,,True,True,1682.362,1691.362
25004,14A,BRP1_25004_Obs14A_EDITED.txt,posture,1370.0,1379.0,9.0,crawl,BRP1_25004_REC1314_2025-10-17-09-31-08,321.362,,True,True,1691.362,1700.362
25004,14A,BRP1_25004_Obs14A_EDITED.txt,posture,1379.0,1415.0,36.0,on stomach,BRP1_25004_REC1314_2025-10-17-09-31-08,321.362,,True,True,1700.362,1736.362
25004,14A,BRP1_25004_Obs14A_EDITED.txt,posture,1415.0,1422.0,7.0,crawl,BRP1_25004_REC1314_2025-10-17-09-31-08,321.362,,True,True,1736.362,1743.362
25004,14A,BRP1_25004_Obs14A_EDITED.txt,posture,1422.0,1468.0,46.0,sit,BRP1_25004_REC1314_2025-10-17-09-31-08,321.362,,True,True,1743.362,1789.362
25004,14A,BRP1_25004_Obs14A_EDITED.txt,posture,1468.0,1470.0,2.0,crawl,BRP1_25004_REC1314_2025-10-17-09-31-08,321.362,,True,True,1789.362,1791.362
25004,14A,BRP1_25004_Obs14A_EDITED.txt,posture,1470.0,1475.0,5.0,crawl,BRP1_25004_REC1314_2025-10-17-09-31-08,321.362,,True,True,1791.362,1796.362
25004,14A,BRP1_25004_Obs14A_EDITED.txt,posture,1475.0,1479.0,4.0,sit,BRP1_25004_REC1314_2025-10-17-09-31-08,321.362,,True,True,1796.362,1800.362
25004,14A,BRP1_25004_Obs14A_EDITED.txt,posture,1479.0,1494.0,15.0,crawl,BRP1_25004_REC1314_2025-10-17-09-31-08,321.362,,True,True,1800.362,1815.362
25004,14A,BRP1_25004_Obs14A_EDITED.txt,posture,1494.0,1504.0,10.0,sit,BRP1_25004_REC1314_2025-10-17-09-31-08,321.362,,True,True,1815.362,1825.362
25004,14A,BRP1_25004_Obs14A_EDITED.txt,posture,1504.0,1512.0,8.0,crawl,BRP1_25004_REC1314_2025-10-17-09-31-08,321.362,,True,True,1825.362,1833.362
25004,14A,BRP1_25004_Obs14A_EDITED.txt,posture,1512.0,1520.0,8.0,sit,BRP1_25004_REC1314_2025-10-17-09-31-08,321.362,,True,True,1833.362,1841.362
25004,14A,BRP1_25004_Obs14A_EDITED.txt,posture,1520.0,1532.0,12.0,crawl,BRP1_25004_REC1314_2025-10-17-09-31-08,321.362,,True,True,1841.362,1853.362
25004,14A,BRP1_25004_Obs14A_EDITED.txt,posture,1532.0,1536.0,4.0,on stomach,BRP1_25004_REC1314_2025-10-17-09-31-08,321.362,,True,True,1853.362,1857.362
25004,14A,BRP1_25004_Obs14A_EDITED.txt,posture,1536.0,1545.0,9.0,crawl,BRP1_25004_REC1314_2025-10-17-09-31-08,321.362,,True,True,1857.362,1866.362
25004,14A,BRP1_25004_Obs14A_EDITED.txt,posture,1545.0,1551.0,6.0,sit,BRP1_25004_REC1314_2025-10-17-09-31-08,321.362,,True,True,1866.362,1872.362
25004,14A,BRP1_25004_Obs14A_EDITED.txt,posture,1551.0,1567.0,16.0,crawl,BRP1_25004_REC1314_2025-10-17-09-31-08,321.362,,True,True,1872.362,1888.362
25004,14A,BRP1_25004_Obs14A_EDITED.txt,posture,1567.0,1578.0,11.0,sit,BRP1_25004_REC1314_2025-10-17-09-31-08,321.362,,True,True,1888.362,1899.362
25004,14A,BRP1_25004_Obs14A_EDITED.txt,posture,1578.0,1582.0,4.0,crawl,BRP1_25004_REC1314_2025-10-17-09-31-08,321.362,,True,True,1899.362,1903.362
25004,14A,BRP1_25004_Obs14A_EDITED.txt,posture,1582.0,1594.0,12.0,sit,BRP1_25004_REC1314_2025-10-17-09-31-08,321.362,,True,True,1903.362,1915.362
25004,14A,BRP1_25004_Obs14A_EDITED.txt,posture,1594.0,1617.0,23.0,stand,BRP1_25004_REC1314_2025-10-17-09-31-08,321.362,,True,True,1915.362,1938.362
25004,14A,BRP1_25004_Obs14A_EDITED.txt,posture,1617.0,1827.0,210.0,stand,BRP1_25004_REC1314_2025-10-17-09-31-08,321.362,,True,True,1938.362,2148.362
25004,14A,BRP1_25004_Obs14A_EDITED.txt,posture,1827.0,2057.0,230.0,sit,BRP1_25004_REC1314_2025-10-17-09-31-08,321.362,,True,True,2148.362,2378.362
25004,14A,BRP1_25004_Obs14A_EDITED.txt,posture,2057.0,2068.0,11.0,sit,BRP1_25004_REC1314_2025-10-17-09-31-08,321.362,,True,True,2378.362,2389.362
25004,14A,BRP1_25004_Obs14A_EDITED.txt,posture,2068.0,2131.0,63.0,sit,BRP1_25004_REC1314_2025-10-17-09-31-08,321.362,,True,True,2389.362,2452.362
25004,14A,BRP1_25004_Obs14A_EDITED.txt,posture,2131.0,2134.0,3.0,sit,BRP1_25004_REC1314_2025-10-17-09-31-08,321.362,,True,True,2452.362,2455.362
25004,14A,BRP1_25004_Obs14A_EDITED.txt,posture,2134.0,2202.0,68.0,sit,BRP1_25004_REC1314_2025-10-17-09-31-08,321.362,,True,True,2455.362,2523.362
25004,14A,BRP1_25004_Obs14A_EDITED.txt,posture,2202.0,2214.0,12.0,sit,BRP1_25004_REC1314_2025-10-17-09-31-08,321.362,,True,True,2523.362,2535.362
25004,14A,BRP1_25004_Obs14A_EDITED.txt,posture,2214.0,2255.0,41.0,sit,BRP1_25004_REC1314_2025-10-17-09-31-08,321.362,,True,True,2535.362,2576.362
25004,14A,BRP1_25004_Obs14A_EDITED.txt,posture,2255.0,2266.0,11.0,sit,BRP1_25004_REC1314_2025-10-17-09-31-08,321.362,,True,True,2576.362,2587.362
25004,14A,BRP1_25004_Obs14A_EDITED.txt,posture,2266.0,2270.0,4.0,crawl,BRP1_25004_REC1314_2025-10-17-09-31-08,321.362,,True,True,2587.362,2591.362
25004,14A,BRP1_25004_Obs14A_EDITED.txt,posture,2270.0,2293.0,23.0,sit,BRP1_25004_REC1314_2025-10-17-09-31-08,321.362,,True,True,2591.362,2614.362
25004,14A,BRP1_25004_Obs14A_EDITED.txt,posture,2293.0,2296.0,3.0,sit,BRP1_25004_REC1314_2025-10-17-09-31-08,321.362,,True,True,2614.362,2617.362
25004,14A,BRP1_25004_Obs14A_EDITED.txt,posture,2296.0,2314.0,18.0,sit,BRP1_25004_REC1314_2025-10-17-09-31-08,321.362,,True,True,2617.362,2635.362
25004,14A,BRP1_25004_Obs14A_EDITED.txt,posture,2314.0,2328.0,14.0,sit,BRP1_25004_REC1314_2025-10-17-09-31-08,321.362,,True,True,2635.362,2649.362
25004,14A,BRP1_25004_Obs14A_EDITED.txt,posture,2328.0,2332.0,4.0,crawl,BRP1_25004_REC1314_2025-10-17-09-31-08,321.362,,True,True,2649.362,2653.362
25004,14A,BRP1_25004_Obs14A_EDITED.txt,posture,2332.0,2404.0,72.0,sit,BRP1_25004_REC1314_2025-10-17-09-31-08,321.362,,True,True,2653.362,2725.362
25004,14A,BRP1_25004_Obs14A_EDITED.txt,posture,2404.0,2413.0,9.0,sit,BRP1_25004_REC1314_2025-10-17-09-31-08,321.362,,True,True,2725.362,2734.362
25004,14A,BRP1_25004_Obs14A_EDITED.txt,posture,2413.0,2427.0,14.0,sit,BRP1_25004_REC1314_2025-10-17-09-31-08,321.362,,True,True,2734.362,2748.362
25004,14A,BRP1_25004_Obs14A_EDITED.txt,posture,2427.0,2430.0,3.0,sit,BRP1_25004_REC1314_2025-10-17-09-31-08,321.362,,True,True,2748.362,2751.362
25004,14A,BRP1_25004_Obs14A_EDITED.txt,posture,2430.0,2433.0,3.0,sit,BRP1_25004_REC1314_2025-10-17-09-31-08,321.362,,True,True,2751.362,2754.362
25004,14A,BRP1_25004_Obs14A_EDITED.txt,posture,2433.0,2439.0,6.0,sit,BRP1_25004_REC1314_2025-10-17-09-31-08,321.362,,True,True,2754.362,2760.362
25004,14A,BRP1_25004_Obs14A_EDITED.txt,posture,2439.0,2446.0,7.0,crawl,BRP1_25004_REC1314_2025-10-17-09-31-08,321.362,,True,True,2760.362,2767.362
25004,14A,BRP1_25004_Obs14A_EDITED.txt,posture,2446.0,2507.0,61.0,sit,BRP1_25004_REC1314_2025-10-17-09-31-08,321.362,,True,True,2767.362,2828.362
25004,14A,BRP1_25004_Obs14A_EDITED.txt,posture,2507.0,2512.0,5.0,sit,BRP1_25004_REC1314_2025-10-17-09-31-08,321.362,,True,True,2828.362,2833.362
25004,14A,BRP1_25004_Obs14A_EDITED.txt,posture,2512.0,2519.0,7.0,sit,BRP1_25004_REC1314_2025-10-17-09-31-08,321.362,,True,True,2833.362,2840.362
25004,14A,BRP1_25004_Obs14A_EDITED.txt,posture,2519.0,2556.0,37.0,sit,BRP1_25004_REC1314_2025-10-17-09-31-08,321.362,,True,True,2840.362,2877.362
25004,14A,BRP1_25004_Obs14A_EDITED.txt,posture,2556.0,2559.0,3.0,sit,BRP1_25004_REC1314_2025-10-17-09-31-08,321.362,,True,True,2877.362,2880.362
25004,14A,BRP1_25004_Obs14A_EDITED.txt,posture,2559.0,2622.0,63.0,sit,BRP1_25004_REC1314_2025-10-17-09-31-08,321.362,,True,True,2880.362,2943.362
25004,14A,BRP1_25004_Obs14A_EDITED.txt,posture,2622.0,2627.0,5.0,sit,BRP1_25004_REC1314_2025-10-17-09-31-08,321.362,,True,True,2943.362,2948.362
25004,14A,BRP1_25004_Obs14A_EDITED.txt,posture,2627.0,2687.0,60.0,sit,BRP1_25004_REC1314_2025-10-17-09-31-08,321.362,,True,True,2948.362,3008.362
25004,14A,BRP1_25004_Obs14A_EDITED.txt,posture,2687.0,2694.0,7.0,crawl,BRP1_25004_REC1314_2025-10-17-09-31-08,321.362,,True,True,3008.362,3015.362
25004,14A,BRP1_25004_Obs14A_EDITED.txt,posture,2694.0,2753.0,59.0,sit,BRP1_25004_REC1314_2025-10-17-09-31-08,321.362,,True,True,3015.362,3074.362
25004,14A,BRP1_25004_Obs14A_EDITED.txt,posture,2753.0,2759.0,6.0,crawl,BRP1_25004_REC1314_2025-10-17-09-31-08,321.362,,True,True,3074.362,3080.362
25004,14A,BRP1_25004_Obs14A_EDITED.txt,posture,2759.0,2773.0,14.0,stand,BRP1_25004_REC1314_2025-10-17-09-31-08,321.362,,True,True,3080.362,3094.362
25004,14A,BRP1_25004_Obs14A_EDITED.txt,posture,2773.0,3010.0,237.0,sit,BRP1_25004_REC1314_2025-10-17-09-31-08,321.362,,True,True,3094.362,3331.362
25004,14A,BRP1_25004_Obs14A_EDITED.txt,posture,3010.0,3061.0,51.0,sit,BRP1_25004_REC1314_2025-10-17-09-31-08,321.362,,True,True,3331.362,3382.362
25004,14A,BRP1_25004_Obs14A_EDITED.txt,posture,3061.0,3064.0,3.0,sit,BRP1_25004_REC1314_2025-10-17-09-31-08,321.362,,True,True,3382.362,3385.362
25004,14A,BRP1_25004_Obs14A_EDITED.txt,posture,3064.0,3079.0,15.0,sit,BRP1_25004_REC1314_2025-10-17-09-31-08,321.362,,True,True,3385.362,3400.362
25004,14A,BRP1_25004_Obs14A_EDITED.txt,posture,3079.0,3088.0,9.0,sit,BRP1_25004_REC1314_2025-10-17-09-31-08,321.362,,True,True,3400.362,3409.362
25004,14A,BRP1_25004_Obs14A_EDITED.txt,posture,3088.0,3100.0,12.0,sit,BRP1_25004_REC1314_2025-10-17-09-31-08,321.362,,True,True,3409.362,3421.362
25004,14A,BRP1_25004_Obs14A_EDITED.txt,posture,3100.0,3110.0,10.0,sit,BRP1_25004_REC1314_2025-10-17-09-31-08,321.362,,True,True,3421.362,3431.362
25004,14A,BRP1_25004_Obs14A_EDITED.txt,posture,3110.0,3611.0,501.0,stand,BRP1_25004_REC1314_2025-10-17-09-31-08,321.362,,True,True,3431.362,3932.362
25004,1A,BRP1_25004_Obs1A_EDITED.txt,posture,0.0,688.0,688.0,stand,BRP1_25004_REC123_2025-08-15-09-04-41,823.91,,True,True,823.91,1511.9099999999999
25004,2A,BRP1_25004_Obs2A_EDITED.txt,posture,0.0,301.796,301.796,sit,BRP1_25004_REC123_2025-08-22-08-44-22,1168.011,,True,True,1168.011,1469.807
25004,2A,BRP1_25004_Obs2A_EDITED.txt,posture,301.796,305.621,3.825,recline back,BRP1_25004_REC123_2025-08-22-08-44-22,1168.011,,True,True,1469.807,1473.632
25004,2A,BRP1_25004_Obs2A_EDITED.txt,posture,305.621,316.087,10.466,sit,BRP1_25004_REC123_2025-08-22-08-44-22,1168.011,,True,True,1473.632,1484.098
25004,2A,BRP1_25004_Obs2A_EDITED.txt,posture,316.087,317.663,1.576,recline back,BRP1_25004_REC123_2025-08-22-08-44-22,1168.011,,True,True,1484.098,1485.674
25004,2A,BRP1_25004_Obs2A_EDITED.txt,posture,317.663,336.046,18.383,sit,BRP1_25004_REC123_2025-08-22-08-44-22,1168.011,,True,True,1485.674,1504.057
25004,2A,BRP1_25004_Obs2A_EDITED.txt,posture,336.046,339.07,3.024,recline back,BRP1_25004_REC123_2025-08-22-08-44-22,1168.011,,True,True,1504.057,1507.081
25004,2A,BRP1_25004_Obs2A_EDITED.txt,posture,339.07,348.25,9.18,sit,BRP1_25004_REC123_2025-08-22-08-44-22,1168.011,,True,True,1507.081,1516.261
25004,2A,BRP1_25004_Obs2A_EDITED.txt,posture,348.25,364.579,16.329,recline back,BRP1_25004_REC123_2025-08-22-08-44-22,1168.011,,True,True,1516.261,1532.59
25004,2A,BRP1_25004_Obs2A_EDITED.txt,posture,364.579,411.0,46.421,sit,BRP1_25004_REC123_2025-08-22-08-44-22,1168.011,,True,True,1532.59,1579.011
25004,2A,BRP1_25004_Obs2A_EDITED.txt,posture,411.0,417.443,6.443,stand,BRP1_25004_REC123_2025-08-22-08-44-22,1168.011,,True,True,1579.011,1585.454
25004,2A,BRP1_25004_Obs2A_EDITED.txt,posture,417.443,769.0,351.557,on stomach,BRP1_25004_REC123_2025-08-22-08-44-22,1168.011,,True,True,1585.454,1937.011
25004,2A,BRP1_25004_Obs2A_EDITED.txt,posture,769.0,771.342,2.342,on back,BRP1_25004_REC123_2025-08-22-08-44-22,1168.011,,True,True,1937.011,1939.353
25004,2A,BRP1_25004_Obs2A_EDITED.txt,posture,771.342,791.317,19.975,stand,BRP1_25004_REC123_2025-08-22-08-44-22,1168.011,,True,True,1939.353,1959.328
25004,2A,BRP1_25004_Obs2A_EDITED.txt,posture,791.317,806.439,15.122,on back,BRP1_25004_REC123_2025-08-22-08-44-22,1168.011,,True,True,1959.328,1974.4499999999998
25004,2A,BRP1_25004_Obs2A_EDITED.txt,posture,806.439,1035.118,228.679,stand,BRP1_25004_REC123_2025-08-22-08-44-22,1168.011,,True,True,1974.4499999999998,2203.129
25004,2A,BRP1_25004_Obs2A_EDITED.txt,posture,1035.118,1062.0,26.882,sit,BRP1_25004_REC123_2025-08-22-08-44-22,1168.011,,True,True,2203.129,2230.011
25004,2A,BRP1_25004_Obs2A_EDITED.txt,posture,1062.0,1582.0,520.0,recline back,BRP1_25004_REC123_2025-08-22-08-44-22,1168.011,,True,True,2230.011,2750.011
25004,2A,BRP1_25004_Obs2A_EDITED.txt,posture,1582.0,1602.0,20.0,sit,BRP1_25004_REC123_2025-08-22-08-44-22,1168.011,,True,True,2750.011,2770.011
25004,2A,BRP1_25004_Obs2A_EDITED.txt,posture,1602.0,1621.0,19.0,sit,BRP1_25004_REC123_2025-08-22-08-44-22,1168.011,,True,True,2770.011,2789.011
25004,2A,BRP1_25004_Obs2A_EDITED.txt,posture,1621.0,1760.0,139.0,recline back,BRP1_25004_REC123_2025-08-22-08-44-22,1168.011,,True,True,2789.011,2928.011
25004,2A,BRP1_25004_Obs2A_EDITED.txt,posture,1760.0,1769.0,9.0,sit,BRP1_25004_REC123_2025-08-22-08-44-22,1168.011,,True,True,2928.011,2937.011
25004,2A,BRP1_25004_Obs2A_EDITED.txt,posture,1769.0,3606.0,1837.0,on stomach,BRP1_25004_REC123_2025-08-22-08-44-22,1168.011,,True,True,2937.011,4774.011
25004,3A,BRP1_25004_Obs3A_EDITED.txt,posture,0.0,173.679,173.679,on stomach,BRP1_25004_REC123_2025-08-29-08-50-21,,NO LB TONE: Find alternate way to align,True,False,,
25004,3A,BRP1_25004_Obs3A_EDITED.txt,posture,173.679,181.0,7.321,stand,BRP1_25004_REC123_2025-08-29-08-50-21,,NO LB TONE: Find alternate way to align,True,False,,
25004,3A,BRP1_25004_Obs3A_EDITED.txt,posture,181.0,3541.0,3360.0,on stomach,BRP1_25004_REC123_2025-08-29-08-50-21,,NO LB TONE: Find alternate way to align,True,False,,
25004,3A,BRP1_25004_Obs3A_EDITED.txt,posture,3541.0,3559.0,18.0,stand,BRP1_25004_REC123_2025-08-29-08-50-21,,NO LB TONE: Find alternate way to align,True,False,,
25004,3A,BRP1_25004_Obs3A_EDITED.txt,posture,3559.0,3613.0,54.0,sit,BRP1_25004_REC123_2025-08-29-08-50-21,,NO LB TONE: Find alternate way to align,True,False,,
25004,4A,BRP1_25004_Obs4A_EDITED.txt,posture,0.0,564.0,564.0,stand,BRP1_25004_REC456_2025-09-05-09-30-50,410.812,,True,True,410.812,974.812
25004,4A,BRP1_25004_Obs4A_EDITED.txt,posture,564.0,581.0,17.0,sit,BRP1_25004_REC456_2025-09-05-09-30-50,410.812,,True,True,974.812,991.812
25004,4A,BRP1_25004_Obs4A_EDITED.txt,posture,581.0,588.21,7.21,on back,BRP1_25004_REC456_2025-09-05-09-30-50,410.812,,True,True,991.812,999.022
25004,4A,BRP1_25004_Obs4A_EDITED.txt,posture,588.21,600.0,11.79,sit,BRP1_25004_REC456_2025-09-05-09-30-50,410.812,,True,True,999.022,1010.812
25004,4A,BRP1_25004_Obs4A_EDITED.txt,posture,600.0,628.0,28.0,stand,BRP1_25004_REC456_2025-09-05-09-30-50,410.812,,True,True,1010.812,1038.812
25004,4A,BRP1_25004_Obs4A_EDITED.txt,posture,628.0,3513.0,2885.0,on stomach,BRP1_25004_REC456_2025-09-05-09-30-50,410.812,,True,True,1038.812,3923.812
25004,5A,BRP1_25004_Obs5A_EDITED.txt,posture,0.0,1487.0,1487.0,recline back,BRP1_25004_REC456_2025-09-10-09-33-19,424.143,,True,True,424.143,1911.143
25004,5A,BRP1_25004_Obs5A_EDITED.txt,posture,1487.0,1550.0,63.0,stand,BRP1_25004_REC456_2025-09-10-09-33-19,424.143,,True,True,1911.143,1974.143
25004,5A,BRP1_25004_Obs5A_EDITED.txt,posture,1550.0,1605.0,55.0,sit,BRP1_25004_REC456_2025-09-10-09-33-19,424.143,,True,True,1974.143,2029.143
25004,5A,BRP1_25004_Obs5A_EDITED.txt,posture,1605.0,1614.0,9.0,sit,BRP1_25004_REC456_2025-09-10-09-33-19,424.143,,True,True,2029.143,2038.143
25004,5A,BRP1_25004_Obs5A_EDITED.txt,posture,1614.0,1632.0,18.0,sit,BRP1_25004_REC456_2025-09-10-09-33-19,424.143,,True,True,2038.143,2056.143
25004,5A,BRP1_25004_Obs5A_EDITED.txt,posture,1632.0,1635.0,3.0,sit,BRP1_25004_REC456_2025-09-10-09-33-19,424.143,,True,True,2056.143,2059.143
25004,5A,BRP1_25004_Obs5A_EDITED.txt,posture,1635.0,1654.0,19.0,sit,BRP1_25004_REC456_2025-09-10-09-33-19,424.143,,True,True,2059.143,2078.143
25004,5A,BRP1_25004_Obs5A_EDITED.txt,posture,1654.0,1663.0,9.0,sit,BRP1_25004_REC456_2025-09-10-09-33-19,424.143,,True,True,2078.143,2087.143
25004,5A,BRP1_25004_Obs5A_EDITED.txt,posture,1663.0,1683.0,20.0,sit,BRP1_25004_REC456_2025-09-10-09-33-19,424.143,,True,True,2087.143,2107.143
25004,5A,BRP1_25004_Obs5A_EDITED.txt,posture,1683.0,2019.0,336.0,on stomach,BRP1_25004_REC456_2025-09-10-09-33-19,424.143,,True,True,2107.143,2443.143
25004,5B,BRP1_25004_Obs5B_EDITED.txt,posture,0.0,1506.0,1506.0,on stomach,BRP1_25004_REC456_2025-09-10-09-33-19,2574.98,,True,True,2574.98,4080.98
25004,6A,BRP1_25004_Obs6A_EDITED.txt,posture,0.0,2147.0,2147.0,stand,BRP1_25004_REC456_2025-09-17-09-30-30,394.133,,True,True,394.133,2541.133
25004,6A,BRP1_25004_Obs6A_EDITED.txt,posture,2147.0,2261.0,114.0,on back,BRP1_25004_REC456_2025-09-17-09-30-30,394.133,,True,True,2541.133,2655.133
25004,6A,BRP1_25004_Obs6A_EDITED.txt,posture,2261.0,2275.0,14.0,stand,BRP1_25004_REC456_2025-09-17-09-30-30,394.133,,True,True,2655.133,2669.133
25004,6A,BRP1_25004_Obs6A_EDITED.txt,posture,2275.0,2864.0,589.0,sit,BRP1_25004_REC456_2025-09-17-09-30-30,394.133,,True,True,2669.133,3258.133
25004,6A,BRP1_25004_Obs6A_EDITED.txt,posture,2864.0,2885.0,21.0,recline back,BRP1_25004_REC456_2025-09-17-09-30-30,394.133,,True,True,3258.133,3279.133
25004,6A,BRP1_25004_Obs6A_EDITED.txt,posture,2885.0,3049.0,164.0,on stomach,BRP1_25004_REC456_2025-09-17-09-30-30,394.133,,True,True,3279.133,3443.133
25004,6A,BRP1_25004_Obs6A_EDITED.txt,posture,3049.0,3601.0,552.0,stand,BRP1_25004_REC456_2025-09-17-09-30-30,394.133,,True,True,3443.133,3995.133
25004,7A,BRP1_25004_Obs7A_EDITED.txt,posture,0.0,481.0,481.0,on stomach,BRP1_25004_REC789_2025-09-19-09-21-13,390.846,,True,True,390.846,871.846
25004,7A,BRP1_25004_Obs7A_EDITED.txt,posture,481.0,496.0,15.0,stand,BRP1_25004_REC789_2025-09-19-09-21-13,390.846,,True,True,871.846,886.846
25004,7A,BRP1_25004_Obs7A_EDITED.txt,posture,496.0,529.0,33.0,stand,BRP1_25004_REC789_2025-09-19-09-21-13,390.846,,True,True,886.846,919.846
25004,7A,BRP1_25004_Obs7A_EDITED.txt,posture,529.0,2188.0,1659.0,stand,BRP1_25004_REC789_2025-09-19-09-21-13,390.846,,True,True,919.846,2578.846
25004,7A,BRP1_25004_Obs7A_EDITED.txt,posture,2188.0,2327.0,139.0,sit,BRP1_25004_REC789_2025-09-19-09-21-13,390.846,,True,True,2578.846,2717.846
25004,7A,BRP1_25004_Obs7A_EDITED.txt,posture,2327.0,2345.0,18.0,stand,BRP1_25004_REC789_2025-09-19-09-21-13,390.846,,True,True,2717.846,2735.846
25004,7A,BRP1_25004_Obs7A_EDITED.txt,posture,2345.0,2357.0,12.0,sit,BRP1_25004_REC789_2025-09-19-09-21-13,390.846,,True,True,2735.846,2747.846
25004,7A,BRP1_25004_Obs7A_EDITED.txt,posture,2357.0,3058.003,701.003,sit,BRP1_25004_REC789_2025-09-19-09-21-13,390.846,,True,True,2747.846,3448.849
25004,7A,BRP1_25004_Obs7A_EDITED.txt,posture,3058.003,3084.01,26.007,recline back,BRP1_25004_REC789_2025-09-19-09-21-13,390.846,,True,True,3448.849,3474.856
25004,7A,BRP1_25004_Obs7A_EDITED.txt,posture,3084.01,3212.0,127.99,on stomach,BRP1_25004_REC789_2025-09-19-09-21-13,390.846,,True,True,3474.856,3602.846
25004,7A,BRP1_25004_Obs7A_EDITED.txt,posture,3212.0,3225.0,13.0,stand,BRP1_25004_REC789_2025-09-19-09-21-13,390.846,,True,True,3602.846,3615.846
25004,7A,BRP1_25004_Obs7A_EDITED.txt,posture,3225.0,3606.0,381.0,sit,BRP1_25004_REC789_2025-09-19-09-21-13,390.846,,True,True,3615.846,3996.846
25004,8A,BRP1_25004_Obs8A_EDITED.txt,posture,0.0,27.0,27.0,sit,BRP1_25004_REC789_2025-09-24-09-26-14,269.171,,True,True,269.171,296.171
25004,8A,BRP1_25004_Obs8A_EDITED.txt,posture,27.0,56.0,29.0,sit,BRP1_25004_REC789_2025-09-24-09-26-14,269.171,,True,True,296.171,325.171
25004,8A,BRP1_25004_Obs8A_EDITED.txt,posture,56.0,109.0,53.0,sit,BRP1_25004_REC789_2025-09-24-09-26-14,269.171,,True,True,325.171,378.171
25004,8A,BRP1_25004_Obs8A_EDITED.txt,posture,109.0,112.0,3.0,sit,BRP1_25004_REC789_2025-09-24-09-26-14,269.171,,True,True,378.171,381.171
25004,8A,BRP1_25004_Obs8A_EDITED.txt,posture,112.0,117.0,5.0,sit,BRP1_25004_REC789_2025-09-24-09-26-14,269.171,,True,True,381.171,386.171
25004,8A,BRP1_25004_Obs8A_EDITED.txt,posture,117.0,124.0,7.0,sit,BRP1_25004_REC789_2025-09-24-09-26-14,269.171,,True,True,386.171,393.171
25004,8A,BRP1_25004_Obs8A_EDITED.txt,posture,124.0,167.0,43.0,sit,BRP1_25004_REC789_2025-09-24-09-26-14,269.171,,True,True,393.171,436.171
25004,8A,BRP1_25004_Obs8A_EDITED.txt,posture,167.0,173.0,6.0,sit,BRP1_25004_REC789_2025-09-24-09-26-14,269.171,,True,True,436.171,442.171
25004,8A,BRP1_25004_Obs8A_EDITED.txt,posture,173.0,178.0,5.0,sit,BRP1_25004_REC789_2025-09-24-09-26-14,269.171,,True,True,442.171,447.171
25004,8A,BRP1_25004_Obs8A_EDITED.txt,posture,178.0,180.0,2.0,sit,BRP1_25004_REC789_2025-09-24-09-26-14,269.171,,True,True,447.171,449.171
25004,8A,BRP1_25004_Obs8A_EDITED.txt,posture,180.0,192.0,12.0,sit,BRP1_25004_REC789_2025-09-24-09-26-14,269.171,,True,True,449.171,461.171
25004,8A,BRP1_25004_Obs8A_EDITED.txt,posture,192.0,201.0,9.0,sit,BRP1_25004_REC789_2025-09-24-09-26-14,269.171,,True,True,461.171,470.171
25004,8A,BRP1_25004_Obs8A_EDITED.txt,posture,201.0,249.0,48.0,sit,BRP1_25004_REC789_2025-09-24-09-26-14,269.171,,True,True,470.171,518.171
25004,8A,BRP1_25004_Obs8A_EDITED.txt,posture,249.0,257.0,8.0,sit,BRP1_25004_REC789_2025-09-24-09-26-14,269.171,,True,True,518.171,526.171
25004,8A,BRP1_25004_Obs8A_EDITED.txt,posture,257.0,301.0,44.0,sit,BRP1_25004_REC789_2025-09-24-09-26-14,269.171,,True,True,526.171,570.171
25004,8A,BRP1_25004_Obs8A_EDITED.txt,posture,301.0,319.0,18.0,sit,BRP1_25004_REC789_2025-09-24-09-26-14,269.171,,True,True,570.171,588.171
25004,8A,BRP1_25004_Obs8A_EDITED.txt,posture,319.0,352.0,33.0,sit,BRP1_25004_REC789_2025-09-24-09-26-14,269.171,,True,True,588.171,621.171
25004,8A,BRP1_25004_Obs8A_EDITED.txt,posture,352.0,360.0,8.0,sit,BRP1_25004_REC789_2025-09-24-09-26-14,269.171,,True,True,621.171,629.171
25004,8A,BRP1_25004_Obs8A_EDITED.txt,posture,360.0,363.0,3.0,sit,BRP1_25004_REC789_2025-09-24-09-26-14,269.171,,True,True,629.171,632.171
25004,8A,BRP1_25004_Obs8A_EDITED.txt,posture,363.0,373.0,10.0,sit,BRP1_25004_REC789_2025-09-24-09-26-14,269.171,,True,True,632.171,642.171
25004,8A,BRP1_25004_Obs8A_EDITED.txt,posture,373.0,381.0,8.0,sit,BRP1_25004_REC789_2025-09-24-09-26-14,269.171,,True,True,642.171,650.171
25004,8A,BRP1_25004_Obs8A_EDITED.txt,posture,381.0,385.0,4.0,sit,BRP1_25004_REC789_2025-09-24-09-26-14,269.171,,True,True,650.171,654.171
25004,8A,BRP1_25004_Obs8A_EDITED.txt,posture,385.0,388.0,3.0,sit,BRP1_25004_REC789_2025-09-24-09-26-14,269.171,,True,True,654.171,657.171
25004,8A,BRP1_25004_Obs8A_EDITED.txt,posture,388.0,390.0,2.0,sit,BRP1_25004_REC789_2025-09-24-09-26-14,269.171,,True,True,657.171,659.171
25004,8A,BRP1_25004_Obs8A_EDITED.txt,posture,390.0,403.0,13.0,sit,BRP1_25004_REC789_2025-09-24-09-26-14,269.171,,True,True,659.171,672.171
25004,8A,BRP1_25004_Obs8A_EDITED.txt,posture,403.0,415.0,12.0,sit,BRP1_25004_REC789_2025-09-24-09-26-14,269.171,,True,True,672.171,684.171
25004,8A,BRP1_25004_Obs8A_EDITED.txt,posture,415.0,422.0,7.0,sit,BRP1_25004_REC789_2025-09-24-09-26-14,269.171,,True,True,684.171,691.171
25004,8A,BRP1_25004_Obs8A_EDITED.txt,posture,422.0,429.0,7.0,sit,BRP1_25004_REC789_2025-09-24-09-26-14,269.171,,True,True,691.171,698.171
25004,8A,BRP1_25004_Obs8A_EDITED.txt,posture,429.0,435.0,6.0,sit,BRP1_25004_REC789_2025-09-24-09-26-14,269.171,,True,True,698.171,704.171
25004,8A,BRP1_25004_Obs8A_EDITED.txt,posture,435.0,469.0,34.0,sit,BRP1_25004_REC789_2025-09-24-09-26-14,269.171,,True,True,704.171,738.171
25004,8A,BRP1_25004_Obs8A_EDITED.txt,posture,469.0,485.0,16.0,sit,BRP1_25004_REC789_2025-09-24-09-26-14,269.171,,True,True,738.171,754.171
25004,8A,BRP1_25004_Obs8A_EDITED.txt,posture,485.0,496.0,11.0,sit,BRP1_25004_REC789_2025-09-24-09-26-14,269.171,,True,True,754.171,765.171
25004,8A,BRP1_25004_Obs8A_EDITED.txt,posture,496.0,539.0,43.0,sit,BRP1_25004_REC789_2025-09-24-09-26-14,269.171,,True,True,765.171,808.171
25004,8A,BRP1_25004_Obs8A_EDITED.txt,posture,539.0,551.0,12.0,sit,BRP1_25004_REC789_2025-09-24-09-26-14,269.171,,True,True,808.171,820.171
25004,8A,BRP1_25004_Obs8A_EDITED.txt,posture,551.0,571.0,20.0,sit,BRP1_25004_REC789_2025-09-24-09-26-14,269.171,,True,True,820.171,840.171
25004,8A,BRP1_25004_Obs8A_EDITED.txt,posture,571.0,619.0,48.0,sit,BRP1_25004_REC789_2025-09-24-09-26-14,269.171,,True,True,840.171,888.171
25004,8A,BRP1_25004_Obs8A_EDITED.txt,posture,619.0,748.0,129.0,sit,BRP1_25004_REC789_2025-09-24-09-26-14,269.171,,True,True,888.171,1017.171
25004,8A,BRP1_25004_Obs8A_EDITED.txt,posture,748.0,757.0,9.0,sit,BRP1_25004_REC789_2025-09-24-09-26-14,269.171,,True,True,1017.171,1026.171
25004,8A,BRP1_25004_Obs8A_EDITED.txt,posture,757.0,882.923,125.923,sit,BRP1_25004_REC789_2025-09-24-09-26-14,269.171,,True,True,1026.171,1152.094
25004,8A,BRP1_25004_Obs8A_EDITED.txt,posture,882.923,901.0,18.077,stand,BRP1_25004_REC789_2025-09-24-09-26-14,269.171,,True,True,1152.094,1170.171
25004,8A,BRP1_25004_Obs8A_EDITED.txt,posture,901.0,1848.0,947.0,on stomach,BRP1_25004_REC789_2025-09-24-09-26-14,269.171,,True,True,1170.171,2117.171
25004,8A,BRP1_25004_Obs8A_EDITED.txt,posture,1848.0,1859.669,11.669,stand,BRP1_25004_REC789_2025-09-24-09-26-14,269.171,,True,True,2117.171,2128.84
25004,8A,BRP1_25004_Obs8A_EDITED.txt,posture,1859.669,1874.817,15.148,sit,BRP1_25004_REC789_2025-09-24-09-26-14,269.171,,True,True,2128.84,2143.988
25004,8A,BRP1_25004_Obs8A_EDITED.txt,posture,1874.817,2610.0,735.183,recline back,BRP1_25004_REC789_2025-09-24-09-26-14,269.171,,True,True,2143.988,2879.171
25004,8A,BRP1_25004_Obs8A_EDITED.txt,posture,2610.0,2632.0,22.0,recline back,BRP1_25004_REC789_2025-09-24-09-26-14,269.171,,True,True,2879.171,2901.171
25004,8A,BRP1_25004_Obs8A_EDITED.txt,posture,2632.0,3605.0,973.0,on stomach,BRP1_25004_REC789_2025-09-24-09-26-14,269.171,,True,True,2901.171,3874.171
25005,1A,BRP1_25005_Obs1A_EDITED.txt,posture,0.0,670.0,670.0,on back,BRP1_25005_REC123_2025-09-25-09-42-16,403.988,,True,True,403.988,1073.988
25005,1A,BRP1_25005_Obs1A_EDITED.txt,posture,670.0,674.0,4.0,on back,BRP1_25005_REC123_2025-09-25-09-42-16,403.988,,True,True,1073.988,1077.988
25005,1A,BRP1_25005_Obs1A_EDITED.txt,posture,674.0,832.0,158.0,on back,BRP1_25005_REC123_2025-09-25-09-42-16,403.988,,True,True,1077.988,1235.988
25005,1A,BRP1_25005_Obs1A_EDITED.txt,posture,832.0,1128.0,296.0,sit,BRP1_25005_REC123_2025-09-25-09-42-16,403.988,,True,True,1235.988,1531.988
25005,1A,BRP1_25005_Obs1A_EDITED.txt,posture,1128.0,1155.384,27.384,recline back,BRP1_25005_REC123_2025-09-25-09-42-16,403.988,,True,True,1531.988,1559.372
25005,1A,BRP1_25005_Obs1A_EDITED.txt,posture,1155.384,1166.752,11.368,sit,BRP1_25005_REC123_2025-09-25-09-42-16,403.988,,True,True,1559.372,1570.74
25005,1A,BRP1_25005_Obs1A_EDITED.txt,posture,1166.752,1178.022,11.27,recline back,BRP1_25005_REC123_2025-09-25-09-42-16,403.988,,True,True,1570.74,1582.01
25005,1A,BRP1_25005_Obs1A_EDITED.txt,posture,1178.022,1184.0,5.978,on stomach,BRP1_25005_REC123_2025-09-25-09-42-16,403.988,,True,True,1582.01,1587.988
25005,1A,BRP1_25005_Obs1A_EDITED.txt,posture,1184.0,1199.0,15.0,sit,BRP1_25005_REC123_2025-09-25-09-42-16,403.988,,True,True,1587.988,1602.988
25005,1A,BRP1_25005_Obs1A_EDITED.txt,posture,1199.0,1201.0,2.0,recline back,BRP1_25005_REC123_2025-09-25-09-42-16,403.988,,True,True,1602.988,1604.988
25005,1A,BRP1_25005_Obs1A_EDITED.txt,posture,1201.0,1240.0,39.0,sit,BRP1_25005_REC123_2025-09-25-09-42-16,403.988,,True,True,1604.988,1643.988
25005,1A,BRP1_25005_Obs1A_EDITED.txt,posture,1240.0,1276.0,36.0,on stomach,BRP1_25005_REC123_2025-09-25-09-42-16,403.988,,True,True,1643.988,1679.988
25005,1A,BRP1_25005_Obs1A_EDITED.txt,posture,1276.0,1298.0,22.0,on back,BRP1_25005_REC123_2025-09-25-09-42-16,403.988,,True,True,1679.988,1701.988
25005,1A,BRP1_25005_Obs1A_EDITED.txt,posture,1298.0,1310.0,12.0,on side,BRP1_25005_REC123_2025-09-25-09-42-16,403.988,,True,True,1701.988,1713.988
25005,1A,BRP1_25005_Obs1A_EDITED.txt,posture,1310.0,1401.0,91.0,on stomach,BRP1_25005_REC123_2025-09-25-09-42-16,403.988,,True,True,1713.988,1804.988
25005,1A,BRP1_25005_Obs1A_EDITED.txt,posture,1401.0,1422.0,21.0,on back,BRP1_25005_REC123_2025-09-25-09-42-16,403.988,,True,True,1804.988,1825.988
25005,1A,BRP1_25005_Obs1A_EDITED.txt,posture,1422.0,1464.0,42.0,stand,BRP1_25005_REC123_2025-09-25-09-42-16,403.988,,True,True,1825.988,1867.988
25005,1A,BRP1_25005_Obs1A_EDITED.txt,posture,1464.0,2120.0,656.0,on stomach,BRP1_25005_REC123_2025-09-25-09-42-16,403.988,,True,True,1867.988,2523.988
25005,1A,BRP1_25005_Obs1A_EDITED.txt,posture,2120.0,2121.0,1.0,stand,BRP1_25005_REC123_2025-09-25-09-42-16,403.988,,True,True,2523.988,2524.988
25005,1A,BRP1_25005_Obs1A_EDITED.txt,posture,2121.0,2281.0,160.0,recline back,BRP1_25005_REC123_2025-09-25-09-42-16,403.988,,True,True,2524.988,2684.988
25005,1A,BRP1_25005_Obs1A_EDITED.txt,posture,2281.0,2401.0,120.0,recline back,BRP1_25005_REC123_2025-09-25-09-42-16,403.988,,True,True,2684.988,2804.988
25005,1A,BRP1_25005_Obs1A_EDITED.txt,posture,2401.0,2432.0,31.0,recline back,BRP1_25005_REC123_2025-09-25-09-42-16,403.988,,True,True,2804.988,2835.988
25005,1A,BRP1_25005_Obs1A_EDITED.txt,posture,2432.0,2461.0,29.0,on side,BRP1_25005_REC123_2025-09-25-09-42-16,403.988,,True,True,2835.988,2864.988
25005,1A,BRP1_25005_Obs1A_EDITED.txt,posture,2461.0,2818.0,357.0,on back,BRP1_25005_REC123_2025-09-25-09-42-16,403.988,,True,True,2864.988,3221.988
25005,2A,BRP1_25005_Obs2A_EDITED.txt,posture,0.0,120.0,120.0,on back,BRP1_25005_REC123_2025-09-30-09-35-30,440.573,,True,True,440.573,560.573
25005,2A,BRP1_25005_Obs2A_EDITED.txt,posture,120.0,124.0,4.0,on side,BRP1_25005_REC123_2025-09-30-09-35-30,440.573,,True,True,560.573,564.573
25005,2A,BRP1_25005_Obs2A_EDITED.txt,posture,124.0,137.0,13.0,on back,BRP1_25005_REC123_2025-09-30-09-35-30,440.573,,True,True,564.573,577.573
25005,2A,BRP1_25005_Obs2A_EDITED.txt,posture,137.0,155.0,18.0,on side,BRP1_25005_REC123_2025-09-30-09-35-30,440.573,,True,True,577.573,595.573
25005,2A,BRP1_25005_Obs2A_EDITED.txt,posture,155.0,165.0,10.0,on back,BRP1_25005_REC123_2025-09-30-09-35-30,440.573,,True,True,595.573,605.573
25005,2A,BRP1_25005_Obs2A_EDITED.txt,posture,165.0,168.0,3.0,on side,BRP1_25005_REC123_2025-09-30-09-35-30,440.573,,True,True,605.573,608.573
25005,2A,BRP1_25005_Obs2A_EDITED.txt,posture,168.0,210.0,42.0,on back,BRP1_25005_REC123_2025-09-30-09-35-30,440.573,,True,True,608.573,650.573
25005,2A,BRP1_25005_Obs2A_EDITED.txt,posture,210.0,219.0,9.0,on side,BRP1_25005_REC123_2025-09-30-09-35-30,440.573,,True,True,650.573,659.573
25005,2A,BRP1_25005_Obs2A_EDITED.txt,posture,219.0,267.0,48.0,on back,BRP1_25005_REC123_2025-09-30-09-35-30,440.573,,True,True,659.573,707.573
25005,2A,BRP1_25005_Obs2A_EDITED.txt,posture,267.0,276.0,9.0,on side,BRP1_25005_REC123_2025-09-30-09-35-30,440.573,,True,True,707.573,716.573
25005,2A,BRP1_25005_Obs2A_EDITED.txt,posture,276.0,340.0,64.0,on back,BRP1_25005_REC123_2025-09-30-09-35-30,440.573,,True,True,716.573,780.573
25005,2A,BRP1_25005_Obs2A_EDITED.txt,posture,340.0,349.0,9.0,on side,BRP1_25005_REC123_2025-09-30-09-35-30,440.573,,True,True,780.573,789.573
25005,2A,BRP1_25005_Obs2A_EDITED.txt,posture,349.0,440.0,91.0,on stomach,BRP1_25005_REC123_2025-09-30-09-35-30,440.573,,True,True,789.573,880.573
25005,2A,BRP1_25005_Obs2A_EDITED.txt,posture,440.0,459.967,19.967,on back,BRP1_25005_REC123_2025-09-30-09-35-30,440.573,,True,True,880.573,900.54
25005,2A,BRP1_25005_Obs2A_EDITED.txt,posture,459.97,474.04,14.07,stand,BRP1_25005_REC123_2025-09-30-09-35-30,440.573,,True,True,900.543,914.613
25005,2A,BRP1_25005_Obs2A_EDITED.txt,posture,474.04,484.0,9.96,sit,BRP1_25005_REC123_2025-09-30-09-35-30,440.573,,True,True,914.613,924.573
25005,2A,BRP1_25005_Obs2A_EDITED.txt,posture,484.0,2481.0,1997.0,recline back,BRP1_25005_REC123_2025-09-30-09-35-30,440.573,,True,True,924.573,2921.573
25005,2A,BRP1_25005_Obs2A_EDITED.txt,posture,2481.0,2515.0,34.0,recline back,BRP1_25005_REC123_2025-09-30-09-35-30,440.573,,True,True,2921.573,2955.573
25005,2A,BRP1_25005_Obs2A_EDITED.txt,posture,2515.0,3603.0,1088.0,recline back,BRP1_25005_REC123_2025-09-30-09-35-30,440.573,,True,True,2955.573,4043.573
25005,3A,BRP1_25005_Obs3A_EDITED.txt,posture,0.0,261.5,261.5,on back,BRP1_25005_REC123_2025-10-03-09-31-04,373.445,,True,True,373.445,634.9449999999999
25005,3A,BRP1_25005_Obs3A_EDITED.txt,posture,261.5,270.0,8.5,on side,BRP1_25005_REC123_2025-10-03-09-31-04,373.445,,True,True,634.9449999999999,643.4449999999999
25005,3A,BRP1_25005_Obs3A_EDITED.txt,posture,270.0,331.0,61.0,on stomach,BRP1_25005_REC123_2025-10-03-09-31-04,373.445,,True,True,643.4449999999999,704.4449999999999
25005,3A,BRP1_25005_Obs3A_EDITED.txt,posture,331.0,344.0,13.0,stand,BRP1_25005_REC123_2025-10-03-09-31-04,373.445,,True,True,704.4449999999999,717.4449999999999
25005,3A,BRP1_25005_Obs3A_EDITED.txt,posture,344.0,475.0,131.0,sit,BRP1_25005_REC123_2025-10-03-09-31-04,373.445,,True,True,717.4449999999999,848.4449999999999
25005,3A,BRP1_25005_Obs3A_EDITED.txt,posture,475.0,924.0,449.0,recline back,BRP1_25005_REC123_2025-10-03-09-31-04,373.445,,True,True,848.4449999999999,1297.445
25005,3A,BRP1_25005_Obs3A_EDITED.txt,posture,924.0,931.03,7.03,on back,BRP1_25005_REC123_2025-10-03-09-31-04,373.445,,True,True,1297.445,1304.475
25005,3A,BRP1_25005_Obs3A_EDITED.txt,posture,931.03,934.04,3.01,on side,BRP1_25005_REC123_2025-10-03-09-31-04,373.445,,True,True,1304.475,1307.485
25005,3A,BRP1_25005_Obs3A_EDITED.txt,posture,934.04,2242.0,1307.96,on back,BRP1_25005_REC123_2025-10-03-09-31-04,373.445,,True,True,1307.485,2615.445
25005,3A,BRP1_25005_Obs3A_EDITED.txt,posture,2242.0,2315.0,73.0,on side,BRP1_25005_REC123_2025-10-03-09-31-04,373.445,,True,True,2615.445,2688.445
25005,3A,BRP1_25005_Obs3A_EDITED.txt,posture,2315.0,2358.0,43.0,on back,BRP1_25005_REC123_2025-10-03-09-31-04,373.445,,True,True,2688.445,2731.445
25005,3A,BRP1_25005_Obs3A_EDITED.txt,posture,2358.0,2393.0,35.0,on side,BRP1_25005_REC123_2025-10-03-09-31-04,373.445,,True,True,2731.445,2766.445
25005,3A,BRP1_25005_Obs3A_EDITED.txt,posture,2393.0,2410.0,17.0,on back,BRP1_25005_REC123_2025-10-03-09-31-04,373.445,,True,True,2766.445,2783.445
25005,3A,BRP1_25005_Obs3A_EDITED.txt,posture,2410.0,2419.0,9.0,on side,BRP1_25005_REC123_2025-10-03-09-31-04,373.445,,True,True,2783.445,2792.445
25005,3A,BRP1_25005_Obs3A_EDITED.txt,posture,2419.0,2451.02,32.02,on back,BRP1_25005_REC123_2025-10-03-09-31-04,373.445,,True,True,2792.445,2824.465
25005,3A,BRP1_25005_Obs3A_EDITED.txt,posture,2451.02,2715.0,263.98,stand,BRP1_25005_REC123_2025-10-03-09-31-04,373.445,,True,True,2824.465,3088.445
25005,3A,BRP1_25005_Obs3A_EDITED.txt,posture,2715.0,2741.0,26.0,on back,BRP1_25005_REC123_2025-10-03-09-31-04,373.445,,True,True,3088.445,3114.445
25005,3A,BRP1_25005_Obs3A_EDITED.txt,posture,2741.0,2766.0,25.0,on side,BRP1_25005_REC123_2025-10-03-09-31-04,373.445,,True,True,3114.445,3139.445
25005,3A,BRP1_25005_Obs3A_EDITED.txt,posture,2766.0,3233.34,467.34,on stomach,BRP1_25005_REC123_2025-10-03-09-31-04,373.445,,True,True,3139.445,3606.7850000000003
25005,3A,BRP1_25005_Obs3A_EDITED.txt,posture,3233.34,3235.0,1.66,on side,BRP1_25005_REC123_2025-10-03-09-31-04,373.445,,True,True,3606.7850000000003,3608.445
25005,3A,BRP1_25005_Obs3A_EDITED.txt,posture,3235.0,3252.0,17.0,on back,BRP1_25005_REC123_2025-10-03-09-31-04,373.445,,True,True,3608.445,3625.445
25005,3A,BRP1_25005_Obs3A_EDITED.txt,posture,3252.0,3258.0,6.0,on side,BRP1_25005_REC123_2025-10-03-09-31-04,373.445,,True,True,3625.445,3631.445
25005,3A,BRP1_25005_Obs3A_EDITED.txt,posture,3258.0,3280.99,22.99,on back,BRP1_25005_REC123_2025-10-03-09-31-04,373.445,,True,True,3631.445,3654.435
25005,3A,BRP1_25005_Obs3A_EDITED.txt,posture,3280.99,3288.0,7.01,on side,BRP1_25005_REC123_2025-10-03-09-31-04,373.445,,True,True,3654.435,3661.445
25005,3A,BRP1_25005_Obs3A_EDITED.txt,posture,3288.0,3416.0,128.0,on back,BRP1_25005_REC123_2025-10-03-09-31-04,373.445,,True,True,3661.445,3789.445
25005,3A,BRP1_25005_Obs3A_EDITED.txt,posture,3416.0,3422.0,6.0,on side,BRP1_25005_REC123_2025-10-03-09-31-04,373.445,,True,True,3789.445,3795.445
25005,3A,BRP1_25005_Obs3A_EDITED.txt,posture,3422.0,3424.5,2.5,on back,BRP1_25005_REC123_2025-10-03-09-31-04,373.445,,True,True,3795.445,3797.945
25005,3A,BRP1_25005_Obs3A_EDITED.txt,posture,3424.5,3427.0,2.5,on side,BRP1_25005_REC123_2025-10-03-09-31-04,373.445,,True,True,3797.945,3800.445
25005,3A,BRP1_25005_Obs3A_EDITED.txt,posture,3427.0,3517.0,90.0,on stomach,BRP1_25005_REC123_2025-10-03-09-31-04,373.445,,True,True,3800.445,3890.445
25005,3A,BRP1_25005_Obs3A_EDITED.txt,posture,3517.0,3765.0,248.0,recline back,BRP1_25005_REC123_2025-10-03-09-31-04,373.445,,True,True,3890.445,4138.445
25005,3A,BRP1_25005_Obs3A_EDITED.txt,posture,3765.0,3817.0,52.0,sit,BRP1_25005_REC123_2025-10-03-09-31-04,373.445,,True,True,4138.445,4190.445
25005,4A,BRP1_25005_Obs4A_EDITED.txt,posture,0.0,79.0,79.0,sit,BRP1_25005_REC456_2025-10-06-09-40-48,332.83,,True,True,332.83,411.83
25005,4A,BRP1_25005_Obs4A_EDITED.txt,posture,79.0,81.0,2.0,recline back,BRP1_25005_REC456_2025-10-06-09-40-48,332.83,,True,True,411.83,413.83
25005,4A,BRP1_25005_Obs4A_EDITED.txt,posture,81.0,108.378,27.378,on back,BRP1_25005_REC456_2025-10-06-09-40-48,332.83,,True,True,413.83,441.20799999999997
25005,4A,BRP1_25005_Obs4A_EDITED.txt,posture,108.378,111.408,3.03,on side,BRP1_25005_REC456_2025-10-06-09-40-48,332.83,,True,True,441.20799999999997,444.238
25005,4A,BRP1_25005_Obs4A_EDITED.txt,posture,111.408,115.361,3.953,on back,BRP1_25005_REC456_2025-10-06-09-40-48,332.83,,True,True,444.238,448.191
25005,4A,BRP1_25005_Obs4A_EDITED.txt,posture,115.361,118.225,2.864,on side,BRP1_25005_REC456_2025-10-06-09-40-48,332.83,,True,True,448.191,451.05499999999995
25005,4A,BRP1_25005_Obs4A_EDITED.txt,posture,118.225,121.329,3.104,on stomach,BRP1_25005_REC456_2025-10-06-09-40-48,332.83,,True,True,451.05499999999995,454.159
25005,4A,BRP1_25005_Obs4A_EDITED.txt,posture,121.329,215.0,93.671,on stomach,BRP1_25005_REC456_2025-10-06-09-40-48,332.83,,True,True,454.159,547.8299999999999
25005,4A,BRP1_25005_Obs4A_EDITED.txt,posture,215.0,242.614,27.614,sit,BRP1_25005_REC456_2025-10-06-09-40-48,332.83,,True,True,547.8299999999999,575.444
25005,4A,BRP1_25005_Obs4A_EDITED.txt,posture,242.614,851.0,608.386,recline back,BRP1_25005_REC456_2025-10-06-09-40-48,332.83,,True,True,575.444,1183.83
25005,4A,BRP1_25005_Obs4A_EDITED.txt,posture,851.0,876.0,25.0,recline back,BRP1_25005_REC456_2025-10-06-09-40-48,332.83,,True,True,1183.83,1208.83
25005,4A,BRP1_25005_Obs4A_EDITED.txt,posture,876.0,889.0,13.0,recline back,BRP1_25005_REC456_2025-10-06-09-40-48,332.83,,True,True,1208.83,1221.83
25005,4A,BRP1_25005_Obs4A_EDITED.txt,posture,889.0,938.0,49.0,on stomach,BRP1_25005_REC456_2025-10-06-09-40-48,332.83,,True,True,1221.83,1270.83
25005,4A,BRP1_25005_Obs4A_EDITED.txt,posture,938.0,943.0,5.0,recline back,BRP1_25005_REC456_2025-10-06-09-40-48,332.83,,True,True,1270.83,1275.83
25005,4A,BRP1_25005_Obs4A_EDITED.txt,posture,943.0,1013.0,70.0,recline back,BRP1_25005_REC456_2025-10-06-09-40-48,332.83,,True,True,1275.83,1345.83
25005,4A,BRP1_25005_Obs4A_EDITED.txt,posture,1013.0,1058.0,45.0,on back,BRP1_25005_REC456_2025-10-06-09-40-48,332.83,,True,True,1345.83,1390.83
25005,4A,BRP1_25005_Obs4A_EDITED.txt,posture,1058.0,1390.0,332.0,on side,BRP1_25005_REC456_2025-10-06-09-40-48,332.83,,True,True,1390.83,1722.83
25005,4A,BRP1_25005_Obs4A_EDITED.txt,posture,1390.0,3243.0,1853.0,on back,BRP1_25005_REC456_2025-10-06-09-40-48,332.83,,True,True,1722.83,3575.83
25005,4A,BRP1_25005_Obs4A_EDITED.txt,posture,3243.0,3251.0,8.0,on side,BRP1_25005_REC456_2025-10-06-09-40-48,332.83,,True,True,3575.83,3583.83
25005,4A,BRP1_25005_Obs4A_EDITED.txt,posture,3251.0,3264.0,13.0,sit,BRP1_25005_REC456_2025-10-06-09-40-48,332.83,,True,True,3583.83,3596.83
25005,4A,BRP1_25005_Obs4A_EDITED.txt,posture,3279.0,7985.0,4706.0,on stomach,BRP1_25005_REC456_2025-10-06-09-40-48,332.83,,True,True,3611.83,8317.83
25005,5A,BRP1_25005_Obs5A_EDITED.txt,posture,0.0,254.509,254.509,on stomach,BRP1_25005_REC456_2025-10-13-09-42-11,403.438,,True,True,403.438,657.947
25005,5A,BRP1_25005_Obs5A_EDITED.txt,posture,254.509,618.148,363.639,on back,BRP1_25005_REC456_2025-10-13-09-42-11,403.438,,True,True,657.947,1021.586
25005,5A,BRP1_25005_Obs5A_EDITED.txt,posture,618.148,627.763,9.615,on side,BRP1_25005_REC456_2025-10-13-09-42-11,403.438,,True,True,1021.586,1031.201
25005,5A,BRP1_25005_Obs5A_EDITED.txt,posture,627.763,664.649,36.886,on back,BRP1_25005_REC456_2025-10-13-09-42-11,403.438,,True,True,1031.201,1068.087
25005,5A,BRP1_25005_Obs5A_EDITED.txt,posture,664.649,671.0,6.351,on side,BRP1_25005_REC456_2025-10-13-09-42-11,403.438,,True,True,1068.087,1074.438
25005,5A,BRP1_25005_Obs5A_EDITED.txt,posture,671.0,929.024,258.024,on stomach,BRP1_25005_REC456_2025-10-13-09-42-11,403.438,,True,True,1074.438,1332.462
25005,5A,BRP1_25005_Obs5A_EDITED.txt,posture,929.024,961.821,32.797,stand,BRP1_25005_REC456_2025-10-13-09-42-11,403.438,,True,True,1332.462,1365.259
25005,5A,BRP1_25005_Obs5A_EDITED.txt,posture,961.821,970.139,8.318,recline back,BRP1_25005_REC456_2025-10-13-09-42-11,403.438,,True,True,1365.259,1373.577
25005,5A,BRP1_25005_Obs5A_EDITED.txt,posture,970.139,995.792,25.653,on back,BRP1_25005_REC456_2025-10-13-09-42-11,403.438,,True,True,1373.577,1399.23
25005,5A,BRP1_25005_Obs5A_EDITED.txt,posture,995.792,1046.731,50.939,sit,BRP1_25005_REC456_2025-10-13-09-42-11,403.438,,True,True,1399.23,1450.1689999999999
25005,5A,BRP1_25005_Obs5A_EDITED.txt,posture,1046.731,1055.0,8.269,stand,BRP1_25005_REC456_2025-10-13-09-42-11,403.438,,True,True,1450.1689999999999,1458.438
25005,5A,BRP1_25005_Obs5A_EDITED.txt,posture,1055.0,1091.74,36.74,on back,BRP1_25005_REC456_2025-10-13-09-42-11,403.438,,True,True,1458.438,1495.1779999999999
25005,5A,BRP1_25005_Obs5A_EDITED.txt,posture,1091.74,1282.145,190.405,recline back,BRP1_25005_REC456_2025-10-13-09-42-11,403.438,,True,True,1495.1779999999999,1685.583
25005,5A,BRP1_25005_Obs5A_EDITED.txt,posture,1282.145,1341.761,59.616,on back,BRP1_25005_REC456_2025-10-13-09-42-11,403.438,,True,True,1685.583,1745.199
25005,5A,BRP1_25005_Obs5A_EDITED.txt,posture,1341.761,1357.0,15.239,stand,BRP1_25005_REC456_2025-10-13-09-42-11,403.438,,True,True,1745.199,1760.438
25005,5A,BRP1_25005_Obs5A_EDITED.txt,posture,1357.0,1900.0,543.0,recline back,BRP1_25005_REC456_2025-10-13-09-42-11,403.438,,True,True,1760.438,2303.438
25005,5A,BRP1_25005_Obs5A_EDITED.txt,posture,1900.0,3054.0,1154.0,on back,BRP1_25005_REC456_2025-10-13-09-42-11,403.438,,True,True,2303.438,3457.438
25005,5A,BRP1_25005_Obs5A_EDITED.txt,posture,3054.0,3209.0,155.0,on side,BRP1_25005_REC456_2025-10-13-09-42-11,403.438,,True,True,3457.438,3612.438
25005,5A,BRP1_25005_Obs5A_EDITED.txt,posture,3209.0,3267.034,58.034,on back,BRP1_25005_REC456_2025-10-13-09-42-11,403.438,,True,True,3612.438,3670.472
25005,5A,BRP1_25005_Obs5A_EDITED.txt,posture,3267.034,3334.512,67.478,on side,BRP1_25005_REC456_2025-10-13-09-42-11,403.438,,True,True,3670.472,3737.9500000000003
25005,5A,BRP1_25005_Obs5A_EDITED.txt,posture,3334.512,3347.813,13.301,on back,BRP1_25005_REC456_2025-10-13-09-42-11,403.438,,True,True,3737.9500000000003,3751.251
25005,5A,BRP1_25005_Obs5A_EDITED.txt,posture,3347.813,3404.0,56.187,on side,BRP1_25005_REC456_2025-10-13-09-42-11,403.438,,True,True,3751.251,3807.438
25005,5A,BRP1_25005_Obs5A_EDITED.txt,posture,3404.0,3411.0,7.0,on back,BRP1_25005_REC456_2025-10-13-09-42-11,403.438,,True,True,3807.438,3814.438
25005,5A,BRP1_25005_Obs5A_EDITED.txt,posture,3411.0,3450.0,39.0,on side,BRP1_25005_REC456_2025-10-13-09-42-11,403.438,,True,True,3814.438,3853.438
25005,5A,BRP1_25005_Obs5A_EDITED.txt,posture,3450.0,3698.0,248.0,on back,BRP1_25005_REC456_2025-10-13-09-42-11,403.438,,True,True,3853.438,4101.438
25005,6A,BRP1_25005_Obs6A_EDITED.txt,posture,0.0,639.0,639.0,on stomach,BRP1_25005_REC456_2025-10-15-09-31-31,299.352,,True,True,299.352,938.352
25005,6A,BRP1_25005_Obs6A_EDITED.txt,posture,639.0,641.0,2.0,crawl,BRP1_25005_REC456_2025-10-15-09-31-31,299.352,,True,True,938.352,940.352
25005,6A,BRP1_25005_Obs6A_EDITED.txt,posture,641.0,648.158,7.158,on stomach,BRP1_25005_REC456_2025-10-15-09-31-31,299.352,,True,True,940.352,947.51
25005,6A,BRP1_25005_Obs6A_EDITED.txt,posture,648.158,673.0,24.842,stand,BRP1_25005_REC456_2025-10-15-09-31-31,299.352,,True,True,947.51,972.352
25005,6A,BRP1_25005_Obs6A_EDITED.txt,posture,673.0,675.193,2.193,recline back,BRP1_25005_REC456_2025-10-15-09-31-31,299.352,,True,True,972.352,974.545
25005,6A,BRP1_25005_Obs6A_EDITED.txt,posture,675.193,712.103,36.91,on back,BRP1_25005_REC456_2025-10-15-09-31-31,299.352,,True,True,974.545,1011.4549999999999
25005,6A,BRP1_25005_Obs6A_EDITED.txt,posture,712.103,718.0,5.897,on side,BRP1_25005_REC456_2025-10-15-09-31-31,299.352,,True,True,1011.4549999999999,1017.352
25005,6A,BRP1_25005_Obs6A_EDITED.txt,posture,718.0,1049.0,331.0,on back,BRP1_25005_REC456_2025-10-15-09-31-31,299.352,,True,True,1017.352,1348.3519999999999
25005,6A,BRP1_25005_Obs6A_EDITED.txt,posture,1049.0,1052.0,3.0,on side,BRP1_25005_REC456_2025-10-15-09-31-31,299.352,,True,True,1348.3519999999999,1351.3519999999999
25005,6A,BRP1_25005_Obs6A_EDITED.txt,posture,1052.0,1059.47,7.47,on back,BRP1_25005_REC456_2025-10-15-09-31-31,299.352,,True,True,1351.3519999999999,1358.8220000000001
25005,6A,BRP1_25005_Obs6A_EDITED.txt,posture,1059.47,1083.0,23.53,on side,BRP1_25005_REC456_2025-10-15-09-31-31,299.352,,True,True,1358.8220000000001,1382.3519999999999
25005,6A,BRP1_25005_Obs6A_EDITED.txt,posture,1083.0,1092.0,9.0,on side,BRP1_25005_REC456_2025-10-15-09-31-31,299.352,,True,True,1382.3519999999999,1391.3519999999999
25005,6A,BRP1_25005_Obs6A_EDITED.txt,posture,1092.0,1102.0,10.0,on side,BRP1_25005_REC456_2025-10-15-09-31-31,299.352,,True,True,1391.3519999999999,1401.3519999999999
25005,6A,BRP1_25005_Obs6A_EDITED.txt,posture,1102.0,1163.975,61.975,on back,BRP1_25005_REC456_2025-10-15-09-31-31,299.352,,True,True,1401.3519999999999,1463.3269999999998
25005,6A,BRP1_25005_Obs6A_EDITED.txt,posture,1163.975,1170.332,6.357,stand,BRP1_25005_REC456_2025-10-15-09-31-31,299.352,,True,True,1463.3269999999998,1469.6840000000002
25005,6A,BRP1_25005_Obs6A_EDITED.txt,posture,1170.332,1227.0,56.668,sit,BRP1_25005_REC456_2025-10-15-09-31-31,299.352,,True,True,1469.6840000000002,1526.3519999999999
25005,6A,BRP1_25005_Obs6A_EDITED.txt,posture,1227.0,1233.0,6.0,recline back,BRP1_25005_REC456_2025-10-15-09-31-31,299.352,,True,True,1526.3519999999999,1532.3519999999999
25005,6A,BRP1_25005_Obs6A_EDITED.txt,posture,1233.0,1263.0,30.0,on back,BRP1_25005_REC456_2025-10-15-09-31-31,299.352,,True,True,1532.3519999999999,1562.3519999999999
25005,6A,BRP1_25005_Obs6A_EDITED.txt,posture,1263.0,1273.35,10.35,on stomach,BRP1_25005_REC456_2025-10-15-09-31-31,299.352,,True,True,1562.3519999999999,1572.7019999999998
25005,6A,BRP1_25005_Obs6A_EDITED.txt,posture,1273.35,1274.74,1.39,stand,BRP1_25005_REC456_2025-10-15-09-31-31,299.352,,True,True,1572.7019999999998,1574.092
25005,6A,BRP1_25005_Obs6A_EDITED.txt,posture,1274.74,1309.054,34.314,sit,BRP1_25005_REC456_2025-10-15-09-31-31,299.352,,True,True,1574.092,1608.406
25005,6A,BRP1_25005_Obs6A_EDITED.txt,posture,1309.054,1318.078,9.024,recline back,BRP1_25005_REC456_2025-10-15-09-31-31,299.352,,True,True,1608.406,1617.4299999999998
25005,6A,BRP1_25005_Obs6A_EDITED.txt,posture,1318.078,1320.61,2.532,stand,BRP1_25005_REC456_2025-10-15-09-31-31,299.352,,True,True,1617.4299999999998,1619.962
25005,6A,BRP1_25005_Obs6A_EDITED.txt,posture,1320.61,1475.0,154.39,sit,BRP1_25005_REC456_2025-10-15-09-31-31,299.352,,True,True,1619.962,1774.3519999999999
25005,6A,BRP1_25005_Obs6A_EDITED.txt,posture,1475.0,1583.0,108.0,sit,BRP1_25005_REC456_2025-10-15-09-31-31,299.352,,True,True,1774.3519999999999,1882.3519999999999
25005,6A,BRP1_25005_Obs6A_EDITED.txt,posture,1583.0,1585.0,2.0,recline back,BRP1_25005_REC456_2025-10-15-09-31-31,299.352,,True,True,1882.3519999999999,1884.3519999999999
25005,6A,BRP1_25005_Obs6A_EDITED.txt,posture,1585.0,1621.55,36.55,on back,BRP1_25005_REC456_2025-10-15-09-31-31,299.352,,True,True,1884.3519999999999,1920.902
25005,6A,BRP1_25005_Obs6A_EDITED.txt,posture,1621.55,1794.98,173.43,sit,BRP1_25005_REC456_2025-10-15-09-31-31,299.352,,True,True,1920.902,2094.332
25005,6A,BRP1_25005_Obs6A_EDITED.txt,posture,1794.98,1803.99,9.01,stand,BRP1_25005_REC456_2025-10-15-09-31-31,299.352,,True,True,2094.332,2103.342
25005,6A,BRP1_25005_Obs6A_EDITED.txt,posture,1804.0,1818.814,14.814,stand,BRP1_25005_REC456_2025-10-15-09-31-31,299.352,,True,True,2103.352,2118.166
25005,6A,BRP1_25005_Obs6A_EDITED.txt,posture,1818.814,1850.99,32.176,sit,BRP1_25005_REC456_2025-10-15-09-31-31,299.352,,True,True,2118.166,2150.342
25005,6A,BRP1_25005_Obs6A_EDITED.txt,posture,1850.99,1929.0,78.01,recline back,BRP1_25005_REC456_2025-10-15-09-31-31,299.352,,True,True,2150.342,2228.352
25005,6A,BRP1_25005_Obs6A_EDITED.txt,posture,1929.0,2440.869,511.869,recline back,BRP1_25005_REC456_2025-10-15-09-31-31,299.352,,True,True,2228.352,2740.221
25005,6A,BRP1_25005_Obs6A_EDITED.txt,posture,2440.869,3509.0,1068.131,on back,BRP1_25005_REC456_2025-10-15-09-31-31,299.352,,True,True,2740.221,3808.352
25005,6A,BRP1_25005_Obs6A_EDITED.txt,posture,3509.0,3510.81,1.81,stand,BRP1_25005_REC456_2025-10-15-09-31-31,299.352,,True,True,3808.352,3810.162
25005,6A,BRP1_25005_Obs6A_EDITED.txt,posture,3510.82,3525.0,14.18,sit,BRP1_25005_REC456_2025-10-15-09-31-31,299.352,,True,True,3810.172,3824.352
25005,6A,BRP1_25005_Obs6A_EDITED.txt,posture,3525.0,3534.616,9.616,on stomach,BRP1_25005_REC456_2025-10-15-09-31-31,299.352,,True,True,3824.352,3833.968
25005,6A,BRP1_25005_Obs6A_EDITED.txt,posture,3534.616,3649.673,115.057,stand,BRP1_25005_REC456_2025-10-15-09-31-31,299.352,,True,True,3833.968,3949.0249999999996
25005,6A,BRP1_25005_Obs6A_EDITED.txt,posture,3649.673,3653.0,3.327,recline back,BRP1_25005_REC456_2025-10-15-09-31-31,299.352,,True,True,3949.0249999999996,3952.352
25005,7A,BRP1_25005_Obs7A_EDITED.txt,posture,0.0,173.0,173.0,on stomach,BRP1_25005_REC789_2025-10-22-09-41-08,437.011,,True,True,437.011,610.011
25005,7A,BRP1_25005_Obs7A_EDITED.txt,posture,173.0,190.0,17.0,stand,BRP1_25005_REC789_2025-10-22-09-41-08,437.011,,True,True,610.011,627.011
25005,7A,BRP1_25005_Obs7A_EDITED.txt,posture,190.0,248.0,58.0,on stomach,BRP1_25005_REC789_2025-10-22-09-41-08,437.011,,True,True,627.011,685.011
25005,7A,BRP1_25005_Obs7A_EDITED.txt,posture,248.0,249.0,1.0,on side,BRP1_25005_REC789_2025-10-22-09-41-08,437.011,,True,True,685.011,686.011
25005,7A,BRP1_25005_Obs7A_EDITED.txt,posture,249.0,311.0,62.0,on back,BRP1_25005_REC789_2025-10-22-09-41-08,437.011,,True,True,686.011,748.011
25005,7A,BRP1_25005_Obs7A_EDITED.txt,posture,311.0,317.472,6.472,on side,BRP1_25005_REC789_2025-10-22-09-41-08,437.011,,True,True,748.011,754.483
25005,7A,BRP1_25005_Obs7A_EDITED.txt,posture,317.472,324.0,6.528,on back,BRP1_25005_REC789_2025-10-22-09-41-08,437.011,,True,True,754.483,761.011
25005,7A,BRP1_25005_Obs7A_EDITED.txt,posture,324.0,335.0,11.0,stand,BRP1_25005_REC789_2025-10-22-09-41-08,437.011,,True,True,761.011,772.011
25005,7A,BRP1_25005_Obs7A_EDITED.txt,posture,335.0,446.0,111.0,recline back,BRP1_25005_REC789_2025-10-22-09-41-08,437.011,,True,True,772.011,883.011
25005,7A,BRP1_25005_Obs7A_EDITED.txt,posture,446.0,739.0,293.0,recline back,BRP1_25005_REC789_2025-10-22-09-41-08,437.011,,True,True,883.011,1176.011
25005,7A,BRP1_25005_Obs7A_EDITED.txt,posture,739.0,2160.0,1421.0,on back,BRP1_25005_REC789_2025-10-22-09-41-08,437.011,,True,True,1176.011,2597.011
25005,7A,BRP1_25005_Obs7A_EDITED.txt,posture,2160.0,2161.0,1.0,sit,BRP1_25005_REC789_2025-10-22-09-41-08,437.011,,True,True,2597.011,2598.011
25005,7A,BRP1_25005_Obs7A_EDITED.txt,posture,2161.0,2180.0,19.0,stand,BRP1_25005_REC789_2025-10-22-09-41-08,437.011,,True,True,2598.011,2617.011
25005,7A,BRP1_25005_Obs7A_EDITED.txt,posture,2180.0,2217.0,37.0,on back,BRP1_25005_REC789_2025-10-22-09-41-08,437.011,,True,True,2617.011,2654.011
25005,7A,BRP1_25005_Obs7A_EDITED.txt,posture,2217.0,2252.0,35.0,stand,BRP1_25005_REC789_2025-10-22-09-41-08,437.011,,True,True,2654.011,2689.011
25005,7A,BRP1_25005_Obs7A_EDITED.txt,posture,2252.0,2305.0,53.0,sit,BRP1_25005_REC789_2025-10-22-09-41-08,437.011,,True,True,2689.011,2742.011
25005,7A,BRP1_25005_Obs7A_EDITED.txt,posture,2305.0,2749.0,444.0,on stomach,BRP1_25005_REC789_2025-10-22-09-41-08,437.011,,True,True,2742.011,3186.011
25005,7A,BRP1_25005_Obs7A_EDITED.txt,posture,2749.0,2800.0,51.0,stand,BRP1_25005_REC789_2025-10-22-09-41-08,437.011,,True,True,3186.011,3237.011
25005,7A,BRP1_25005_Obs7A_EDITED.txt,posture,2800.0,2808.0,8.0,on stomach,BRP1_25005_REC789_2025-10-22-09-41-08,437.011,,True,True,3237.011,3245.011
25005,7A,BRP1_25005_Obs7A_EDITED.txt,posture,2808.0,2884.0,76.0,stand,BRP1_25005_REC789_2025-10-22-09-41-08,437.011,,True,True,3245.011,3321.011
25005,7A,BRP1_25005_Obs7A_EDITED.txt,posture,2884.0,2903.0,19.0,sit,BRP1_25005_REC789_2025-10-22-09-41-08,437.011,,True,True,3321.011,3340.011
25005,7A,BRP1_25005_Obs7A_EDITED.txt,posture,2903.0,3040.0,137.0,recline back,BRP1_25005_REC789_2025-10-22-09-41-08,437.011,,True,True,3340.011,3477.011
25005,7A,BRP1_25005_Obs7A_EDITED.txt,posture,3040.0,3334.0,294.0,recline back,BRP1_25005_REC789_2025-10-22-09-41-08,437.011,,True,True,3477.011,3771.011
25005,7A,BRP1_25005_Obs7A_EDITED.txt,posture,3334.0,3340.0,6.0,recline back,BRP1_25005_REC789_2025-10-22-09-41-08,437.011,,True,True,3771.011,3777.011
25005,7A,BRP1_25005_Obs7A_EDITED.txt,posture,3340.0,3348.0,8.0,recline back,BRP1_25005_REC789_2025-10-22-09-41-08,437.011,,True,True,3777.011,3785.011
25005,7A,BRP1_25005_Obs7A_EDITED.txt,posture,3348.0,3410.0,62.0,recline back,BRP1_25005_REC789_2025-10-22-09-41-08,437.011,,True,True,3785.011,3847.011
25005,7A,BRP1_25005_Obs7A_EDITED.txt,posture,3410.0,3487.0,77.0,sit,BRP1_25005_REC789_2025-10-22-09-41-08,437.011,,True,True,3847.011,3924.011
25005,7A,BRP1_25005_Obs7A_EDITED.txt,posture,3487.0,3534.0,47.0,sit,BRP1_25005_REC789_2025-10-22-09-41-08,437.011,,True,True,3924.011,3971.011
25005,7A,BRP1_25005_Obs7A_EDITED.txt,posture,3534.0,3571.0,37.0,sit,BRP1_25005_REC789_2025-10-22-09-41-08,437.011,,True,True,3971.011,4008.011
25005,7A,BRP1_25005_Obs7A_EDITED.txt,posture,3571.0,3574.0,3.0,recline forward,BRP1_25005_REC789_2025-10-22-09-41-08,437.011,,True,True,4008.011,4011.011
25005,7A,BRP1_25005_Obs7A_EDITED.txt,posture,3574.0,3580.0,6.0,sit,BRP1_25005_REC789_2025-10-22-09-41-08,437.011,,True,True,4011.011,4017.011
25005,7A,BRP1_25005_Obs7A_EDITED.txt,posture,3580.0,3722.0,142.0,recline back,BRP1_25005_REC789_2025-10-22-09-41-08,437.011,,True,True,4017.011,4159.011
25005,7A,BRP1_25005_Obs7A_EDITED.txt,posture,3722.0,3760.0,38.0,sit,BRP1_25005_REC789_2025-10-22-09-41-08,437.011,,True,True,4159.011,4197.011
25005,7A,BRP1_25005_Obs7A_EDITED.txt,posture,3760.0,3844.0,84.0,recline back,BRP1_25005_REC789_2025-10-22-09-41-08,437.011,,True,True,4197.011,4281.011
25005,7A,BRP1_25005_Obs7A_EDITED.txt,posture,3844.0,3888.0,44.0,sit,BRP1_25005_REC789_2025-10-22-09-41-08,437.011,,True,True,4281.011,4325.011
25005,7A,BRP1_25005_Obs7A_EDITED.txt,posture,3888.0,3914.0,26.0,stand,BRP1_25005_REC789_2025-10-22-09-41-08,437.011,,True,True,4325.011,4351.011
25005,7A,BRP1_25005_Obs7A_EDITED.txt,posture,3914.0,3940.0,26.0,sit,BRP1_25005_REC789_2025-10-22-09-41-08,437.011,,True,True,4351.011,4377.011
25005,8A,BRP1_25005_Obs8A_EDITED.txt,posture,0.0,36.0,36.0,on stomach,BRP1_25005_REC789_2025-10-24-09-36-59,403.87,,True,True,403.87,439.87
25005,8A,BRP1_25005_Obs8A_EDITED.txt,posture,36.0,40.0,4.0,on side,BRP1_25005_REC789_2025-10-24-09-36-59,403.87,,True,True,439.87,443.87
25005,8A,BRP1_25005_Obs8A_EDITED.txt,posture,40.0,61.89,21.89,on back,BRP1_25005_REC789_2025-10-24-09-36-59,403.87,,True,True,443.87,465.76
25005,8A,BRP1_25005_Obs8A_EDITED.txt,posture,61.89,66.0,4.11,on side,BRP1_25005_REC789_2025-10-24-09-36-59,403.87,,True,True,465.76,469.87
25005,8A,BRP1_25005_Obs8A_EDITED.txt,posture,66.0,193.0,127.0,on stomach,BRP1_25005_REC789_2025-10-24-09-36-59,403.87,,True,True,469.87,596.87
25005,8A,BRP1_25005_Obs8A_EDITED.txt,posture,193.0,204.0,11.0,on side,BRP1_25005_REC789_2025-10-24-09-36-59,403.87,,True,True,596.87,607.87
25005,8A,BRP1_25005_Obs8A_EDITED.txt,posture,204.0,208.316,4.316,on stomach,BRP1_25005_REC789_2025-10-24-09-36-59,403.87,,True,True,607.87,612.186
25005,8A,BRP1_25005_Obs8A_EDITED.txt,posture,208.316,211.0,2.684,on side,BRP1_25005_REC789_2025-10-24-09-36-59,403.87,,True,True,612.186,614.87
25005,8A,BRP1_25005_Obs8A_EDITED.txt,posture,211.0,240.0,29.0,on back,BRP1_25005_REC789_2025-10-24-09-36-59,403.87,,True,True,614.87,643.87
25005,8A,BRP1_25005_Obs8A_EDITED.txt,posture,240.0,245.0,5.0,on side,BRP1_25005_REC789_2025-10-24-09-36-59,403.87,,True,True,643.87,648.87
25005,8A,BRP1_25005_Obs8A_EDITED.txt,posture,245.0,281.0,36.0,on back,BRP1_25005_REC789_2025-10-24-09-36-59,403.87,,True,True,648.87,684.87
25005,8A,BRP1_25005_Obs8A_EDITED.txt,posture,281.0,286.0,5.0,on side,BRP1_25005_REC789_2025-10-24-09-36-59,403.87,,True,True,684.87,689.87
25005,8A,BRP1_25005_Obs8A_EDITED.txt,posture,286.0,297.0,11.0,on back,BRP1_25005_REC789_2025-10-24-09-36-59,403.87,,True,True,689.87,700.87
25005,8A,BRP1_25005_Obs8A_EDITED.txt,posture,297.0,310.0,13.0,on side,BRP1_25005_REC789_2025-10-24-09-36-59,403.87,,True,True,700.87,713.87
25005,8A,BRP1_25005_Obs8A_EDITED.txt,posture,310.0,801.867,491.867,on stomach,BRP1_25005_REC789_2025-10-24-09-36-59,403.87,,True,True,713.87,1205.737
25005,8A,BRP1_25005_Obs8A_EDITED.txt,posture,801.867,804.0,2.133,on side,BRP1_25005_REC789_2025-10-24-09-36-59,403.87,,True,True,1205.737,1207.87
25005,8A,BRP1_25005_Obs8A_EDITED.txt,posture,804.0,806.339,2.339,on back,BRP1_25005_REC789_2025-10-24-09-36-59,403.87,,True,True,1207.87,1210.209
25005,8A,BRP1_25005_Obs8A_EDITED.txt,posture,806.339,807.5,1.161,on side,BRP1_25005_REC789_2025-10-24-09-36-59,403.87,,True,True,1210.209,1211.37
25005,8A,BRP1_25005_Obs8A_EDITED.txt,posture,807.5,814.701,7.201,on stomach,BRP1_25005_REC789_2025-10-24-09-36-59,403.87,,True,True,1211.37,1218.571
25005,8A,BRP1_25005_Obs8A_EDITED.txt,posture,814.701,816.4,1.699,on side,BRP1_25005_REC789_2025-10-24-09-36-59,403.87,,True,True,1218.571,1220.27
25005,8A,BRP1_25005_Obs8A_EDITED.txt,posture,816.4,818.0,1.6,on back,BRP1_25005_REC789_2025-10-24-09-36-59,403.87,,True,True,1220.27,1221.87
25005,8A,BRP1_25005_Obs8A_EDITED.txt,posture,818.0,821.0,3.0,on side,BRP1_25005_REC789_2025-10-24-09-36-59,403.87,,True,True,1221.87,1224.87
25005,8A,BRP1_25005_Obs8A_EDITED.txt,posture,821.0,863.657,42.657,on stomach,BRP1_25005_REC789_2025-10-24-09-36-59,403.87,,True,True,1224.87,1267.527
25005,8A,BRP1_25005_Obs8A_EDITED.txt,posture,863.657,865.5,1.843,on side,BRP1_25005_REC789_2025-10-24-09-36-59,403.87,,True,True,1267.527,1269.37
25005,8A,BRP1_25005_Obs8A_EDITED.txt,posture,865.5,876.0,10.5,on back,BRP1_25005_REC789_2025-10-24-09-36-59,403.87,,True,True,1269.37,1279.87
25005,8A,BRP1_25005_Obs8A_EDITED.txt,posture,876.0,881.0,5.0,on side,BRP1_25005_REC789_2025-10-24-09-36-59,403.87,,True,True,1279.87,1284.87
25005,8A,BRP1_25005_Obs8A_EDITED.txt,posture,881.0,897.0,16.0,on stomach,BRP1_25005_REC789_2025-10-24-09-36-59,403.87,,True,True,1284.87,1300.87
25005,8A,BRP1_25005_Obs8A_EDITED.txt,posture,897.0,902.0,5.0,on side,BRP1_25005_REC789_2025-10-24-09-36-59,403.87,,True,True,1300.87,1305.87
25005,8A,BRP1_25005_Obs8A_EDITED.txt,posture,902.0,911.187,9.187,on back,BRP1_25005_REC789_2025-10-24-09-36-59,403.87,,True,True,1305.87,1315.057
25005,8A,BRP1_25005_Obs8A_EDITED.txt,posture,911.187,913.0,1.813,on side,BRP1_25005_REC789_2025-10-24-09-36-59,403.87,,True,True,1315.057,1316.87
25005,8A,BRP1_25005_Obs8A_EDITED.txt,posture,913.0,917.392,4.392,on stomach,BRP1_25005_REC789_2025-10-24-09-36-59,403.87,,True,True,1316.87,1321.2620000000002
25005,8A,BRP1_25005_Obs8A_EDITED.txt,posture,917.392,920.0,2.608,on side,BRP1_25005_REC789_2025-10-24-09-36-59,403.87,,True,True,1321.2620000000002,1323.87
25005,8A,BRP1_25005_Obs8A_EDITED.txt,posture,920.0,925.0,5.0,on back,BRP1_25005_REC789_2025-10-24-09-36-59,403.87,,True,True,1323.87,1328.87
25005,8A,BRP1_25005_Obs8A_EDITED.txt,posture,925.0,927.0,2.0,on side,BRP1_25005_REC789_2025-10-24-09-36-59,403.87,,True,True,1328.87,1330.87
25005,8A,BRP1_25005_Obs8A_EDITED.txt,posture,927.0,1063.0,136.0,on stomach,BRP1_25005_REC789_2025-10-24-09-36-59,403.87,,True,True,1330.87,1466.87
25005,8A,BRP1_25005_Obs8A_EDITED.txt,posture,1063.0,1092.0,29.0,on side,BRP1_25005_REC789_2025-10-24-09-36-59,403.87,,True,True,1466.87,1495.87
25005,8A,BRP1_25005_Obs8A_EDITED.txt,posture,1092.0,1095.0,3.0,on back,BRP1_25005_REC789_2025-10-24-09-36-59,403.87,,True,True,1495.87,1498.87
25005,8A,BRP1_25005_Obs8A_EDITED.txt,posture,1095.0,1103.0,8.0,on stomach,BRP1_25005_REC789_2025-10-24-09-36-59,403.87,,True,True,1498.87,1506.87
25005,8A,BRP1_25005_Obs8A_EDITED.txt,posture,1103.0,1106.0,3.0,on side,BRP1_25005_REC789_2025-10-24-09-36-59,403.87,,True,True,1506.87,1509.87
25005,8A,BRP1_25005_Obs8A_EDITED.txt,posture,1106.0,1111.362,5.362,on stomach,BRP1_25005_REC789_2025-10-24-09-36-59,403.87,,True,True,1509.87,1515.232
25005,8A,BRP1_25005_Obs8A_EDITED.txt,posture,1111.362,1114.0,2.638,on side,BRP1_25005_REC789_2025-10-24-09-36-59,403.87,,True,True,1515.232,1517.87
25005,8A,BRP1_25005_Obs8A_EDITED.txt,posture,1114.0,1117.0,3.0,on back,BRP1_25005_REC789_2025-10-24-09-36-59,403.87,,True,True,1517.87,1520.87
25005,8A,BRP1_25005_Obs8A_EDITED.txt,posture,1117.0,1126.0,9.0,on side,BRP1_25005_REC789_2025-10-24-09-36-59,403.87,,True,True,1520.87,1529.87
25005,8A,BRP1_25005_Obs8A_EDITED.txt,posture,1126.0,1208.865,82.865,on stomach,BRP1_25005_REC789_2025-10-24-09-36-59,403.87,,True,True,1529.87,1612.7350000000001
25005,8A,BRP1_25005_Obs8A_EDITED.txt,posture,1208.865,1210.0,1.135,on side,BRP1_25005_REC789_2025-10-24-09-36-59,403.87,,True,True,1612.7350000000001,1613.87
25005,8A,BRP1_25005_Obs8A_EDITED.txt,posture,1210.0,1280.0,70.0,on back,BRP1_25005_REC789_2025-10-24-09-36-59,403.87,,True,True,1613.87,1683.87
25005,8A,BRP1_25005_Obs8A_EDITED.txt,posture,1280.0,1288.0,8.0,on side,BRP1_25005_REC789_2025-10-24-09-36-59,403.87,,True,True,1683.87,1691.87
25005,8A,BRP1_25005_Obs8A_EDITED.txt,posture,1288.0,1304.0,16.0,on back,BRP1_25005_REC789_2025-10-24-09-36-59,403.87,,True,True,1691.87,1707.87
25005,8A,BRP1_25005_Obs8A_EDITED.txt,posture,1304.0,1312.0,8.0,on side,BRP1_25005_REC789_2025-10-24-09-36-59,403.87,,True,True,1707.87,1715.87
25005,8A,BRP1_25005_Obs8A_EDITED.txt,posture,1312.0,1323.0,11.0,on side,BRP1_25005_REC789_2025-10-24-09-36-59,403.87,,True,True,1715.87,1726.87
25005,8A,BRP1_25005_Obs8A_EDITED.txt,posture,1323.0,1331.0,8.0,on side,BRP1_25005_REC789_2025-10-24-09-36-59,403.87,,True,True,1726.87,1734.87
25005,8A,BRP1_25005_Obs8A_EDITED.txt,posture,1331.0,1401.0,70.0,on stomach,BRP1_25005_REC789_2025-10-24-09-36-59,403.87,,True,True,1734.87,1804.87
25005,8A,BRP1_25005_Obs8A_EDITED.txt,posture,1401.0,1443.579,42.579,stand,BRP1_25005_REC789_2025-10-24-09-36-59,403.87,,True,True,1804.87,1847.449
25005,8A,BRP1_25005_Obs8A_EDITED.txt,posture,1443.579,1447.373,3.794,on stomach,BRP1_25005_REC789_2025-10-24-09-36-59,403.87,,True,True,1847.449,1851.243
25005,8A,BRP1_25005_Obs8A_EDITED.txt,posture,1447.373,1467.0,19.627,stand,BRP1_25005_REC789_2025-10-24-09-36-59,403.87,,True,True,1851.243,1870.87
25005,8A,BRP1_25005_Obs8A_EDITED.txt,posture,1467.0,1522.0,55.0,sit,BRP1_25005_REC789_2025-10-24-09-36-59,403.87,,True,True,1870.87,1925.87
25005,8A,BRP1_25005_Obs8A_EDITED.txt,posture,1522.0,1679.0,157.0,sit,BRP1_25005_REC789_2025-10-24-09-36-59,403.87,,True,True,1925.87,2082.87
25005,8A,BRP1_25005_Obs8A_EDITED.txt,posture,1679.0,1722.0,43.0,sit,BRP1_25005_REC789_2025-10-24-09-36-59,403.87,,True,True,2082.87,2125.87
25005,8A,BRP1_25005_Obs8A_EDITED.txt,posture,1722.0,1736.0,14.0,recline back,BRP1_25005_REC789_2025-10-24-09-36-59,403.87,,True,True,2125.87,2139.87
25005,8A,BRP1_25005_Obs8A_EDITED.txt,posture,1736.0,1786.0,50.0,sit,BRP1_25005_REC789_2025-10-24-09-36-59,403.87,,True,True,2139.87,2189.87
25005,8A,BRP1_25005_Obs8A_EDITED.txt,posture,1786.0,1800.0,14.0,sit,BRP1_25005_REC789_2025-10-24-09-36-59,403.87,,True,True,2189.87,2203.87
25005,8A,BRP1_25005_Obs8A_EDITED.txt,posture,1800.0,1810.0,10.0,sit,BRP1_25005_REC789_2025-10-24-09-36-59,403.87,,True,True,2203.87,2213.87
25005,8A,BRP1_25005_Obs8A_EDITED.txt,posture,1810.0,1825.0,15.0,on stomach,BRP1_25005_REC789_2025-10-24-09-36-59,403.87,,True,True,2213.87,2228.87
25005,8A,BRP1_25005_Obs8A_EDITED.txt,posture,1825.0,1837.0,12.0,crawl,BRP1_25005_REC789_2025-10-24-09-36-59,403.87,,True,True,2228.87,2240.87
25005,8A,BRP1_25005_Obs8A_EDITED.txt,posture,1837.0,1844.0,7.0,on stomach,BRP1_25005_REC789_2025-10-24-09-36-59,403.87,,True,True,2240.87,2247.87
25005,8A,BRP1_25005_Obs8A_EDITED.txt,posture,1844.0,1846.0,2.0,crawl,BRP1_25005_REC789_2025-10-24-09-36-59,403.87,,True,True,2247.87,2249.87
25005,8A,BRP1_25005_Obs8A_EDITED.txt,posture,1846.0,1849.063,3.063,on stomach,BRP1_25005_REC789_2025-10-24-09-36-59,403.87,,True,True,2249.87,2252.933
25005,8A,BRP1_25005_Obs8A_EDITED.txt,posture,1849.063,1870.0,20.937,sit,BRP1_25005_REC789_2025-10-24-09-36-59,403.87,,True,True,2252.933,2273.87
25005,8A,BRP1_25005_Obs8A_EDITED.txt,posture,1870.0,1893.0,23.0,on back,BRP1_25005_REC789_2025-10-24-09-36-59,403.87,,True,True,2273.87,2296.87
25005,8A,BRP1_25005_Obs8A_EDITED.txt,posture,1893.0,1909.0,16.0,sit,BRP1_25005_REC789_2025-10-24-09-36-59,403.87,,True,True,2296.87,2312.87
25005,8A,BRP1_25005_Obs8A_EDITED.txt,posture,1909.0,2228.0,319.0,recline back,BRP1_25005_REC789_2025-10-24-09-36-59,403.87,,True,True,2312.87,2631.87
25005,8A,BRP1_25005_Obs8A_EDITED.txt,posture,2228.0,2396.0,168.0,on side,BRP1_25005_REC789_2025-10-24-09-36-59,403.87,,True,True,2631.87,2799.87
25005,8A,BRP1_25005_Obs8A_EDITED.txt,posture,2396.0,3385.0,989.0,on back,BRP1_25005_REC789_2025-10-24-09-36-59,403.87,,True,True,2799.87,3788.87
25005,8A,BRP1_25005_Obs8A_EDITED.txt,posture,3385.0,3422.0,37.0,stand,BRP1_25005_REC789_2025-10-24-09-36-59,403.87,,True,True,3788.87,3825.87
25005,8A,BRP1_25005_Obs8A_EDITED.txt,posture,3422.0,3428.0,6.0,sit,BRP1_25005_REC789_2025-10-24-09-36-59,403.87,,True,True,3825.87,3831.87
25005,8A,BRP1_25005_Obs8A_EDITED.txt,posture,3428.0,3434.0,6.0,recline back,BRP1_25005_REC789_2025-10-24-09-36-59,403.87,,True,True,3831.87,3837.87
25005,8A,BRP1_25005_Obs8A_EDITED.txt,posture,3434.0,3461.0,27.0,on back,BRP1_25005_REC789_2025-10-24-09-36-59,403.87,,True,True,3837.87,3864.87
25005,8A,BRP1_25005_Obs8A_EDITED.txt,posture,3461.0,3465.0,4.0,sit,BRP1_25005_REC789_2025-10-24-09-36-59,403.87,,True,True,3864.87,3868.87
25005,8A,BRP1_25005_Obs8A_EDITED.txt,posture,3465.0,3468.791,3.791,on back,BRP1_25005_REC789_2025-10-24-09-36-59,403.87,,True,True,3868.87,3872.661
25005,8A,BRP1_25005_Obs8A_EDITED.txt,posture,3468.791,3476.009,7.218,on side,BRP1_25005_REC789_2025-10-24-09-36-59,403.87,,True,True,3872.661,3879.879
25005,8A,BRP1_25005_Obs8A_EDITED.txt,posture,3476.009,3490.0,13.991,on side,BRP1_25005_REC789_2025-10-24-09-36-59,403.87,,True,True,3879.879,3893.87
25005,8A,BRP1_25005_Obs8A_EDITED.txt,posture,3490.0,3619.0,129.0,on back,BRP1_25005_REC789_2025-10-24-09-36-59,403.87,,True,True,3893.87,4022.87
25005,8A,BRP1_25005_Obs8A_EDITED.txt,posture,3619.0,3639.0,20.0,stand,BRP1_25005_REC789_2025-10-24-09-36-59,403.87,,True,True,4022.87,4042.87
25005,9A,BRP1_25005_Obs9A_EDITED.txt,posture,0.0,510.0,510.0,on stomach,BRP1_25005_REC789_2025-10-29-09-42-35,513.08,,True,True,513.08,1023.08
25005,9A,BRP1_25005_Obs9A_EDITED.txt,posture,510.0,515.0,5.0,crawl,BRP1_25005_REC789_2025-10-29-09-42-35,513.08,,True,True,1023.08,1028.08
25005,9A,BRP1_25005_Obs9A_EDITED.txt,posture,515.0,543.0,28.0,on stomach,BRP1_25005_REC789_2025-10-29-09-42-35,513.08,,True,True,1028.08,1056.08
25005,9A,BRP1_25005_Obs9A_EDITED.txt,posture,543.0,545.0,2.0,crawl,BRP1_25005_REC789_2025-10-29-09-42-35,513.08,,True,True,1056.08,1058.08
25005,9A,BRP1_25005_Obs9A_EDITED.txt,posture,545.0,554.0,9.0,on stomach,BRP1_25005_REC789_2025-10-29-09-42-35,513.08,,True,True,1058.08,1067.08
25005,9A,BRP1_25005_Obs9A_EDITED.txt,posture,554.0,560.0,6.0,crawl,BRP1_25005_REC789_2025-10-29-09-42-35,513.08,,True,True,1067.08,1073.08
25005,9A,BRP1_25005_Obs9A_EDITED.txt,posture,560.0,571.0,11.0,on stomach,BRP1_25005_REC789_2025-10-29-09-42-35,513.08,,True,True,1073.08,1084.08
25005,9A,BRP1_25005_Obs9A_EDITED.txt,posture,571.0,578.0,7.0,crawl,BRP1_25005_REC789_2025-10-29-09-42-35,513.08,,True,True,1084.08,1091.08
25005,9A,BRP1_25005_Obs9A_EDITED.txt,posture,578.0,591.0,13.0,on stomach,BRP1_25005_REC789_2025-10-29-09-42-35,513.08,,True,True,1091.08,1104.08
25005,9A,BRP1_25005_Obs9A_EDITED.txt,posture,591.0,597.0,6.0,stand,BRP1_25005_REC789_2025-10-29-09-42-35,513.08,,True,True,1104.08,1110.08
25005,9A,BRP1_25005_Obs9A_EDITED.txt,posture,597.0,618.0,21.0,sit,BRP1_25005_REC789_2025-10-29-09-42-35,513.08,,True,True,1110.08,1131.08
25005,9A,BRP1_25005_Obs9A_EDITED.txt,posture,618.0,642.0,24.0,on back,BRP1_25005_REC789_2025-10-29-09-42-35,513.08,,True,True,1131.08,1155.08
25005,9A,BRP1_25005_Obs9A_EDITED.txt,posture,642.0,656.0,14.0,sit,BRP1_25005_REC789_2025-10-29-09-42-35,513.08,,True,True,1155.08,1169.08
25005,9A,BRP1_25005_Obs9A_EDITED.txt,posture,656.0,1049.0,393.0,recline back,BRP1_25005_REC789_2025-10-29-09-42-35,513.08,,True,True,1169.08,1562.08
25005,9A,BRP1_25005_Obs9A_EDITED.txt,posture,1049.0,1129.0,80.0,sit,BRP1_25005_REC789_2025-10-29-09-42-35,513.08,,True,True,1562.08,1642.08
25005,9A,BRP1_25005_Obs9A_EDITED.txt,posture,1129.0,1739.0,610.0,recline back,BRP1_25005_REC789_2025-10-29-09-42-35,513.08,,True,True,1642.08,2252.08
25005,9A,BRP1_25005_Obs9A_EDITED.txt,posture,1739.0,1751.0,12.0,on back,BRP1_25005_REC789_2025-10-29-09-42-35,513.08,,True,True,2252.08,2264.08
25005,9A,BRP1_25005_Obs9A_EDITED.txt,posture,1751.0,1835.0,84.0,on back,BRP1_25005_REC789_2025-10-29-09-42-35,513.08,,True,True,2264.08,2348.08
25005,9A,BRP1_25005_Obs9A_EDITED.txt,posture,1835.0,2413.0,578.0,on back,BRP1_25005_REC789_2025-10-29-09-42-35,513.08,,True,True,2348.08,2926.08
25005,9A,BRP1_25005_Obs9A_EDITED.txt,posture,2413.0,2430.0,17.0,stand,BRP1_25005_REC789_2025-10-29-09-42-35,513.08,,True,True,2926.08,2943.08
25005,9A,BRP1_25005_Obs9A_EDITED.txt,posture,2430.0,2735.0,305.0,on back,BRP1_25005_REC789_2025-10-29-09-42-35,513.08,,True,True,2943.08,3248.08
25005,9A,BRP1_25005_Obs9A_EDITED.txt,posture,2735.0,2738.0,3.0,on side,BRP1_25005_REC789_2025-10-29-09-42-35,513.08,,True,True,3248.08,3251.08
25005,9A,BRP1_25005_Obs9A_EDITED.txt,posture,2738.0,2752.0,14.0,on back,BRP1_25005_REC789_2025-10-29-09-42-35,513.08,,True,True,3251.08,3265.08
25005,9A,BRP1_25005_Obs9A_EDITED.txt,posture,2752.0,2756.0,4.0,on side,BRP1_25005_REC789_2025-10-29-09-42-35,513.08,,True,True,3265.08,3269.08
25005,9A,BRP1_25005_Obs9A_EDITED.txt,posture,2756.0,2787.0,31.0,on back,BRP1_25005_REC789_2025-10-29-09-42-35,513.08,,True,True,3269.08,3300.08
25005,9A,BRP1_25005_Obs9A_EDITED.txt,posture,2787.0,2801.0,14.0,on side,BRP1_25005_REC789_2025-10-29-09-42-35,513.08,,True,True,3300.08,3314.08
25005,9A,BRP1_25005_Obs9A_EDITED.txt,posture,2801.0,2861.0,60.0,on back,BRP1_25005_REC789_2025-10-29-09-42-35,513.08,,True,True,3314.08,3374.08
25005,9A,BRP1_25005_Obs9A_EDITED.txt,posture,2861.0,2873.0,12.0,on side,BRP1_25005_REC789_2025-10-29-09-42-35,513.08,,True,True,3374.08,3386.08
25005,9A,BRP1_25005_Obs9A_EDITED.txt,posture,2873.0,2886.0,13.0,on stomach,BRP1_25005_REC789_2025-10-29-09-42-35,513.08,,True,True,3386.08,3399.08
25005,9A,BRP1_25005_Obs9A_EDITED.txt,posture,2886.0,2895.0,9.0,crawl,BRP1_25005_REC789_2025-10-29-09-42-35,513.08,,True,True,3399.08,3408.08
25005,9A,BRP1_25005_Obs9A_EDITED.txt,posture,2895.0,2976.0,81.0,on stomach,BRP1_25005_REC789_2025-10-29-09-42-35,513.08,,True,True,3408.08,3489.08
25005,9A,BRP1_25005_Obs9A_EDITED.txt,posture,2976.0,3001.0,25.0,crawl,BRP1_25005_REC789_2025-10-29-09-42-35,513.08,,True,True,3489.08,3514.08
25005,9A,BRP1_25005_Obs9A_EDITED.txt,posture,3001.0,3047.0,46.0,on stomach,BRP1_25005_REC789_2025-10-29-09-42-35,513.08,,True,True,3514.08,3560.08
25005,9A,BRP1_25005_Obs9A_EDITED.txt,posture,3047.0,3067.0,20.0,crawl,BRP1_25005_REC789_2025-10-29-09-42-35,513.08,,True,True,3560.08,3580.08
25005,9A,BRP1_25005_Obs9A_EDITED.txt,posture,3067.0,3069.0,2.0,on stomach,BRP1_25005_REC789_2025-10-29-09-42-35,513.08,,True,True,3580.08,3582.08
25005,9A,BRP1_25005_Obs9A_EDITED.txt,posture,3069.0,3082.0,13.0,crawl,BRP1_25005_REC789_2025-10-29-09-42-35,513.08,,True,True,3582.08,3595.08
25005,9A,BRP1_25005_Obs9A_EDITED.txt,posture,3082.0,3083.0,1.0,on stomach,BRP1_25005_REC789_2025-10-29-09-42-35,513.08,,True,True,3595.08,3596.08
25005,9A,BRP1_25005_Obs9A_EDITED.txt,posture,3083.0,3089.0,6.0,crawl,BRP1_25005_REC789_2025-10-29-09-42-35,513.08,,True,True,3596.08,3602.08
25005,9A,BRP1_25005_Obs9A_EDITED.txt,posture,3089.0,3104.0,15.0,on stomach,BRP1_25005_REC789_2025-10-29-09-42-35,513.08,,True,True,3602.08,3617.08
25005,9A,BRP1_25005_Obs9A_EDITED.txt,posture,3104.0,3130.0,26.0,on side,BRP1_25005_REC789_2025-10-29-09-42-35,513.08,,True,True,3617.08,3643.08
25005,9A,BRP1_25005_Obs9A_EDITED.txt,posture,3130.0,3134.0,4.0,on back,BRP1_25005_REC789_2025-10-29-09-42-35,513.08,,True,True,3643.08,3647.08
25005,9A,BRP1_25005_Obs9A_EDITED.txt,posture,3134.0,3135.0,1.0,on side,BRP1_25005_REC789_2025-10-29-09-42-35,513.08,,True,True,3647.08,3648.08
25005,9A,BRP1_25005_Obs9A_EDITED.txt,posture,3135.0,3177.0,42.0,on stomach,BRP1_25005_REC789_2025-10-29-09-42-35,513.08,,True,True,3648.08,3690.08
25005,9A,BRP1_25005_Obs9A_EDITED.txt,posture,3177.0,3183.0,6.0,crawl,BRP1_25005_REC789_2025-10-29-09-42-35,513.08,,True,True,3690.08,3696.08
25005,9A,BRP1_25005_Obs9A_EDITED.txt,posture,3183.0,3265.0,82.0,on stomach,BRP1_25005_REC789_2025-10-29-09-42-35,513.08,,True,True,3696.08,3778.08
25005,9A,BRP1_25005_Obs9A_EDITED.txt,posture,3265.0,3275.0,10.0,crawl,BRP1_25005_REC789_2025-10-29-09-42-35,513.08,,True,True,3778.08,3788.08
25005,9A,BRP1_25005_Obs9A_EDITED.txt,posture,3275.0,3378.0,103.0,on stomach,BRP1_25005_REC789_2025-10-29-09-42-35,513.08,,True,True,3788.08,3891.08
25005,9A,BRP1_25005_Obs9A_EDITED.txt,posture,3378.0,3382.0,4.0,crawl,BRP1_25005_REC789_2025-10-29-09-42-35,513.08,,True,True,3891.08,3895.08
25005,9A,BRP1_25005_Obs9A_EDITED.txt,posture,3382.0,3517.0,135.0,on stomach,BRP1_25005_REC789_2025-10-29-09-42-35,513.08,,True,True,3895.08,4030.08
25005,9A,BRP1_25005_Obs9A_EDITED.txt,posture,3517.0,3518.0,1.0,crawl,BRP1_25005_REC789_2025-10-29-09-42-35,513.08,,True,True,4030.08,4031.08
25005,9A,BRP1_25005_Obs9A_EDITED.txt,posture,3518.0,3535.0,17.0,on stomach,BRP1_25005_REC789_2025-10-29-09-42-35,513.08,,True,True,4031.08,4048.08
25005,9A,BRP1_25005_Obs9A_EDITED.txt,posture,3535.0,3547.0,12.0,crawl,BRP1_25005_REC789_2025-10-29-09-42-35,513.08,,True,True,4048.08,4060.08
25005,9A,BRP1_25005_Obs9A_EDITED.txt,posture,3547.0,3647.0,100.0,on stomach,BRP1_25005_REC789_2025-10-29-09-42-35,513.08,,True,True,4060.08,4160.08
25006,10A,BRP1_25006_Obs10A_EDITED.txt,posture,0.0,11.0,11.0,sit,BRP1_25006_REC101112_2025-10-23-09-41-02,527.68,,True,True,527.68,538.68
25006,10A,BRP1_25006_Obs10A_EDITED.txt,posture,11.0,165.616,154.616,sit,BRP1_25006_REC101112_2025-10-23-09-41-02,527.68,,True,True,538.68,693.2959999999999
25006,10A,BRP1_25006_Obs10A_EDITED.txt,posture,165.616,169.0,3.384,crawl,BRP1_25006_REC101112_2025-10-23-09-41-02,527.68,,True,True,693.2959999999999,696.68
25006,10A,BRP1_25006_Obs10A_EDITED.txt,posture,169.0,173.79,4.79,sit,BRP1_25006_REC101112_2025-10-23-09-41-02,527.68,,True,True,696.68,701.4699999999999
25006,10A,BRP1_25006_Obs10A_EDITED.txt,posture,173.79,182.0,8.21,stand,BRP1_25006_REC101112_2025-10-23-09-41-02,527.68,,True,True,701.4699999999999,709.68
25006,10A,BRP1_25006_Obs10A_EDITED.txt,posture,182.0,201.0,19.0,crawl,BRP1_25006_REC101112_2025-10-23-09-41-02,527.68,,True,True,709.68,728.68
25006,10A,BRP1_25006_Obs10A_EDITED.txt,posture,201.0,226.0,25.0,on stomach,BRP1_25006_REC101112_2025-10-23-09-41-02,527.68,,True,True,728.68,753.68
25006,10A,BRP1_25006_Obs10A_EDITED.txt,posture,226.0,237.0,11.0,crawl,BRP1_25006_REC101112_2025-10-23-09-41-02,527.68,,True,True,753.68,764.68
25006,10A,BRP1_25006_Obs10A_EDITED.txt,posture,237.0,242.435,5.435,crawl,BRP1_25006_REC101112_2025-10-23-09-41-02,527.68,,True,True,764.68,770.115
25006,10A,BRP1_25006_Obs10A_EDITED.txt,posture,242.435,268.0,25.565,stand,BRP1_25006_REC101112_2025-10-23-09-41-02,527.68,,True,True,770.115,795.68
25006,10A,BRP1_25006_Obs10A_EDITED.txt,posture,268.0,551.0,283.0,sit,BRP1_25006_REC101112_2025-10-23-09-41-02,527.68,,True,True,795.68,1078.6799999999998
25006,10A,BRP1_25006_Obs10A_EDITED.txt,posture,551.0,568.0,17.0,crawl,BRP1_25006_REC101112_2025-10-23-09-41-02,527.68,,True,True,1078.6799999999998,1095.6799999999998
25006,10A,BRP1_25006_Obs10A_EDITED.txt,posture,568.0,578.0,10.0,on stomach,BRP1_25006_REC101112_2025-10-23-09-41-02,527.68,,True,True,1095.6799999999998,1105.6799999999998
25006,10A,BRP1_25006_Obs10A_EDITED.txt,posture,578.0,588.067,10.067,crawl,BRP1_25006_REC101112_2025-10-23-09-41-02,527.68,,True,True,1105.6799999999998,1115.7469999999998
25006,10A,BRP1_25006_Obs10A_EDITED.txt,posture,588.067,610.0,21.933,on stomach,BRP1_25006_REC101112_2025-10-23-09-41-02,527.68,,True,True,1115.7469999999998,1137.6799999999998
25006,10A,BRP1_25006_Obs10A_EDITED.txt,posture,610.0,633.0,23.0,crawl,BRP1_25006_REC101112_2025-10-23-09-41-02,527.68,,True,True,1137.6799999999998,1160.6799999999998
25006,10A,BRP1_25006_Obs10A_EDITED.txt,posture,633.0,719.0,86.0,on stomach,BRP1_25006_REC101112_2025-10-23-09-41-02,527.68,,True,True,1160.6799999999998,1246.6799999999998
25006,10A,BRP1_25006_Obs10A_EDITED.txt,posture,719.0,722.337,3.337,crawl,BRP1_25006_REC101112_2025-10-23-09-41-02,527.68,,True,True,1246.6799999999998,1250.0169999999998
25006,10A,BRP1_25006_Obs10A_EDITED.txt,posture,722.337,723.557,1.22,on stomach,BRP1_25006_REC101112_2025-10-23-09-41-02,527.68,,True,True,1250.0169999999998,1251.237
25006,10A,BRP1_25006_Obs10A_EDITED.txt,posture,723.557,745.898,22.341,crawl,BRP1_25006_REC101112_2025-10-23-09-41-02,527.68,,True,True,1251.237,1273.578
25006,10A,BRP1_25006_Obs10A_EDITED.txt,posture,745.898,758.0,12.102,on stomach,BRP1_25006_REC101112_2025-10-23-09-41-02,527.68,,True,True,1273.578,1285.6799999999998
25006,10A,BRP1_25006_Obs10A_EDITED.txt,posture,758.0,765.0,7.0,crawl,BRP1_25006_REC101112_2025-10-23-09-41-02,527.68,,True,True,1285.6799999999998,1292.6799999999998
25006,10A,BRP1_25006_Obs10A_EDITED.txt,posture,765.0,782.224,17.224,on stomach,BRP1_25006_REC101112_2025-10-23-09-41-02,527.68,,True,True,1292.6799999999998,1309.904
25006,10A,BRP1_25006_Obs10A_EDITED.txt,posture,782.224,784.812,2.588,crawl,BRP1_25006_REC101112_2025-10-23-09-41-02,527.68,,True,True,1309.904,1312.492
25006,10A,BRP1_25006_Obs10A_EDITED.txt,posture,784.812,869.0,84.188,on stomach,BRP1_25006_REC101112_2025-10-23-09-41-02,527.68,,True,True,1312.492,1396.6799999999998
25006,10A,BRP1_25006_Obs10A_EDITED.txt,posture,869.0,874.64,5.64,crawl,BRP1_25006_REC101112_2025-10-23-09-41-02,527.68,,True,True,1396.6799999999998,1402.32
25006,10A,BRP1_25006_Obs10A_EDITED.txt,posture,874.64,879.254,4.614,on stomach,BRP1_25006_REC101112_2025-10-23-09-41-02,527.68,,True,True,1402.32,1406.934
25006,10A,BRP1_25006_Obs10A_EDITED.txt,posture,879.254,949.0,69.746,crawl,BRP1_25006_REC101112_2025-10-23-09-41-02,527.68,,True,True,1406.934,1476.6799999999998
25006,10A,BRP1_25006_Obs10A_EDITED.txt,posture,949.0,1023.0,74.0,on stomach,BRP1_25006_REC101112_2025-10-23-09-41-02,527.68,,True,True,1476.6799999999998,1550.6799999999998
25006,10A,BRP1_25006_Obs10A_EDITED.txt,posture,1023.0,1049.669,26.669,crawl,BRP1_25006_REC101112_2025-10-23-09-41-02,527.68,,True,True,1550.6799999999998,1577.3490000000002
25006,10A,BRP1_25006_Obs10A_EDITED.txt,posture,1049.669,1056.794,7.125,on stomach,BRP1_25006_REC101112_2025-10-23-09-41-02,527.68,,True,True,1577.3490000000002,1584.4740000000002
25006,10A,BRP1_25006_Obs10A_EDITED.txt,posture,1056.794,1076.0,19.206,crawl,BRP1_25006_REC101112_2025-10-23-09-41-02,527.68,,True,True,1584.4740000000002,1603.6799999999998
25006,10A,BRP1_25006_Obs10A_EDITED.txt,posture,1076.0,1087.0,11.0,on stomach,BRP1_25006_REC101112_2025-10-23-09-41-02,527.68,,True,True,1603.6799999999998,1614.6799999999998
25006,10A,BRP1_25006_Obs10A_EDITED.txt,posture,1087.0,1116.0,29.0,crawl,BRP1_25006_REC101112_2025-10-23-09-41-02,527.68,,True,True,1614.6799999999998,1643.6799999999998
25006,10A,BRP1_25006_Obs10A_EDITED.txt,posture,1116.0,1125.0,9.0,on stomach,BRP1_25006_REC101112_2025-10-23-09-41-02,527.68,,True,True,1643.6799999999998,1652.6799999999998
25006,10A,BRP1_25006_Obs10A_EDITED.txt,posture,1125.0,1131.0,6.0,crawl,BRP1_25006_REC101112_2025-10-23-09-41-02,527.68,,True,True,1652.6799999999998,1658.6799999999998
25006,10A,BRP1_25006_Obs10A_EDITED.txt,posture,1131.0,1140.0,9.0,on stomach,BRP1_25006_REC101112_2025-10-23-09-41-02,527.68,,True,True,1658.6799999999998,1667.6799999999998
25006,10A,BRP1_25006_Obs10A_EDITED.txt,posture,1140.0,1147.0,7.0,crawl,BRP1_25006_REC101112_2025-10-23-09-41-02,527.68,,True,True,1667.6799999999998,1674.6799999999998
25006,10A,BRP1_25006_Obs10A_EDITED.txt,posture,1147.0,1156.0,9.0,sit,BRP1_25006_REC101112_2025-10-23-09-41-02,527.68,,True,True,1674.6799999999998,1683.6799999999998
25006,10A,BRP1_25006_Obs10A_EDITED.txt,posture,1156.0,1162.0,6.0,crawl,BRP1_25006_REC101112_2025-10-23-09-41-02,527.68,,True,True,1683.6799999999998,1689.6799999999998
25006,10A,BRP1_25006_Obs10A_EDITED.txt,posture,1162.0,1184.0,22.0,sit,BRP1_25006_REC101112_2025-10-23-09-41-02,527.68,,True,True,1689.6799999999998,1711.6799999999998
25006,10A,BRP1_25006_Obs10A_EDITED.txt,posture,1184.0,1187.0,3.0,sit,BRP1_25006_REC101112_2025-10-23-09-41-02,527.68,,True,True,1711.6799999999998,1714.6799999999998
25006,10A,BRP1_25006_Obs10A_EDITED.txt,posture,1187.0,1197.0,10.0,sit,BRP1_25006_REC101112_2025-10-23-09-41-02,527.68,,True,True,1714.6799999999998,1724.6799999999998
25006,10A,BRP1_25006_Obs10A_EDITED.txt,posture,1197.0,1204.0,7.0,crawl,BRP1_25006_REC101112_2025-10-23-09-41-02,527.68,,True,True,1724.6799999999998,1731.6799999999998
25006,10A,BRP1_25006_Obs10A_EDITED.txt,posture,1204.0,1209.0,5.0,crawl,BRP1_25006_REC101112_2025-10-23-09-41-02,527.68,,True,True,1731.6799999999998,1736.6799999999998
25006,10A,BRP1_25006_Obs10A_EDITED.txt,posture,1209.0,1218.0,9.0,crawl,BRP1_25006_REC101112_2025-10-23-09-41-02,527.68,,True,True,1736.6799999999998,1745.6799999999998
25006,10A,BRP1_25006_Obs10A_EDITED.txt,posture,1218.0,1225.0,7.0,on stomach,BRP1_25006_REC101112_2025-10-23-09-41-02,527.68,,True,True,1745.6799999999998,1752.6799999999998
25006,10A,BRP1_25006_Obs10A_EDITED.txt,posture,1225.0,1266.0,41.0,crawl,BRP1_25006_REC101112_2025-10-23-09-41-02,527.68,,True,True,1752.6799999999998,1793.6799999999998
25006,10A,BRP1_25006_Obs10A_EDITED.txt,posture,1266.0,1312.0,46.0,on stomach,BRP1_25006_REC101112_2025-10-23-09-41-02,527.68,,True,True,1793.6799999999998,1839.6799999999998
25006,10A,BRP1_25006_Obs10A_EDITED.txt,posture,1312.0,1324.0,12.0,crawl,BRP1_25006_REC101112_2025-10-23-09-41-02,527.68,,True,True,1839.6799999999998,1851.6799999999998
25006,10A,BRP1_25006_Obs10A_EDITED.txt,posture,1324.0,1339.0,15.0,sit,BRP1_25006_REC101112_2025-10-23-09-41-02,527.68,,True,True,1851.6799999999998,1866.6799999999998
25006,10A,BRP1_25006_Obs10A_EDITED.txt,posture,1339.0,1392.842,53.842,stand,BRP1_25006_REC101112_2025-10-23-09-41-02,527.68,,True,True,1866.6799999999998,1920.522
25006,10A,BRP1_25006_Obs10A_EDITED.txt,posture,1392.842,1400.0,7.158,on back,BRP1_25006_REC101112_2025-10-23-09-41-02,527.68,,True,True,1920.522,1927.6799999999998
25006,10A,BRP1_25006_Obs10A_EDITED.txt,posture,1400.0,1443.0,43.0,on stomach,BRP1_25006_REC101112_2025-10-23-09-41-02,527.68,,True,True,1927.6799999999998,1970.6799999999998
25006,10A,BRP1_25006_Obs10A_EDITED.txt,posture,1443.0,1464.0,21.0,crawl,BRP1_25006_REC101112_2025-10-23-09-41-02,527.68,,True,True,1970.6799999999998,1991.6799999999998
25006,10A,BRP1_25006_Obs10A_EDITED.txt,posture,1464.0,1467.0,3.0,on stomach,BRP1_25006_REC101112_2025-10-23-09-41-02,527.68,,True,True,1991.6799999999998,1994.6799999999998
25006,10A,BRP1_25006_Obs10A_EDITED.txt,posture,1467.0,1478.814,11.814,crawl,BRP1_25006_REC101112_2025-10-23-09-41-02,527.68,,True,True,1994.6799999999998,2006.4940000000001
25006,10A,BRP1_25006_Obs10A_EDITED.txt,posture,1478.814,1494.0,15.186,crawl,BRP1_25006_REC101112_2025-10-23-09-41-02,527.68,,True,True,2006.4940000000001,2021.6799999999998
25006,10A,BRP1_25006_Obs10A_EDITED.txt,posture,1494.0,1506.0,12.0,sit,BRP1_25006_REC101112_2025-10-23-09-41-02,527.68,,True,True,2021.6799999999998,2033.6799999999998
25006,10A,BRP1_25006_Obs10A_EDITED.txt,posture,1506.0,1515.0,9.0,crawl,BRP1_25006_REC101112_2025-10-23-09-41-02,527.68,,True,True,2033.6799999999998,2042.6799999999998
25006,10A,BRP1_25006_Obs10A_EDITED.txt,posture,1515.0,1531.0,16.0,sit,BRP1_25006_REC101112_2025-10-23-09-41-02,527.68,,True,True,2042.6799999999998,2058.68
25006,10A,BRP1_25006_Obs10A_EDITED.txt,posture,1531.0,1540.0,9.0,crawl,BRP1_25006_REC101112_2025-10-23-09-41-02,527.68,,True,True,2058.68,2067.68
25006,10A,BRP1_25006_Obs10A_EDITED.txt,posture,1540.0,1552.0,12.0,on stomach,BRP1_25006_REC101112_2025-10-23-09-41-02,527.68,,True,True,2067.68,2079.68
25006,10A,BRP1_25006_Obs10A_EDITED.txt,posture,1552.0,1556.0,4.0,crawl,BRP1_25006_REC101112_2025-10-23-09-41-02,527.68,,True,True,2079.68,2083.68
25006,10A,BRP1_25006_Obs10A_EDITED.txt,posture,1556.0,1562.0,6.0,sit,BRP1_25006_REC101112_2025-10-23-09-41-02,527.68,,True,True,2083.68,2089.68
25006,10A,BRP1_25006_Obs10A_EDITED.txt,posture,1562.0,1572.0,10.0,crawl,BRP1_25006_REC101112_2025-10-23-09-41-02,527.68,,True,True,2089.68,2099.68
25006,10A,BRP1_25006_Obs10A_EDITED.txt,posture,1572.0,1583.0,11.0,sit,BRP1_25006_REC101112_2025-10-23-09-41-02,527.68,,True,True,2099.68,2110.68
25006,10A,BRP1_25006_Obs10A_EDITED.txt,posture,1583.0,1592.0,9.0,crawl,BRP1_25006_REC101112_2025-10-23-09-41-02,527.68,,True,True,2110.68,2119.68
25006,10A,BRP1_25006_Obs10A_EDITED.txt,posture,1592.0,1612.0,20.0,sit,BRP1_25006_REC101112_2025-10-23-09-41-02,527.68,,True,True,2119.68,2139.68
25006,10A,BRP1_25006_Obs10A_EDITED.txt,posture,1612.0,1625.0,13.0,stand,BRP1_25006_REC101112_2025-10-23-09-41-02,527.68,,True,True,2139.68,2152.68
25006,10A,BRP1_25006_Obs10A_EDITED.txt,posture,1625.0,1628.0,3.0,on back,BRP1_25006_REC101112_2025-10-23-09-41-02,527.68,,True,True,2152.68,2155.68
25006,10A,BRP1_25006_Obs10A_EDITED.txt,posture,1628.0,1639.0,11.0,on stomach,BRP1_25006_REC101112_2025-10-23-09-41-02,527.68,,True,True,2155.68,2166.68
25006,10A,BRP1_25006_Obs10A_EDITED.txt,posture,1639.0,1648.0,9.0,crawl,BRP1_25006_REC101112_2025-10-23-09-41-02,527.68,,True,True,2166.68,2175.68
25006,10A,BRP1_25006_Obs10A_EDITED.txt,posture,1648.0,1653.296,5.296,on stomach,BRP1_25006_REC101112_2025-10-23-09-41-02,527.68,,True,True,2175.68,2180.976
25006,10A,BRP1_25006_Obs10A_EDITED.txt,posture,1653.296,1672.0,18.704,crawl,BRP1_25006_REC101112_2025-10-23-09-41-02,527.68,,True,True,2180.976,2199.68
25006,10A,BRP1_25006_Obs10A_EDITED.txt,posture,1672.0,1682.0,10.0,on stomach,BRP1_25006_REC101112_2025-10-23-09-41-02,527.68,,True,True,2199.68,2209.68
25006,10A,BRP1_25006_Obs10A_EDITED.txt,posture,1682.0,1699.0,17.0,crawl,BRP1_25006_REC101112_2025-10-23-09-41-02,527.68,,True,True,2209.68,2226.68
25006,10A,BRP1_25006_Obs10A_EDITED.txt,posture,1699.0,1705.0,6.0,on stomach,BRP1_25006_REC101112_2025-10-23-09-41-02,527.68,,True,True,2226.68,2232.68
25006,10A,BRP1_25006_Obs10A_EDITED.txt,posture,1705.0,1708.0,3.0,crawl,BRP1_25006_REC101112_2025-10-23-09-41-02,527.68,,True,True,2232.68,2235.68
25006,10A,BRP1_25006_Obs10A_EDITED.txt,posture,1708.0,1713.0,5.0,on stomach,BRP1_25006_REC101112_2025-10-23-09-41-02,527.68,,True,True,2235.68,2240.68
25006,10A,BRP1_25006_Obs10A_EDITED.txt,posture,1713.0,1721.0,8.0,crawl,BRP1_25006_REC101112_2025-10-23-09-41-02,527.68,,True,True,2240.68,2248.68
25006,10A,BRP1_25006_Obs10A_EDITED.txt,posture,1721.0,1724.0,3.0,on stomach,BRP1_25006_REC101112_2025-10-23-09-41-02,527.68,,True,True,2248.68,2251.68
25006,10A,BRP1_25006_Obs10A_EDITED.txt,posture,1724.0,1730.064,6.064,crawl,BRP1_25006_REC101112_2025-10-23-09-41-02,527.68,,True,True,2251.68,2257.744
25006,10A,BRP1_25006_Obs10A_EDITED.txt,posture,1730.064,1752.0,21.936,on stomach,BRP1_25006_REC101112_2025-10-23-09-41-02,527.68,,True,True,2257.744,2279.68
25006,10A,BRP1_25006_Obs10A_EDITED.txt,posture,1752.0,1767.0,15.0,crawl,BRP1_25006_REC101112_2025-10-23-09-41-02,527.68,,True,True,2279.68,2294.68
25006,10A,BRP1_25006_Obs10A_EDITED.txt,posture,1767.0,1783.0,16.0,sit,BRP1_25006_REC101112_2025-10-23-09-41-02,527.68,,True,True,2294.68,2310.68
25006,10A,BRP1_25006_Obs10A_EDITED.txt,posture,1783.0,1784.0,1.0,sit,BRP1_25006_REC101112_2025-10-23-09-41-02,527.68,,True,True,2310.68,2311.68
25006,10A,BRP1_25006_Obs10A_EDITED.txt,posture,1784.0,1802.0,18.0,sit,BRP1_25006_REC101112_2025-10-23-09-41-02,527.68,,True,True,2311.68,2329.68
25006,10A,BRP1_25006_Obs10A_EDITED.txt,posture,1802.0,1815.0,13.0,stand,BRP1_25006_REC101112_2025-10-23-09-41-02,527.68,,True,True,2329.68,2342.68
25006,10A,BRP1_25006_Obs10A_EDITED.txt,posture,1815.0,1825.486,10.486,sit,BRP1_25006_REC101112_2025-10-23-09-41-02,527.68,,True,True,2342.68,2353.166
25006,10A,BRP1_25006_Obs10A_EDITED.txt,posture,1825.486,1843.0,17.514,on back,BRP1_25006_REC101112_2025-10-23-09-41-02,527.68,,True,True,2353.166,2370.68
25006,10A,BRP1_25006_Obs10A_EDITED.txt,posture,1843.0,1864.427,21.427,sit,BRP1_25006_REC101112_2025-10-23-09-41-02,527.68,,True,True,2370.68,2392.107
25006,10A,BRP1_25006_Obs10A_EDITED.txt,posture,1864.427,2286.0,421.573,recline back,BRP1_25006_REC101112_2025-10-23-09-41-02,527.68,,True,True,2392.107,2813.68
25006,10A,BRP1_25006_Obs10A_EDITED.txt,posture,2286.0,2373.0,87.0,sit,BRP1_25006_REC101112_2025-10-23-09-41-02,527.68,,True,True,2813.68,2900.68
25006,10A,BRP1_25006_Obs10A_EDITED.txt,posture,2373.0,2668.0,295.0,recline back,BRP1_25006_REC101112_2025-10-23-09-41-02,527.68,,True,True,2900.68,3195.68
25006,10A,BRP1_25006_Obs10A_EDITED.txt,posture,2668.0,2672.0,4.0,on back,BRP1_25006_REC101112_2025-10-23-09-41-02,527.68,,True,True,3195.68,3199.68
25006,10A,BRP1_25006_Obs10A_EDITED.txt,posture,2672.0,3619.0,947.0,on side,BRP1_25006_REC101112_2025-10-23-09-41-02,527.68,,True,True,3199.68,4146.68
25006,11A,BRP1_25006_Obs11A_EDITED.txt,posture,0.0,285.0,285.0,recline back,BRP1_25006_REC101112_2025-10-28-09-39-39,385.02,,True,True,385.02,670.02
25006,11A,BRP1_25006_Obs11A_EDITED.txt,posture,285.0,2279.0,1994.0,on side,BRP1_25006_REC101112_2025-10-28-09-39-39,385.02,,True,True,670.02,2664.02
25006,11A,BRP1_25006_Obs11A_EDITED.txt,posture,2279.0,2310.379,31.379,on stomach,BRP1_25006_REC101112_2025-10-28-09-39-39,385.02,,True,True,2664.02,2695.399
25006,11A,BRP1_25006_Obs11A_EDITED.txt,posture,2310.379,2313.21,2.831,crawl,BRP1_25006_REC101112_2025-10-28-09-39-39,385.02,,True,True,2695.399,2698.23
25006,11A,BRP1_25006_Obs11A_EDITED.txt,posture,2313.21,2317.042,3.832,on stomach,BRP1_25006_REC101112_2025-10-28-09-39-39,385.02,,True,True,2698.23,2702.062
25006,11A,BRP1_25006_Obs11A_EDITED.txt,posture,2317.042,2329.0,11.958,on stomach,BRP1_25006_REC101112_2025-10-28-09-39-39,385.02,,True,True,2702.062,2714.02
25006,11A,BRP1_25006_Obs11A_EDITED.txt,posture,2329.0,2360.0,31.0,on back,BRP1_25006_REC101112_2025-10-28-09-39-39,385.02,,True,True,2714.02,2745.02
25006,11A,BRP1_25006_Obs11A_EDITED.txt,posture,2360.0,2363.0,3.0,on stomach,BRP1_25006_REC101112_2025-10-28-09-39-39,385.02,,True,True,2745.02,2748.02
25006,11A,BRP1_25006_Obs11A_EDITED.txt,posture,2363.0,2379.0,16.0,crawl,BRP1_25006_REC101112_2025-10-28-09-39-39,385.02,,True,True,2748.02,2764.02
25006,11A,BRP1_25006_Obs11A_EDITED.txt,posture,2379.0,2411.0,32.0,sit,BRP1_25006_REC101112_2025-10-28-09-39-39,385.02,,True,True,2764.02,2796.02
25006,11A,BRP1_25006_Obs11A_EDITED.txt,posture,2411.0,2419.0,8.0,crawl,BRP1_25006_REC101112_2025-10-28-09-39-39,385.02,,True,True,2796.02,2804.02
25006,11A,BRP1_25006_Obs11A_EDITED.txt,posture,2419.0,2439.0,20.0,on stomach,BRP1_25006_REC101112_2025-10-28-09-39-39,385.02,,True,True,2804.02,2824.02
25006,11A,BRP1_25006_Obs11A_EDITED.txt,posture,2439.0,2468.0,29.0,crawl,BRP1_25006_REC101112_2025-10-28-09-39-39,385.02,,True,True,2824.02,2853.02
25006,11A,BRP1_25006_Obs11A_EDITED.txt,posture,2468.0,2538.0,70.0,stand,BRP1_25006_REC101112_2025-10-28-09-39-39,385.02,,True,True,2853.02,2923.02
25006,11A,BRP1_25006_Obs11A_EDITED.txt,posture,2538.0,2541.0,3.0,stand,BRP1_25006_REC101112_2025-10-28-09-39-39,385.02,,True,True,2923.02,2926.02
25006,11A,BRP1_25006_Obs11A_EDITED.txt,posture,2541.0,2548.0,7.0,sit,BRP1_25006_REC101112_2025-10-28-09-39-39,385.02,,True,True,2926.02,2933.02
25006,11A,BRP1_25006_Obs11A_EDITED.txt,posture,2548.0,2571.0,23.0,stand,BRP1_25006_REC101112_2025-10-28-09-39-39,385.02,,True,True,2933.02,2956.02
25006,11A,BRP1_25006_Obs11A_EDITED.txt,posture,2571.0,2574.0,3.0,stand,BRP1_25006_REC101112_2025-10-28-09-39-39,385.02,,True,True,2956.02,2959.02
25006,11A,BRP1_25006_Obs11A_EDITED.txt,posture,2574.0,2592.0,18.0,stand,BRP1_25006_REC101112_2025-10-28-09-39-39,385.02,,True,True,2959.02,2977.02
25006,11A,BRP1_25006_Obs11A_EDITED.txt,posture,2592.0,2595.0,3.0,stand,BRP1_25006_REC101112_2025-10-28-09-39-39,385.02,,True,True,2977.02,2980.02
25006,11A,BRP1_25006_Obs11A_EDITED.txt,posture,2595.0,2597.0,2.0,stand,BRP1_25006_REC101112_2025-10-28-09-39-39,385.02,,True,True,2980.02,2982.02
25006,11A,BRP1_25006_Obs11A_EDITED.txt,posture,2597.0,2600.0,3.0,stand,BRP1_25006_REC101112_2025-10-28-09-39-39,385.02,,True,True,2982.02,2985.02
25006,11A,BRP1_25006_Obs11A_EDITED.txt,posture,2600.0,2604.0,4.0,stand,BRP1_25006_REC101112_2025-10-28-09-39-39,385.02,,True,True,2985.02,2989.02
25006,11A,BRP1_25006_Obs11A_EDITED.txt,posture,2604.0,2613.0,9.0,stand,BRP1_25006_REC101112_2025-10-28-09-39-39,385.02,,True,True,2989.02,2998.02
25006,11A,BRP1_25006_Obs11A_EDITED.txt,posture,2613.0,2632.0,19.0,stand,BRP1_25006_REC101112_2025-10-28-09-39-39,385.02,,True,True,2998.02,3017.02
25006,11A,BRP1_25006_Obs11A_EDITED.txt,posture,2632.0,2643.0,11.0,sit,BRP1_25006_REC101112_2025-10-28-09-39-39,385.02,,True,True,3017.02,3028.02
25006,11A,BRP1_25006_Obs11A_EDITED.txt,posture,2643.0,2645.0,2.0,crawl,BRP1_25006_REC101112_2025-10-28-09-39-39,385.02,,True,True,3028.02,3030.02
25006,11A,BRP1_25006_Obs11A_EDITED.txt,posture,2645.0,2669.0,24.0,on stomach,BRP1_25006_REC101112_2025-10-28-09-39-39,385.02,,True,True,3030.02,3054.02
25006,11A,BRP1_25006_Obs11A_EDITED.txt,posture,2669.0,2675.0,6.0,crawl,BRP1_25006_REC101112_2025-10-28-09-39-39,385.02,,True,True,3054.02,3060.02
25006,11A,BRP1_25006_Obs11A_EDITED.txt,posture,2675.0,2691.0,16.0,sit,BRP1_25006_REC101112_2025-10-28-09-39-39,385.02,,True,True,3060.02,3076.02
25006,11A,BRP1_25006_Obs11A_EDITED.txt,posture,2691.0,2725.0,34.0,stand,BRP1_25006_REC101112_2025-10-28-09-39-39,385.02,,True,True,3076.02,3110.02
25006,11A,BRP1_25006_Obs11A_EDITED.txt,posture,2725.0,2753.0,28.0,sit,BRP1_25006_REC101112_2025-10-28-09-39-39,385.02,,True,True,3110.02,3138.02
25006,11A,BRP1_25006_Obs11A_EDITED.txt,posture,2753.0,2766.0,13.0,stand,BRP1_25006_REC101112_2025-10-28-09-39-39,385.02,,True,True,3138.02,3151.02
25006,11A,BRP1_25006_Obs11A_EDITED.txt,posture,2766.0,2800.0,34.0,sit,BRP1_25006_REC101112_2025-10-28-09-39-39,385.02,,True,True,3151.02,3185.02
25006,11A,BRP1_25006_Obs11A_EDITED.txt,posture,2800.0,2823.0,23.0,stand,BRP1_25006_REC101112_2025-10-28-09-39-39,385.02,,True,True,3185.02,3208.02
25006,11A,BRP1_25006_Obs11A_EDITED.txt,posture,2823.0,2841.0,18.0,sit,BRP1_25006_REC101112_2025-10-28-09-39-39,385.02,,True,True,3208.02,3226.02
25006,11A,BRP1_25006_Obs11A_EDITED.txt,posture,2841.0,2887.0,46.0,stand,BRP1_25006_REC101112_2025-10-28-09-39-39,385.02,,True,True,3226.02,3272.02
25006,11A,BRP1_25006_Obs11A_EDITED.txt,posture,2887.0,2897.0,10.0,sit,BRP1_25006_REC101112_2025-10-28-09-39-39,385.02,,True,True,3272.02,3282.02
25006,11A,BRP1_25006_Obs11A_EDITED.txt,posture,2897.0,2904.0,7.0,stand,BRP1_25006_REC101112_2025-10-28-09-39-39,385.02,,True,True,3282.02,3289.02
25006,11A,BRP1_25006_Obs11A_EDITED.txt,posture,2904.0,2916.0,12.0,sit,BRP1_25006_REC101112_2025-10-28-09-39-39,385.02,,True,True,3289.02,3301.02
25006,11A,BRP1_25006_Obs11A_EDITED.txt,posture,2916.0,2946.88,30.88,crawl,BRP1_25006_REC101112_2025-10-28-09-39-39,385.02,,True,True,3301.02,3331.9
25006,11A,BRP1_25006_Obs11A_EDITED.txt,posture,2946.88,2949.714,2.834,sit,BRP1_25006_REC101112_2025-10-28-09-39-39,385.02,,True,True,3331.9,3334.734
25006,11A,BRP1_25006_Obs11A_EDITED.txt,posture,2949.714,2954.045,4.331,sit,BRP1_25006_REC101112_2025-10-28-09-39-39,385.02,,True,True,3334.734,3339.065
25006,11A,BRP1_25006_Obs11A_EDITED.txt,posture,2954.045,2965.0,10.955,sit,BRP1_25006_REC101112_2025-10-28-09-39-39,385.02,,True,True,3339.065,3350.02
25006,11A,BRP1_25006_Obs11A_EDITED.txt,posture,2965.0,2991.0,26.0,stand,BRP1_25006_REC101112_2025-10-28-09-39-39,385.02,,True,True,3350.02,3376.02
25006,11A,BRP1_25006_Obs11A_EDITED.txt,posture,2991.0,2995.599,4.599,sit,BRP1_25006_REC101112_2025-10-28-09-39-39,385.02,,True,True,3376.02,3380.619
25006,11A,BRP1_25006_Obs11A_EDITED.txt,posture,2995.599,3008.0,12.401,stand,BRP1_25006_REC101112_2025-10-28-09-39-39,385.02,,True,True,3380.619,3393.02
25006,11A,BRP1_25006_Obs11A_EDITED.txt,posture,3008.0,3011.0,3.0,sit,BRP1_25006_REC101112_2025-10-28-09-39-39,385.02,,True,True,3393.02,3396.02
25006,11A,BRP1_25006_Obs11A_EDITED.txt,posture,3011.0,3040.0,29.0,stand,BRP1_25006_REC101112_2025-10-28-09-39-39,385.02,,True,True,3396.02,3425.02
25006,11A,BRP1_25006_Obs11A_EDITED.txt,posture,3040.0,3061.0,21.0,sit,BRP1_25006_REC101112_2025-10-28-09-39-39,385.02,,True,True,3425.02,3446.02
25006,11A,BRP1_25006_Obs11A_EDITED.txt,posture,3061.0,3065.335,4.335,stand,BRP1_25006_REC101112_2025-10-28-09-39-39,385.02,,True,True,3446.02,3450.355
25006,11A,BRP1_25006_Obs11A_EDITED.txt,posture,3065.335,3075.119,9.784,sit,BRP1_25006_REC101112_2025-10-28-09-39-39,385.02,,True,True,3450.355,3460.139
25006,11A,BRP1_25006_Obs11A_EDITED.txt,posture,3075.119,3080.0,4.881,sit,BRP1_25006_REC101112_2025-10-28-09-39-39,385.02,,True,True,3460.139,3465.02
25006,11A,BRP1_25006_Obs11A_EDITED.txt,posture,3080.0,3110.0,30.0,stand,BRP1_25006_REC101112_2025-10-28-09-39-39,385.02,,True,True,3465.02,3495.02
25006,11A,BRP1_25006_Obs11A_EDITED.txt,posture,3110.0,3113.0,3.0,sit,BRP1_25006_REC101112_2025-10-28-09-39-39,385.02,,True,True,3495.02,3498.02
25006,11A,BRP1_25006_Obs11A_EDITED.txt,posture,3113.0,3123.28,10.28,sit,BRP1_25006_REC101112_2025-10-28-09-39-39,385.02,,True,True,3498.02,3508.3
25006,11A,BRP1_25006_Obs11A_EDITED.txt,posture,3123.28,3129.034,5.754,stand,BRP1_25006_REC101112_2025-10-28-09-39-39,385.02,,True,True,3508.3,3514.054
25006,11A,BRP1_25006_Obs11A_EDITED.txt,posture,3129.034,3138.0,8.966,stand,BRP1_25006_REC101112_2025-10-28-09-39-39,385.02,,True,True,3514.054,3523.02
25006,11A,BRP1_25006_Obs11A_EDITED.txt,posture,3138.0,3148.0,10.0,stand,BRP1_25006_REC101112_2025-10-28-09-39-39,385.02,,True,True,3523.02,3533.02
25006,11A,BRP1_25006_Obs11A_EDITED.txt,posture,3148.0,3160.0,12.0,stand,BRP1_25006_REC101112_2025-10-28-09-39-39,385.02,,True,True,3533.02,3545.02
25006,11A,BRP1_25006_Obs11A_EDITED.txt,posture,3160.0,3164.0,4.0,sit,BRP1_25006_REC101112_2025-10-28-09-39-39,385.02,,True,True,3545.02,3549.02
25006,11A,BRP1_25006_Obs11A_EDITED.txt,posture,3164.0,3189.0,25.0,stand,BRP1_25006_REC101112_2025-10-28-09-39-39,385.02,,True,True,3549.02,3574.02
25006,11A,BRP1_25006_Obs11A_EDITED.txt,posture,3189.0,3196.581,7.581,crawl,BRP1_25006_REC101112_2025-10-28-09-39-39,385.02,,True,True,3574.02,3581.601
25006,11A,BRP1_25006_Obs11A_EDITED.txt,posture,3196.581,3202.024,5.443,stand,BRP1_25006_REC101112_2025-10-28-09-39-39,385.02,,True,True,3581.601,3587.044
25006,11A,BRP1_25006_Obs11A_EDITED.txt,posture,3202.024,3204.0,1.976,stand,BRP1_25006_REC101112_2025-10-28-09-39-39,385.02,,True,True,3587.044,3589.02
25006,11A,BRP1_25006_Obs11A_EDITED.txt,posture,3204.0,3208.0,4.0,sit,BRP1_25006_REC101112_2025-10-28-09-39-39,385.02,,True,True,3589.02,3593.02
25006,11A,BRP1_25006_Obs11A_EDITED.txt,posture,3208.0,3223.0,15.0,stand,BRP1_25006_REC101112_2025-10-28-09-39-39,385.02,,True,True,3593.02,3608.02
25006,11A,BRP1_25006_Obs11A_EDITED.txt,posture,3223.0,3239.0,16.0,sit,BRP1_25006_REC101112_2025-10-28-09-39-39,385.02,,True,True,3608.02,3624.02
25006,11A,BRP1_25006_Obs11A_EDITED.txt,posture,3239.0,3250.0,11.0,stand,BRP1_25006_REC101112_2025-10-28-09-39-39,385.02,,True,True,3624.02,3635.02
25006,11A,BRP1_25006_Obs11A_EDITED.txt,posture,3250.0,3264.0,14.0,stand,BRP1_25006_REC101112_2025-10-28-09-39-39,385.02,,True,True,3635.02,3649.02
25006,11A,BRP1_25006_Obs11A_EDITED.txt,posture,3264.0,3267.0,3.0,stand,BRP1_25006_REC101112_2025-10-28-09-39-39,385.02,,True,True,3649.02,3652.02
25006,11A,BRP1_25006_Obs11A_EDITED.txt,posture,3267.0,3275.0,8.0,sit,BRP1_25006_REC101112_2025-10-28-09-39-39,385.02,,True,True,3652.02,3660.02
25006,11A,BRP1_25006_Obs11A_EDITED.txt,posture,3275.0,3322.0,47.0,stand,BRP1_25006_REC101112_2025-10-28-09-39-39,385.02,,True,True,3660.02,3707.02
25006,11A,BRP1_25006_Obs11A_EDITED.txt,posture,3322.0,3338.0,16.0,stand,BRP1_25006_REC101112_2025-10-28-09-39-39,385.02,,True,True,3707.02,3723.02
25006,11A,BRP1_25006_Obs11A_EDITED.txt,posture,3338.0,3393.0,55.0,sit,BRP1_25006_REC101112_2025-10-28-09-39-39,385.02,,True,True,3723.02,3778.02
25006,11A,BRP1_25006_Obs11A_EDITED.txt,posture,3393.0,3400.0,7.0,stand,BRP1_25006_REC101112_2025-10-28-09-39-39,385.02,,True,True,3778.02,3785.02
25006,11A,BRP1_25006_Obs11A_EDITED.txt,posture,3400.0,3408.0,8.0,sit,BRP1_25006_REC101112_2025-10-28-09-39-39,385.02,,True,True,3785.02,3793.02
25006,11A,BRP1_25006_Obs11A_EDITED.txt,posture,3408.0,3418.0,10.0,stand,BRP1_25006_REC101112_2025-10-28-09-39-39,385.02,,True,True,3793.02,3803.02
25006,11A,BRP1_25006_Obs11A_EDITED.txt,posture,3418.0,3421.0,3.0,sit,BRP1_25006_REC101112_2025-10-28-09-39-39,385.02,,True,True,3803.02,3806.02
25006,11A,BRP1_25006_Obs11A_EDITED.txt,posture,3421.0,3432.0,11.0,stand,BRP1_25006_REC101112_2025-10-28-09-39-39,385.02,,True,True,3806.02,3817.02
25006,11A,BRP1_25006_Obs11A_EDITED.txt,posture,3432.0,3447.0,15.0,sit,BRP1_25006_REC101112_2025-10-28-09-39-39,385.02,,True,True,3817.02,3832.02
25006,11A,BRP1_25006_Obs11A_EDITED.txt,posture,3447.0,3453.0,6.0,stand,BRP1_25006_REC101112_2025-10-28-09-39-39,385.02,,True,True,3832.02,3838.02
25006,11A,BRP1_25006_Obs11A_EDITED.txt,posture,3453.0,3457.0,4.0,sit,BRP1_25006_REC101112_2025-10-28-09-39-39,385.02,,True,True,3838.02,3842.02
25006,11A,BRP1_25006_Obs11A_EDITED.txt,posture,3457.0,3472.0,15.0,stand,BRP1_25006_REC101112_2025-10-28-09-39-39,385.02,,True,True,3842.02,3857.02
25006,11A,BRP1_25006_Obs11A_EDITED.txt,posture,3472.0,3476.0,4.0,sit,BRP1_25006_REC101112_2025-10-28-09-39-39,385.02,,True,True,3857.02,3861.02
25006,11A,BRP1_25006_Obs11A_EDITED.txt,posture,3476.0,3479.0,3.0,on side,BRP1_25006_REC101112_2025-10-28-09-39-39,385.02,,True,True,3861.02,3864.02
25006,11A,BRP1_25006_Obs11A_EDITED.txt,posture,3479.0,3485.036,6.036,stand,BRP1_25006_REC101112_2025-10-28-09-39-39,385.02,,True,True,3864.02,3870.056
25006,11A,BRP1_25006_Obs11A_EDITED.txt,posture,3485.036,3486.0,0.964,stand,BRP1_25006_REC101112_2025-10-28-09-39-39,385.02,,True,True,3870.056,3871.02
25006,11A,BRP1_25006_Obs11A_EDITED.txt,posture,3486.0,3498.215,12.215,crawl,BRP1_25006_REC101112_2025-10-28-09-39-39,385.02,,True,True,3871.02,3883.235
25006,11A,BRP1_25006_Obs11A_EDITED.txt,posture,3498.215,3536.034,37.819,sit,BRP1_25006_REC101112_2025-10-28-09-39-39,385.02,,True,True,3883.235,3921.054
25006,11A,BRP1_25006_Obs11A_EDITED.txt,posture,3536.034,3556.755,20.721,sit,BRP1_25006_REC101112_2025-10-28-09-39-39,385.02,,True,True,3921.054,3941.775
25006,11A,BRP1_25006_Obs11A_EDITED.txt,posture,3556.755,3564.025,7.27,crawl,BRP1_25006_REC101112_2025-10-28-09-39-39,385.02,,True,True,3941.775,3949.045
25006,11A,BRP1_25006_Obs11A_EDITED.txt,posture,3564.025,3572.0,7.975,sit,BRP1_25006_REC101112_2025-10-28-09-39-39,385.02,,True,True,3949.045,3957.02
25006,11A,BRP1_25006_Obs11A_EDITED.txt,posture,3572.0,3600.0,28.0,stand,BRP1_25006_REC101112_2025-10-28-09-39-39,385.02,,True,True,3957.02,3985.02
25006,12A,BRP1_25006_Obs12A_EDITED.txt,posture,0.0,755.0,755.0,recline back,BRP1_25006_REC101112_2025-11-03-10-46-53,464.78,,True,True,464.78,1219.78
25006,12A,BRP1_25006_Obs12A_EDITED.txt,posture,755.0,761.0,6.0,on back,BRP1_25006_REC101112_2025-11-03-10-46-53,464.78,,True,True,1219.78,1225.78
25006,12A,BRP1_25006_Obs12A_EDITED.txt,posture,761.0,847.0,86.0,on side,BRP1_25006_REC101112_2025-11-03-10-46-53,464.78,,True,True,1225.78,1311.78
25006,1A,BRP1_25006_Obs1A_EDITED.txt,posture,0.0,1027.0,1027.0,recline back,BRP1_25006_REC123_2025-09-23-09-47-39,449.54,,True,True,449.54,1476.54
25006,1A,BRP1_25006_Obs1A_EDITED.txt,posture,1027.0,1041.0,14.0,recline back,BRP1_25006_REC123_2025-09-23-09-47-39,449.54,,True,True,1476.54,1490.54
25006,1A,BRP1_25006_Obs1A_EDITED.txt,posture,1041.0,3384.0,2343.0,recline back,BRP1_25006_REC123_2025-09-23-09-47-39,449.54,,True,True,1490.54,3833.54
25006,1A,BRP1_25006_Obs1A_EDITED.txt,posture,3384.0,3397.0,13.0,recline back,BRP1_25006_REC123_2025-09-23-09-47-39,449.54,,True,True,3833.54,3846.54
25006,1A,BRP1_25006_Obs1A_EDITED.txt,posture,3397.0,3513.0,116.0,recline back,BRP1_25006_REC123_2025-09-23-09-47-39,449.54,,True,True,3846.54,3962.54
25006,2A,BRP1_25006_Obs2A_EDITED.txt,posture,0.0,13.0,13.0,stand,BRP1_25006_REC123_2025-09-26-09-33-50,343.636,,True,True,343.636,356.636
25006,2A,BRP1_25006_Obs2A_EDITED.txt,posture,13.0,153.046,140.046,on stomach,BRP1_25006_REC123_2025-09-26-09-33-50,343.636,,True,True,356.636,496.682
25006,2A,BRP1_25006_Obs2A_EDITED.txt,posture,153.046,157.733,4.687,crawl,BRP1_25006_REC123_2025-09-26-09-33-50,343.636,,True,True,496.682,501.369
25006,2A,BRP1_25006_Obs2A_EDITED.txt,posture,157.733,299.0,141.267,on stomach,BRP1_25006_REC123_2025-09-26-09-33-50,343.636,,True,True,501.369,642.636
25006,2A,BRP1_25006_Obs2A_EDITED.txt,posture,299.0,302.443,3.443,crawl,BRP1_25006_REC123_2025-09-26-09-33-50,343.636,,True,True,642.636,646.079
25006,2A,BRP1_25006_Obs2A_EDITED.txt,posture,302.443,486.0,183.557,on stomach,BRP1_25006_REC123_2025-09-26-09-33-50,343.636,,True,True,646.079,829.636
25006,2A,BRP1_25006_Obs2A_EDITED.txt,posture,486.0,488.0,2.0,crawl,BRP1_25006_REC123_2025-09-26-09-33-50,343.636,,True,True,829.636,831.636
25006,2A,BRP1_25006_Obs2A_EDITED.txt,posture,488.0,749.0,261.0,on stomach,BRP1_25006_REC123_2025-09-26-09-33-50,343.636,,True,True,831.636,1092.636
25006,2A,BRP1_25006_Obs2A_EDITED.txt,posture,749.0,754.0,5.0,crawl,BRP1_25006_REC123_2025-09-26-09-33-50,343.636,,True,True,1092.636,1097.636
25006,2A,BRP1_25006_Obs2A_EDITED.txt,posture,754.0,763.0,9.0,on stomach,BRP1_25006_REC123_2025-09-26-09-33-50,343.636,,True,True,1097.636,1106.636
25006,2A,BRP1_25006_Obs2A_EDITED.txt,posture,763.0,769.0,6.0,crawl,BRP1_25006_REC123_2025-09-26-09-33-50,343.636,,True,True,1106.636,1112.636
25006,2A,BRP1_25006_Obs2A_EDITED.txt,posture,769.0,873.0,104.0,on stomach,BRP1_25006_REC123_2025-09-26-09-33-50,343.636,,True,True,1112.636,1216.636
25006,2A,BRP1_25006_Obs2A_EDITED.txt,posture,873.0,876.0,3.0,crawl,BRP1_25006_REC123_2025-09-26-09-33-50,343.636,,True,True,1216.636,1219.636
25006,2A,BRP1_25006_Obs2A_EDITED.txt,posture,876.0,891.0,15.0,on stomach,BRP1_25006_REC123_2025-09-26-09-33-50,343.636,,True,True,1219.636,1234.636
25006,2A,BRP1_25006_Obs2A_EDITED.txt,posture,891.0,893.0,2.0,crawl,BRP1_25006_REC123_2025-09-26-09-33-50,343.636,,True,True,1234.636,1236.636
25006,2A,BRP1_25006_Obs2A_EDITED.txt,posture,893.0,919.0,26.0,on stomach,BRP1_25006_REC123_2025-09-26-09-33-50,343.636,,True,True,1236.636,1262.636
25006,2A,BRP1_25006_Obs2A_EDITED.txt,posture,919.0,922.0,3.0,crawl,BRP1_25006_REC123_2025-09-26-09-33-50,343.636,,True,True,1262.636,1265.636
25006,2A,BRP1_25006_Obs2A_EDITED.txt,posture,922.0,932.0,10.0,on stomach,BRP1_25006_REC123_2025-09-26-09-33-50,343.636,,True,True,1265.636,1275.636
25006,2A,BRP1_25006_Obs2A_EDITED.txt,posture,932.0,948.0,16.0,crawl,BRP1_25006_REC123_2025-09-26-09-33-50,343.636,,True,True,1275.636,1291.636
25006,2A,BRP1_25006_Obs2A_EDITED.txt,posture,948.0,957.0,9.0,on stomach,BRP1_25006_REC123_2025-09-26-09-33-50,343.636,,True,True,1291.636,1300.636
25006,2A,BRP1_25006_Obs2A_EDITED.txt,posture,957.0,969.0,12.0,crawl,BRP1_25006_REC123_2025-09-26-09-33-50,343.636,,True,True,1300.636,1312.636
25006,2A,BRP1_25006_Obs2A_EDITED.txt,posture,969.0,992.0,23.0,on stomach,BRP1_25006_REC123_2025-09-26-09-33-50,343.636,,True,True,1312.636,1335.636
25006,2A,BRP1_25006_Obs2A_EDITED.txt,posture,992.0,994.0,2.0,crawl,BRP1_25006_REC123_2025-09-26-09-33-50,343.636,,True,True,1335.636,1337.636
25006,2A,BRP1_25006_Obs2A_EDITED.txt,posture,994.0,1012.0,18.0,sit,BRP1_25006_REC123_2025-09-26-09-33-50,343.636,,True,True,1337.636,1355.636
25006,2A,BRP1_25006_Obs2A_EDITED.txt,posture,1012.0,1026.0,14.0,sit,BRP1_25006_REC123_2025-09-26-09-33-50,343.636,,True,True,1355.636,1369.636
25006,2A,BRP1_25006_Obs2A_EDITED.txt,posture,1026.0,1038.0,12.0,on stomach,BRP1_25006_REC123_2025-09-26-09-33-50,343.636,,True,True,1369.636,1381.636
25006,2A,BRP1_25006_Obs2A_EDITED.txt,posture,1038.0,1060.0,22.0,sit,BRP1_25006_REC123_2025-09-26-09-33-50,343.636,,True,True,1381.636,1403.636
25006,2A,BRP1_25006_Obs2A_EDITED.txt,posture,1060.0,1080.659,20.659,sit,BRP1_25006_REC123_2025-09-26-09-33-50,343.636,,True,True,1403.636,1424.295
25006,2A,BRP1_25006_Obs2A_EDITED.txt,posture,1080.659,1090.145,9.486,recline back,BRP1_25006_REC123_2025-09-26-09-33-50,343.636,,True,True,1424.295,1433.781
25006,2A,BRP1_25006_Obs2A_EDITED.txt,posture,1090.145,1234.0,143.855,recline back,BRP1_25006_REC123_2025-09-26-09-33-50,343.636,,True,True,1433.781,1577.636
25006,2A,BRP1_25006_Obs2A_EDITED.txt,posture,1234.0,1300.0,66.0,recline back,BRP1_25006_REC123_2025-09-26-09-33-50,343.636,,True,True,1577.636,1643.636
25006,2A,BRP1_25006_Obs2A_EDITED.txt,posture,1300.0,1314.0,14.0,recline back,BRP1_25006_REC123_2025-09-26-09-33-50,343.636,,True,True,1643.636,1657.636
25006,2A,BRP1_25006_Obs2A_EDITED.txt,posture,1314.0,1582.0,268.0,recline back,BRP1_25006_REC123_2025-09-26-09-33-50,343.636,,True,True,1657.636,1925.636
25006,2A,BRP1_25006_Obs2A_EDITED.txt,posture,1582.0,1585.0,3.0,recline back,BRP1_25006_REC123_2025-09-26-09-33-50,343.636,,True,True,1925.636,1928.636
25006,2A,BRP1_25006_Obs2A_EDITED.txt,posture,1585.0,1599.0,14.0,recline back,BRP1_25006_REC123_2025-09-26-09-33-50,343.636,,True,True,1928.636,1942.636
25006,2A,BRP1_25006_Obs2A_EDITED.txt,posture,1599.0,3735.0,2136.0,on stomach,BRP1_25006_REC123_2025-09-26-09-33-50,343.636,,True,True,1942.636,4078.636
25006,3A,BRP1_25006_Obs3A_EDITED.txt,posture,0.0,3.0,3.0,crawl,BRP1_25006_REC123_2025-09-29-09-34-02,296.66,,True,True,296.66,299.66
25006,3A,BRP1_25006_Obs3A_EDITED.txt,posture,3.0,74.0,71.0,on stomach,BRP1_25006_REC123_2025-09-29-09-34-02,296.66,,True,True,299.66,370.66
25006,3A,BRP1_25006_Obs3A_EDITED.txt,posture,74.0,78.0,4.0,on stomach,BRP1_25006_REC123_2025-09-29-09-34-02,296.66,,True,True,370.66,374.66
25006,3A,BRP1_25006_Obs3A_EDITED.txt,posture,78.0,163.0,85.0,on stomach,BRP1_25006_REC123_2025-09-29-09-34-02,296.66,,True,True,374.66,459.66
25006,3A,BRP1_25006_Obs3A_EDITED.txt,posture,163.0,171.0,8.0,crawl,BRP1_25006_REC123_2025-09-29-09-34-02,296.66,,True,True,459.66,467.66
25006,3A,BRP1_25006_Obs3A_EDITED.txt,posture,171.0,204.0,33.0,on stomach,BRP1_25006_REC123_2025-09-29-09-34-02,296.66,,True,True,467.66,500.66
25006,3A,BRP1_25006_Obs3A_EDITED.txt,posture,204.0,206.741,2.741,crawl,BRP1_25006_REC123_2025-09-29-09-34-02,296.66,,True,True,500.66,503.40100000000007
25006,3A,BRP1_25006_Obs3A_EDITED.txt,posture,206.741,211.669,4.928,on stomach,BRP1_25006_REC123_2025-09-29-09-34-02,296.66,,True,True,503.40100000000007,508.32900000000006
25006,3A,BRP1_25006_Obs3A_EDITED.txt,posture,211.669,216.0,4.331,crawl,BRP1_25006_REC123_2025-09-29-09-34-02,296.66,,True,True,508.32900000000006,512.6600000000001
25006,3A,BRP1_25006_Obs3A_EDITED.txt,posture,216.0,223.0,7.0,on stomach,BRP1_25006_REC123_2025-09-29-09-34-02,296.66,,True,True,512.6600000000001,519.6600000000001
25006,3A,BRP1_25006_Obs3A_EDITED.txt,posture,223.0,231.0,8.0,crawl,BRP1_25006_REC123_2025-09-29-09-34-02,296.66,,True,True,519.6600000000001,527.6600000000001
25006,3A,BRP1_25006_Obs3A_EDITED.txt,posture,231.0,232.0,1.0,on stomach,BRP1_25006_REC123_2025-09-29-09-34-02,296.66,,True,True,527.6600000000001,528.6600000000001
25006,3A,BRP1_25006_Obs3A_EDITED.txt,posture,232.0,236.0,4.0,crawl,BRP1_25006_REC123_2025-09-29-09-34-02,296.66,,True,True,528.6600000000001,532.6600000000001
25006,3A,BRP1_25006_Obs3A_EDITED.txt,posture,236.0,308.0,72.0,on stomach,BRP1_25006_REC123_2025-09-29-09-34-02,296.66,,True,True,532.6600000000001,604.6600000000001
25006,3A,BRP1_25006_Obs3A_EDITED.txt,posture,308.0,312.0,4.0,crawl,BRP1_25006_REC123_2025-09-29-09-34-02,296.66,,True,True,604.6600000000001,608.6600000000001
25006,3A,BRP1_25006_Obs3A_EDITED.txt,posture,312.0,330.0,18.0,on stomach,BRP1_25006_REC123_2025-09-29-09-34-02,296.66,,True,True,608.6600000000001,626.6600000000001
25006,3A,BRP1_25006_Obs3A_EDITED.txt,posture,330.0,333.0,3.0,crawl,BRP1_25006_REC123_2025-09-29-09-34-02,296.66,,True,True,626.6600000000001,629.6600000000001
25006,3A,BRP1_25006_Obs3A_EDITED.txt,posture,333.0,358.0,25.0,on stomach,BRP1_25006_REC123_2025-09-29-09-34-02,296.66,,True,True,629.6600000000001,654.6600000000001
25006,3A,BRP1_25006_Obs3A_EDITED.txt,posture,358.0,392.0,34.0,crawl,BRP1_25006_REC123_2025-09-29-09-34-02,296.66,,True,True,654.6600000000001,688.6600000000001
25006,3A,BRP1_25006_Obs3A_EDITED.txt,posture,392.0,422.624,30.624,on stomach,BRP1_25006_REC123_2025-09-29-09-34-02,296.66,,True,True,688.6600000000001,719.2840000000001
25006,3A,BRP1_25006_Obs3A_EDITED.txt,posture,422.624,425.754,3.13,crawl,BRP1_25006_REC123_2025-09-29-09-34-02,296.66,,True,True,719.2840000000001,722.414
25006,3A,BRP1_25006_Obs3A_EDITED.txt,posture,425.754,475.513,49.759,on stomach,BRP1_25006_REC123_2025-09-29-09-34-02,296.66,,True,True,722.414,772.173
25006,3A,BRP1_25006_Obs3A_EDITED.txt,posture,475.513,478.593,3.08,crawl,BRP1_25006_REC123_2025-09-29-09-34-02,296.66,,True,True,772.173,775.253
25006,3A,BRP1_25006_Obs3A_EDITED.txt,posture,478.593,508.0,29.407,on stomach,BRP1_25006_REC123_2025-09-29-09-34-02,296.66,,True,True,775.253,804.6600000000001
25006,3A,BRP1_25006_Obs3A_EDITED.txt,posture,508.0,515.0,7.0,crawl,BRP1_25006_REC123_2025-09-29-09-34-02,296.66,,True,True,804.6600000000001,811.6600000000001
25006,3A,BRP1_25006_Obs3A_EDITED.txt,posture,515.0,567.0,52.0,on stomach,BRP1_25006_REC123_2025-09-29-09-34-02,296.66,,True,True,811.6600000000001,863.6600000000001
25006,3A,BRP1_25006_Obs3A_EDITED.txt,posture,567.0,571.0,4.0,crawl,BRP1_25006_REC123_2025-09-29-09-34-02,296.66,,True,True,863.6600000000001,867.6600000000001
25006,3A,BRP1_25006_Obs3A_EDITED.txt,posture,571.0,600.0,29.0,on stomach,BRP1_25006_REC123_2025-09-29-09-34-02,296.66,,True,True,867.6600000000001,896.6600000000001
25006,3A,BRP1_25006_Obs3A_EDITED.txt,posture,600.0,601.0,1.0,crawl,BRP1_25006_REC123_2025-09-29-09-34-02,296.66,,True,True,896.6600000000001,897.6600000000001
25006,3A,BRP1_25006_Obs3A_EDITED.txt,posture,601.0,614.0,13.0,on stomach,BRP1_25006_REC123_2025-09-29-09-34-02,296.66,,True,True,897.6600000000001,910.6600000000001
25006,3A,BRP1_25006_Obs3A_EDITED.txt,posture,614.0,618.0,4.0,crawl,BRP1_25006_REC123_2025-09-29-09-34-02,296.66,,True,True,910.6600000000001,914.6600000000001
25006,3A,BRP1_25006_Obs3A_EDITED.txt,posture,618.0,645.0,27.0,on stomach,BRP1_25006_REC123_2025-09-29-09-34-02,296.66,,True,True,914.6600000000001,941.6600000000001
25006,3A,BRP1_25006_Obs3A_EDITED.txt,posture,645.0,656.0,11.0,crawl,BRP1_25006_REC123_2025-09-29-09-34-02,296.66,,True,True,941.6600000000001,952.6600000000001
25006,3A,BRP1_25006_Obs3A_EDITED.txt,posture,656.0,668.0,12.0,on stomach,BRP1_25006_REC123_2025-09-29-09-34-02,296.66,,True,True,952.6600000000001,964.6600000000001
25006,3A,BRP1_25006_Obs3A_EDITED.txt,posture,668.0,729.0,61.0,crawl,BRP1_25006_REC123_2025-09-29-09-34-02,296.66,,True,True,964.6600000000001,1025.66
25006,3A,BRP1_25006_Obs3A_EDITED.txt,posture,729.0,735.0,6.0,on stomach,BRP1_25006_REC123_2025-09-29-09-34-02,296.66,,True,True,1025.66,1031.66
25006,3A,BRP1_25006_Obs3A_EDITED.txt,posture,735.0,752.0,17.0,crawl,BRP1_25006_REC123_2025-09-29-09-34-02,296.66,,True,True,1031.66,1048.66
25006,3A,BRP1_25006_Obs3A_EDITED.txt,posture,752.0,781.0,29.0,on stomach,BRP1_25006_REC123_2025-09-29-09-34-02,296.66,,True,True,1048.66,1077.66
25006,3A,BRP1_25006_Obs3A_EDITED.txt,posture,781.0,795.0,14.0,crawl,BRP1_25006_REC123_2025-09-29-09-34-02,296.66,,True,True,1077.66,1091.66
25006,3A,BRP1_25006_Obs3A_EDITED.txt,posture,795.0,837.0,42.0,on stomach,BRP1_25006_REC123_2025-09-29-09-34-02,296.66,,True,True,1091.66,1133.66
25006,3A,BRP1_25006_Obs3A_EDITED.txt,posture,837.0,845.835,8.835,crawl,BRP1_25006_REC123_2025-09-29-09-34-02,296.66,,True,True,1133.66,1142.4950000000001
25006,3A,BRP1_25006_Obs3A_EDITED.txt,posture,845.835,855.044,9.209,on stomach,BRP1_25006_REC123_2025-09-29-09-34-02,296.66,,True,True,1142.4950000000001,1151.704
25006,3A,BRP1_25006_Obs3A_EDITED.txt,posture,855.044,862.0,6.956,crawl,BRP1_25006_REC123_2025-09-29-09-34-02,296.66,,True,True,1151.704,1158.66
25006,3A,BRP1_25006_Obs3A_EDITED.txt,posture,862.0,869.0,7.0,on stomach,BRP1_25006_REC123_2025-09-29-09-34-02,296.66,,True,True,1158.66,1165.66
25006,3A,BRP1_25006_Obs3A_EDITED.txt,posture,869.0,890.976,21.976,crawl,BRP1_25006_REC123_2025-09-29-09-34-02,296.66,,True,True,1165.66,1187.636
25006,3A,BRP1_25006_Obs3A_EDITED.txt,posture,890.976,895.104,4.128,on stomach,BRP1_25006_REC123_2025-09-29-09-34-02,296.66,,True,True,1187.636,1191.7640000000001
25006,3A,BRP1_25006_Obs3A_EDITED.txt,posture,895.104,902.0,6.896,crawl,BRP1_25006_REC123_2025-09-29-09-34-02,296.66,,True,True,1191.7640000000001,1198.66
25006,3A,BRP1_25006_Obs3A_EDITED.txt,posture,902.0,913.0,11.0,on stomach,BRP1_25006_REC123_2025-09-29-09-34-02,296.66,,True,True,1198.66,1209.66
25006,3A,BRP1_25006_Obs3A_EDITED.txt,posture,913.0,922.0,9.0,crawl,BRP1_25006_REC123_2025-09-29-09-34-02,296.66,,True,True,1209.66,1218.66
25006,3A,BRP1_25006_Obs3A_EDITED.txt,posture,922.0,955.0,33.0,on stomach,BRP1_25006_REC123_2025-09-29-09-34-02,296.66,,True,True,1218.66,1251.66
25006,3A,BRP1_25006_Obs3A_EDITED.txt,posture,955.0,971.0,16.0,crawl,BRP1_25006_REC123_2025-09-29-09-34-02,296.66,,True,True,1251.66,1267.66
25006,3A,BRP1_25006_Obs3A_EDITED.txt,posture,971.0,979.0,8.0,on stomach,BRP1_25006_REC123_2025-09-29-09-34-02,296.66,,True,True,1267.66,1275.66
25006,3A,BRP1_25006_Obs3A_EDITED.txt,posture,979.0,988.408,9.408,crawl,BRP1_25006_REC123_2025-09-29-09-34-02,296.66,,True,True,1275.66,1285.068
25006,3A,BRP1_25006_Obs3A_EDITED.txt,posture,988.408,994.0,5.592,on stomach,BRP1_25006_REC123_2025-09-29-09-34-02,296.66,,True,True,1285.068,1290.66
25006,3A,BRP1_25006_Obs3A_EDITED.txt,posture,994.0,997.145,3.145,crawl,BRP1_25006_REC123_2025-09-29-09-34-02,296.66,,True,True,1290.66,1293.805
25006,3A,BRP1_25006_Obs3A_EDITED.txt,posture,997.145,1008.0,10.855,on stomach,BRP1_25006_REC123_2025-09-29-09-34-02,296.66,,True,True,1293.805,1304.66
25006,3A,BRP1_25006_Obs3A_EDITED.txt,posture,1008.0,1017.0,9.0,crawl,BRP1_25006_REC123_2025-09-29-09-34-02,296.66,,True,True,1304.66,1313.66
25006,3A,BRP1_25006_Obs3A_EDITED.txt,posture,1017.0,1022.0,5.0,on stomach,BRP1_25006_REC123_2025-09-29-09-34-02,296.66,,True,True,1313.66,1318.66
25006,3A,BRP1_25006_Obs3A_EDITED.txt,posture,1022.0,1024.0,2.0,crawl,BRP1_25006_REC123_2025-09-29-09-34-02,296.66,,True,True,1318.66,1320.66
25006,3A,BRP1_25006_Obs3A_EDITED.txt,posture,1024.0,1053.0,29.0,on stomach,BRP1_25006_REC123_2025-09-29-09-34-02,296.66,,True,True,1320.66,1349.66
25006,3A,BRP1_25006_Obs3A_EDITED.txt,posture,1053.0,1062.0,9.0,crawl,BRP1_25006_REC123_2025-09-29-09-34-02,296.66,,True,True,1349.66,1358.66
25006,3A,BRP1_25006_Obs3A_EDITED.txt,posture,1062.0,1069.0,7.0,on stomach,BRP1_25006_REC123_2025-09-29-09-34-02,296.66,,True,True,1358.66,1365.66
25006,3A,BRP1_25006_Obs3A_EDITED.txt,posture,1069.0,1090.0,21.0,crawl,BRP1_25006_REC123_2025-09-29-09-34-02,296.66,,True,True,1365.66,1386.66
25006,3A,BRP1_25006_Obs3A_EDITED.txt,posture,1090.0,1149.0,59.0,on stomach,BRP1_25006_REC123_2025-09-29-09-34-02,296.66,,True,True,1386.66,1445.66
25006,3A,BRP1_25006_Obs3A_EDITED.txt,posture,1149.0,1162.0,13.0,crawl,BRP1_25006_REC123_2025-09-29-09-34-02,296.66,,True,True,1445.66,1458.66
25006,3A,BRP1_25006_Obs3A_EDITED.txt,posture,1162.0,1169.0,7.0,on stomach,BRP1_25006_REC123_2025-09-29-09-34-02,296.66,,True,True,1458.66,1465.66
25006,3A,BRP1_25006_Obs3A_EDITED.txt,posture,1169.0,1177.0,8.0,crawl,BRP1_25006_REC123_2025-09-29-09-34-02,296.66,,True,True,1465.66,1473.66
25006,3A,BRP1_25006_Obs3A_EDITED.txt,posture,1177.0,1231.0,54.0,on stomach,BRP1_25006_REC123_2025-09-29-09-34-02,296.66,,True,True,1473.66,1527.66
25006,3A,BRP1_25006_Obs3A_EDITED.txt,posture,1231.0,1237.0,6.0,crawl,BRP1_25006_REC123_2025-09-29-09-34-02,296.66,,True,True,1527.66,1533.66
25006,3A,BRP1_25006_Obs3A_EDITED.txt,posture,1237.0,1272.0,35.0,on stomach,BRP1_25006_REC123_2025-09-29-09-34-02,296.66,,True,True,1533.66,1568.66
25006,3A,BRP1_25006_Obs3A_EDITED.txt,posture,1272.0,1276.0,4.0,crawl,BRP1_25006_REC123_2025-09-29-09-34-02,296.66,,True,True,1568.66,1572.66
25006,3A,BRP1_25006_Obs3A_EDITED.txt,posture,1276.0,1306.0,30.0,on stomach,BRP1_25006_REC123_2025-09-29-09-34-02,296.66,,True,True,1572.66,1602.66
25006,3A,BRP1_25006_Obs3A_EDITED.txt,posture,1306.0,1309.0,3.0,crawl,BRP1_25006_REC123_2025-09-29-09-34-02,296.66,,True,True,1602.66,1605.66
25006,3A,BRP1_25006_Obs3A_EDITED.txt,posture,1309.0,1354.0,45.0,on stomach,BRP1_25006_REC123_2025-09-29-09-34-02,296.66,,True,True,1605.66,1650.66
25006,3A,BRP1_25006_Obs3A_EDITED.txt,posture,1354.0,1361.0,7.0,crawl,BRP1_25006_REC123_2025-09-29-09-34-02,296.66,,True,True,1650.66,1657.66
25006,3A,BRP1_25006_Obs3A_EDITED.txt,posture,1361.0,1370.0,9.0,on back,BRP1_25006_REC123_2025-09-29-09-34-02,296.66,,True,True,1657.66,1666.66
25006,3A,BRP1_25006_Obs3A_EDITED.txt,posture,1370.0,1379.0,9.0,sit,BRP1_25006_REC123_2025-09-29-09-34-02,296.66,,True,True,1666.66,1675.66
25006,3A,BRP1_25006_Obs3A_EDITED.txt,posture,1379.0,1406.0,27.0,sit,BRP1_25006_REC123_2025-09-29-09-34-02,296.66,,True,True,1675.66,1702.66
25006,3A,BRP1_25006_Obs3A_EDITED.txt,posture,1406.0,1517.0,111.0,stand,BRP1_25006_REC123_2025-09-29-09-34-02,296.66,,True,True,1702.66,1813.66
25006,3A,BRP1_25006_Obs3A_EDITED.txt,posture,1517.0,1567.0,50.0,on back,BRP1_25006_REC123_2025-09-29-09-34-02,296.66,,True,True,1813.66,1863.66
25006,3A,BRP1_25006_Obs3A_EDITED.txt,posture,1567.0,1586.505,19.505,on side,BRP1_25006_REC123_2025-09-29-09-34-02,296.66,,True,True,1863.66,1883.1650000000002
25006,3A,BRP1_25006_Obs3A_EDITED.txt,posture,1586.505,1597.937,11.432,on back,BRP1_25006_REC123_2025-09-29-09-34-02,296.66,,True,True,1883.1650000000002,1894.597
25006,3A,BRP1_25006_Obs3A_EDITED.txt,posture,1597.937,1609.026,11.089,on side,BRP1_25006_REC123_2025-09-29-09-34-02,296.66,,True,True,1894.597,1905.6860000000001
25006,3A,BRP1_25006_Obs3A_EDITED.txt,posture,1609.026,1761.0,151.974,on stomach,BRP1_25006_REC123_2025-09-29-09-34-02,296.66,,True,True,1905.6860000000001,2057.66
25006,3A,BRP1_25006_Obs3A_EDITED.txt,posture,1761.0,1770.0,9.0,crawl,BRP1_25006_REC123_2025-09-29-09-34-02,296.66,,True,True,2057.66,2066.66
25006,3A,BRP1_25006_Obs3A_EDITED.txt,posture,1770.0,1793.0,23.0,on stomach,BRP1_25006_REC123_2025-09-29-09-34-02,296.66,,True,True,2066.66,2089.66
25006,3A,BRP1_25006_Obs3A_EDITED.txt,posture,1793.0,1795.0,2.0,crawl,BRP1_25006_REC123_2025-09-29-09-34-02,296.66,,True,True,2089.66,2091.66
25006,3A,BRP1_25006_Obs3A_EDITED.txt,posture,1795.0,1830.0,35.0,on stomach,BRP1_25006_REC123_2025-09-29-09-34-02,296.66,,True,True,2091.66,2126.66
25006,3A,BRP1_25006_Obs3A_EDITED.txt,posture,1830.0,1833.0,3.0,crawl,BRP1_25006_REC123_2025-09-29-09-34-02,296.66,,True,True,2126.66,2129.66
25006,3A,BRP1_25006_Obs3A_EDITED.txt,posture,1833.0,2056.0,223.0,on stomach,BRP1_25006_REC123_2025-09-29-09-34-02,296.66,,True,True,2129.66,2352.66
25006,3A,BRP1_25006_Obs3A_EDITED.txt,posture,2056.0,2058.818,2.818,crawl,BRP1_25006_REC123_2025-09-29-09-34-02,296.66,,True,True,2352.66,2355.478
25006,3A,BRP1_25006_Obs3A_EDITED.txt,posture,2058.818,2062.003,3.185,stand,BRP1_25006_REC123_2025-09-29-09-34-02,296.66,,True,True,2355.478,2358.663
25006,3A,BRP1_25006_Obs3A_EDITED.txt,posture,2062.003,2138.0,75.997,recline back,BRP1_25006_REC123_2025-09-29-09-34-02,296.66,,True,True,2358.663,2434.66
25006,3A,BRP1_25006_Obs3A_EDITED.txt,posture,2138.0,2641.0,503.0,recline back,BRP1_25006_REC123_2025-09-29-09-34-02,296.66,,True,True,2434.66,2937.66
25006,3A,BRP1_25006_Obs3A_EDITED.txt,posture,2641.0,2647.0,6.0,recline back,BRP1_25006_REC123_2025-09-29-09-34-02,296.66,,True,True,2937.66,2943.66
25006,3A,BRP1_25006_Obs3A_EDITED.txt,posture,2647.0,3512.0,865.0,on side,BRP1_25006_REC123_2025-09-29-09-34-02,296.66,,True,True,2943.66,3808.66
25006,3A,BRP1_25006_Obs3A_EDITED.txt,posture,3512.0,3523.0,11.0,on back,BRP1_25006_REC123_2025-09-29-09-34-02,296.66,,True,True,3808.66,3819.66
25006,3A,BRP1_25006_Obs3A_EDITED.txt,posture,3523.0,3718.0,195.0,on stomach,BRP1_25006_REC123_2025-09-29-09-34-02,296.66,,True,True,3819.66,4014.66
25006,4A,BRP1_25006_Obs4A_EDITED.txt,posture,0.0,71.0,71.0,on stomach,BRP1_25006_REC456_2025-10-01-09-35-21,384.614,,True,True,384.614,455.614
25006,4A,BRP1_25006_Obs4A_EDITED.txt,posture,71.0,74.0,3.0,crawl,BRP1_25006_REC456_2025-10-01-09-35-21,384.614,,True,True,455.614,458.614
25006,4A,BRP1_25006_Obs4A_EDITED.txt,posture,74.0,84.0,10.0,on stomach,BRP1_25006_REC456_2025-10-01-09-35-21,384.614,,True,True,458.614,468.614
25006,4A,BRP1_25006_Obs4A_EDITED.txt,posture,84.0,88.319,4.319,crawl,BRP1_25006_REC456_2025-10-01-09-35-21,384.614,,True,True,468.614,472.933
25006,4A,BRP1_25006_Obs4A_EDITED.txt,posture,88.319,93.231,4.912,on stomach,BRP1_25006_REC456_2025-10-01-09-35-21,384.614,,True,True,472.933,477.84499999999997
25006,4A,BRP1_25006_Obs4A_EDITED.txt,posture,93.231,96.679,3.448,crawl,BRP1_25006_REC456_2025-10-01-09-35-21,384.614,,True,True,477.84499999999997,481.293
25006,4A,BRP1_25006_Obs4A_EDITED.txt,posture,96.679,99.007,2.328,on stomach,BRP1_25006_REC456_2025-10-01-09-35-21,384.614,,True,True,481.293,483.621
25006,4A,BRP1_25006_Obs4A_EDITED.txt,posture,99.007,102.0,2.993,on stomach,BRP1_25006_REC456_2025-10-01-09-35-21,384.614,,True,True,483.621,486.614
25006,4A,BRP1_25006_Obs4A_EDITED.txt,posture,102.0,135.0,33.0,stand,BRP1_25006_REC456_2025-10-01-09-35-21,384.614,,True,True,486.614,519.614
25006,4A,BRP1_25006_Obs4A_EDITED.txt,posture,135.0,910.0,775.0,recline back,BRP1_25006_REC456_2025-10-01-09-35-21,384.614,,True,True,519.614,1294.614
25006,4A,BRP1_25006_Obs4A_EDITED.txt,posture,910.0,3072.0,2162.0,on side,BRP1_25006_REC456_2025-10-01-09-35-21,384.614,,True,True,1294.614,3456.614
25006,4A,BRP1_25006_Obs4A_EDITED.txt,posture,3072.0,3219.0,147.0,on stomach,BRP1_25006_REC456_2025-10-01-09-35-21,384.614,,True,True,3456.614,3603.614
25006,4A,BRP1_25006_Obs4A_EDITED.txt,posture,3219.0,3229.0,10.0,on back,BRP1_25006_REC456_2025-10-01-09-35-21,384.614,,True,True,3603.614,3613.614
25006,4A,BRP1_25006_Obs4A_EDITED.txt,posture,3229.0,3265.0,36.0,recline back,BRP1_25006_REC456_2025-10-01-09-35-21,384.614,,True,True,3613.614,3649.614
25006,4A,BRP1_25006_Obs4A_EDITED.txt,posture,3265.0,3575.0,310.0,on back,BRP1_25006_REC456_2025-10-01-09-35-21,384.614,,True,True,3649.614,3959.614
25006,4A,BRP1_25006_Obs4A_EDITED.txt,posture,3575.0,3577.0,2.0,on side,BRP1_25006_REC456_2025-10-01-09-35-21,384.614,,True,True,3959.614,3961.614
25006,4A,BRP1_25006_Obs4A_EDITED.txt,posture,3577.0,3655.0,78.0,on stomach,BRP1_25006_REC456_2025-10-01-09-35-21,384.614,,True,True,3961.614,4039.614
25006,5A,BRP1_25006_Obs5A_EDITED.txt,posture,0.0,31.633,31.633,on stomach,BRP1_25006_REC456_2025-10-07-10-23-09,357.456,,True,True,357.456,389.089
25006,5A,BRP1_25006_Obs5A_EDITED.txt,posture,31.633,48.565,16.932,crawl,BRP1_25006_REC456_2025-10-07-10-23-09,357.456,,True,True,389.089,406.021
25006,5A,BRP1_25006_Obs5A_EDITED.txt,posture,48.565,57.966,9.401,on stomach,BRP1_25006_REC456_2025-10-07-10-23-09,357.456,,True,True,406.021,415.422
25006,5A,BRP1_25006_Obs5A_EDITED.txt,posture,57.966,68.231,10.265,crawl,BRP1_25006_REC456_2025-10-07-10-23-09,357.456,,True,True,415.422,425.687
25006,5A,BRP1_25006_Obs5A_EDITED.txt,posture,68.231,72.799,4.568,on stomach,BRP1_25006_REC456_2025-10-07-10-23-09,357.456,,True,True,425.687,430.255
25006,5A,BRP1_25006_Obs5A_EDITED.txt,posture,72.799,75.878,3.079,crawl,BRP1_25006_REC456_2025-10-07-10-23-09,357.456,,True,True,430.255,433.334
25006,5A,BRP1_25006_Obs5A_EDITED.txt,posture,75.878,82.451,6.573,on stomach,BRP1_25006_REC456_2025-10-07-10-23-09,357.456,,True,True,433.334,439.90700000000004
25006,5A,BRP1_25006_Obs5A_EDITED.txt,posture,82.451,97.051,14.6,crawl,BRP1_25006_REC456_2025-10-07-10-23-09,357.456,,True,True,439.90700000000004,454.507
25006,5A,BRP1_25006_Obs5A_EDITED.txt,posture,97.051,100.466,3.415,on stomach,BRP1_25006_REC456_2025-10-07-10-23-09,357.456,,True,True,454.507,457.922
25006,5A,BRP1_25006_Obs5A_EDITED.txt,posture,100.466,105.93,5.464,crawl,BRP1_25006_REC456_2025-10-07-10-23-09,357.456,,True,True,457.922,463.386
25006,5A,BRP1_25006_Obs5A_EDITED.txt,posture,105.93,111.149,5.219,on stomach,BRP1_25006_REC456_2025-10-07-10-23-09,357.456,,True,True,463.386,468.605
25006,5A,BRP1_25006_Obs5A_EDITED.txt,posture,111.149,129.844,18.695,crawl,BRP1_25006_REC456_2025-10-07-10-23-09,357.456,,True,True,468.605,487.3
25006,5A,BRP1_25006_Obs5A_EDITED.txt,posture,129.844,165.852,36.008,on stomach,BRP1_25006_REC456_2025-10-07-10-23-09,357.456,,True,True,487.3,523.308
25006,5A,BRP1_25006_Obs5A_EDITED.txt,posture,165.852,175.023,9.171,stand,BRP1_25006_REC456_2025-10-07-10-23-09,357.456,,True,True,523.308,532.479
25006,5A,BRP1_25006_Obs5A_EDITED.txt,posture,175.023,178.0,2.977,stand,BRP1_25006_REC456_2025-10-07-10-23-09,357.456,,True,True,532.479,535.456
25006,5A,BRP1_25006_Obs5A_EDITED.txt,posture,178.0,191.0,13.0,stand,BRP1_25006_REC456_2025-10-07-10-23-09,357.456,,True,True,535.456,548.456
25006,5A,BRP1_25006_Obs5A_EDITED.txt,posture,191.0,223.0,32.0,stand,BRP1_25006_REC456_2025-10-07-10-23-09,357.456,,True,True,548.456,580.456
25006,5A,BRP1_25006_Obs5A_EDITED.txt,posture,223.0,262.0,39.0,sit,BRP1_25006_REC456_2025-10-07-10-23-09,357.456,,True,True,580.456,619.456
25006,5A,BRP1_25006_Obs5A_EDITED.txt,posture,262.0,277.0,15.0,stand,BRP1_25006_REC456_2025-10-07-10-23-09,357.456,,True,True,619.456,634.456
25006,5A,BRP1_25006_Obs5A_EDITED.txt,posture,277.0,306.0,29.0,sit,BRP1_25006_REC456_2025-10-07-10-23-09,357.456,,True,True,634.456,663.456
25006,5A,BRP1_25006_Obs5A_EDITED.txt,posture,306.0,500.199,194.199,recline back,BRP1_25006_REC456_2025-10-07-10-23-09,357.456,,True,True,663.456,857.655
25006,5A,BRP1_25006_Obs5A_EDITED.txt,posture,500.199,507.117,6.918,sit,BRP1_25006_REC456_2025-10-07-10-23-09,357.456,,True,True,857.655,864.5730000000001
25006,5A,BRP1_25006_Obs5A_EDITED.txt,posture,507.117,1071.0,563.883,recline back,BRP1_25006_REC456_2025-10-07-10-23-09,357.456,,True,True,864.5730000000001,1428.4560000000001
25006,5A,BRP1_25006_Obs5A_EDITED.txt,posture,1071.0,1076.0,5.0,on back,BRP1_25006_REC456_2025-10-07-10-23-09,357.456,,True,True,1428.4560000000001,1433.4560000000001
25006,5A,BRP1_25006_Obs5A_EDITED.txt,posture,1076.0,1112.5,36.5,on side,BRP1_25006_REC456_2025-10-07-10-23-09,357.456,,True,True,1433.4560000000001,1469.9560000000001
25006,5A,BRP1_25006_Obs5A_EDITED.txt,posture,1112.5,2342.0,1229.5,on back,BRP1_25006_REC456_2025-10-07-10-23-09,357.456,,True,True,1469.9560000000001,2699.456
25006,5A,BRP1_25006_Obs5A_EDITED.txt,posture,2342.0,2376.0,34.0,on stomach,BRP1_25006_REC456_2025-10-07-10-23-09,357.456,,True,True,2699.456,2733.456
25006,5A,BRP1_25006_Obs5A_EDITED.txt,posture,2376.0,2439.0,63.0,crawl,BRP1_25006_REC456_2025-10-07-10-23-09,357.456,,True,True,2733.456,2796.456
25006,5A,BRP1_25006_Obs5A_EDITED.txt,posture,2439.0,2664.0,225.0,on stomach,BRP1_25006_REC456_2025-10-07-10-23-09,357.456,,True,True,2796.456,3021.456
25006,5A,BRP1_25006_Obs5A_EDITED.txt,posture,2664.0,2673.0,9.0,on back,BRP1_25006_REC456_2025-10-07-10-23-09,357.456,,True,True,3021.456,3030.456
25006,5A,BRP1_25006_Obs5A_EDITED.txt,posture,2673.0,2677.0,4.0,on side,BRP1_25006_REC456_2025-10-07-10-23-09,357.456,,True,True,3030.456,3034.456
25006,5A,BRP1_25006_Obs5A_EDITED.txt,posture,2677.0,2713.0,36.0,on back,BRP1_25006_REC456_2025-10-07-10-23-09,357.456,,True,True,3034.456,3070.456
25006,5A,BRP1_25006_Obs5A_EDITED.txt,posture,2713.0,2715.0,2.0,sit,BRP1_25006_REC456_2025-10-07-10-23-09,357.456,,True,True,3070.456,3072.456
25006,5A,BRP1_25006_Obs5A_EDITED.txt,posture,2715.0,2731.0,16.0,recline back,BRP1_25006_REC456_2025-10-07-10-23-09,357.456,,True,True,3072.456,3088.456
25006,5A,BRP1_25006_Obs5A_EDITED.txt,posture,2731.0,2810.0,79.0,on stomach,BRP1_25006_REC456_2025-10-07-10-23-09,357.456,,True,True,3088.456,3167.456
25006,5A,BRP1_25006_Obs5A_EDITED.txt,posture,2810.0,2836.328,26.328,crawl,BRP1_25006_REC456_2025-10-07-10-23-09,357.456,,True,True,3167.456,3193.784
25006,5A,BRP1_25006_Obs5A_EDITED.txt,posture,2836.328,2843.123,6.795,crawl,BRP1_25006_REC456_2025-10-07-10-23-09,357.456,,True,True,3193.784,3200.579
25006,5A,BRP1_25006_Obs5A_EDITED.txt,posture,2843.123,2848.791,5.668,crawl,BRP1_25006_REC456_2025-10-07-10-23-09,357.456,,True,True,3200.579,3206.2470000000003
25006,5A,BRP1_25006_Obs5A_EDITED.txt,posture,2848.791,2879.621,30.83,crawl,BRP1_25006_REC456_2025-10-07-10-23-09,357.456,,True,True,3206.2470000000003,3237.077
25006,5A,BRP1_25006_Obs5A_EDITED.txt,posture,2879.621,2899.038,19.417,on stomach,BRP1_25006_REC456_2025-10-07-10-23-09,357.456,,True,True,3237.077,3256.494
25006,5A,BRP1_25006_Obs5A_EDITED.txt,posture,2899.038,2966.065,67.027,crawl,BRP1_25006_REC456_2025-10-07-10-23-09,357.456,,True,True,3256.494,3323.521
25006,5A,BRP1_25006_Obs5A_EDITED.txt,posture,2966.065,2974.0,7.935,on stomach,BRP1_25006_REC456_2025-10-07-10-23-09,357.456,,True,True,3323.521,3331.456
25006,5A,BRP1_25006_Obs5A_EDITED.txt,posture,2974.0,2984.0,10.0,crawl,BRP1_25006_REC456_2025-10-07-10-23-09,357.456,,True,True,3331.456,3341.456
25006,5A,BRP1_25006_Obs5A_EDITED.txt,posture,2984.0,2988.0,4.0,crawl,BRP1_25006_REC456_2025-10-07-10-23-09,357.456,,True,True,3341.456,3345.456
25006,5A,BRP1_25006_Obs5A_EDITED.txt,posture,2988.0,3008.0,20.0,crawl,BRP1_25006_REC456_2025-10-07-10-23-09,357.456,,True,True,3345.456,3365.456
25006,5A,BRP1_25006_Obs5A_EDITED.txt,posture,3008.0,3051.0,43.0,on stomach,BRP1_25006_REC456_2025-10-07-10-23-09,357.456,,True,True,3365.456,3408.456
25006,5A,BRP1_25006_Obs5A_EDITED.txt,posture,3051.0,3067.0,16.0,crawl,BRP1_25006_REC456_2025-10-07-10-23-09,357.456,,True,True,3408.456,3424.456
25006,5A,BRP1_25006_Obs5A_EDITED.txt,posture,3067.0,3078.002,11.002,on stomach,BRP1_25006_REC456_2025-10-07-10-23-09,357.456,,True,True,3424.456,3435.458
25006,5A,BRP1_25006_Obs5A_EDITED.txt,posture,3078.002,3080.97,2.968,crawl,BRP1_25006_REC456_2025-10-07-10-23-09,357.456,,True,True,3435.458,3438.426
25006,5A,BRP1_25006_Obs5A_EDITED.txt,posture,3080.97,3090.0,9.03,on stomach,BRP1_25006_REC456_2025-10-07-10-23-09,357.456,,True,True,3438.426,3447.456
25006,5A,BRP1_25006_Obs5A_EDITED.txt,posture,3090.0,3104.0,14.0,crawl,BRP1_25006_REC456_2025-10-07-10-23-09,357.456,,True,True,3447.456,3461.456
25006,5A,BRP1_25006_Obs5A_EDITED.txt,posture,3104.0,3109.0,5.0,recline back,BRP1_25006_REC456_2025-10-07-10-23-09,357.456,,True,True,3461.456,3466.456
25006,5A,BRP1_25006_Obs5A_EDITED.txt,posture,3109.0,3114.0,5.0,stand,BRP1_25006_REC456_2025-10-07-10-23-09,357.456,,True,True,3466.456,3471.456
25006,5A,BRP1_25006_Obs5A_EDITED.txt,posture,3114.0,3134.664,20.664,sit,BRP1_25006_REC456_2025-10-07-10-23-09,357.456,,True,True,3471.456,3492.1200000000003
25006,5A,BRP1_25006_Obs5A_EDITED.txt,posture,3134.664,3138.488,3.824,stand,BRP1_25006_REC456_2025-10-07-10-23-09,357.456,,True,True,3492.1200000000003,3495.944
25006,5A,BRP1_25006_Obs5A_EDITED.txt,posture,3138.488,3141.225,2.737,recline back,BRP1_25006_REC456_2025-10-07-10-23-09,357.456,,True,True,3495.944,3498.681
25006,5A,BRP1_25006_Obs5A_EDITED.txt,posture,3141.225,3179.556,38.331,sit,BRP1_25006_REC456_2025-10-07-10-23-09,357.456,,True,True,3498.681,3537.012
25006,5A,BRP1_25006_Obs5A_EDITED.txt,posture,3179.556,3183.398,3.842,recline back,BRP1_25006_REC456_2025-10-07-10-23-09,357.456,,True,True,3537.012,3540.8540000000003
25006,5A,BRP1_25006_Obs5A_EDITED.txt,posture,3183.403,3241.0,57.597,sit,BRP1_25006_REC456_2025-10-07-10-23-09,357.456,,True,True,3540.859,3598.456
25006,5A,BRP1_25006_Obs5A_EDITED.txt,posture,3241.0,3250.0,9.0,crawl,BRP1_25006_REC456_2025-10-07-10-23-09,357.456,,True,True,3598.456,3607.456
25006,5A,BRP1_25006_Obs5A_EDITED.txt,posture,3250.0,3261.0,11.0,crawl,BRP1_25006_REC456_2025-10-07-10-23-09,357.456,,True,True,3607.456,3618.456
25006,5A,BRP1_25006_Obs5A_EDITED.txt,posture,3261.0,3270.0,9.0,on stomach,BRP1_25006_REC456_2025-10-07-10-23-09,357.456,,True,True,3618.456,3627.456
25006,5A,BRP1_25006_Obs5A_EDITED.txt,posture,3270.0,3276.0,6.0,crawl,BRP1_25006_REC456_2025-10-07-10-23-09,357.456,,True,True,3627.456,3633.456
25006,5A,BRP1_25006_Obs5A_EDITED.txt,posture,3276.0,3294.0,18.0,on stomach,BRP1_25006_REC456_2025-10-07-10-23-09,357.456,,True,True,3633.456,3651.456
25006,5A,BRP1_25006_Obs5A_EDITED.txt,posture,3294.0,3329.0,35.0,crawl,BRP1_25006_REC456_2025-10-07-10-23-09,357.456,,True,True,3651.456,3686.456
25006,5A,BRP1_25006_Obs5A_EDITED.txt,posture,3329.0,3334.0,5.0,on stomach,BRP1_25006_REC456_2025-10-07-10-23-09,357.456,,True,True,3686.456,3691.456
25006,5A,BRP1_25006_Obs5A_EDITED.txt,posture,3334.0,3369.0,35.0,crawl,BRP1_25006_REC456_2025-10-07-10-23-09,357.456,,True,True,3691.456,3726.456
25006,5A,BRP1_25006_Obs5A_EDITED.txt,posture,3369.0,3383.452,14.452,on stomach,BRP1_25006_REC456_2025-10-07-10-23-09,357.456,,True,True,3726.456,3740.9080000000004
25006,5A,BRP1_25006_Obs5A_EDITED.txt,posture,3383.452,3389.085,5.633,crawl,BRP1_25006_REC456_2025-10-07-10-23-09,357.456,,True,True,3740.9080000000004,3746.541
25006,5A,BRP1_25006_Obs5A_EDITED.txt,posture,3389.085,3491.0,101.915,on stomach,BRP1_25006_REC456_2025-10-07-10-23-09,357.456,,True,True,3746.541,3848.456
25006,5A,BRP1_25006_Obs5A_EDITED.txt,posture,3491.0,3521.0,30.0,sit,BRP1_25006_REC456_2025-10-07-10-23-09,357.456,,True,True,3848.456,3878.456
25006,5A,BRP1_25006_Obs5A_EDITED.txt,posture,3521.0,3528.0,7.0,sit,BRP1_25006_REC456_2025-10-07-10-23-09,357.456,,True,True,3878.456,3885.456
25006,5A,BRP1_25006_Obs5A_EDITED.txt,posture,3528.0,3538.0,10.0,stand,BRP1_25006_REC456_2025-10-07-10-23-09,357.456,,True,True,3885.456,3895.456
25006,5A,BRP1_25006_Obs5A_EDITED.txt,posture,3538.0,3590.0,52.0,sit,BRP1_25006_REC456_2025-10-07-10-23-09,357.456,,True,True,3895.456,3947.456
25006,6A,BRP1_25006_Obs6A_EDITED.txt,posture,0.0,24.946,24.946,crawl,BRP1_25006_REC456_2025-10-10-09-26-29,474.75,,True,True,474.75,499.696
25006,6A,BRP1_25006_Obs6A_EDITED.txt,posture,24.946,30.622,5.676,stand,BRP1_25006_REC456_2025-10-10-09-26-29,474.75,,True,True,499.696,505.372
25006,6A,BRP1_25006_Obs6A_EDITED.txt,posture,30.622,47.0,16.378,on stomach,BRP1_25006_REC456_2025-10-10-09-26-29,474.75,,True,True,505.372,521.75
25006,6A,BRP1_25006_Obs6A_EDITED.txt,posture,47.0,53.0,6.0,on stomach,BRP1_25006_REC456_2025-10-10-09-26-29,474.75,,True,True,521.75,527.75
25006,6A,BRP1_25006_Obs6A_EDITED.txt,posture,53.0,82.0,29.0,crawl,BRP1_25006_REC456_2025-10-10-09-26-29,474.75,,True,True,527.75,556.75
25006,6A,BRP1_25006_Obs6A_EDITED.txt,posture,82.0,101.15,19.15,sit,BRP1_25006_REC456_2025-10-10-09-26-29,474.75,,True,True,556.75,575.9
25006,6A,BRP1_25006_Obs6A_EDITED.txt,posture,101.15,106.819,5.669,crawl,BRP1_25006_REC456_2025-10-10-09-26-29,474.75,,True,True,575.9,581.569
25006,6A,BRP1_25006_Obs6A_EDITED.txt,posture,106.819,120.122,13.303,sit,BRP1_25006_REC456_2025-10-10-09-26-29,474.75,,True,True,581.569,594.872
25006,6A,BRP1_25006_Obs6A_EDITED.txt,posture,120.122,130.731,10.609,crawl,BRP1_25006_REC456_2025-10-10-09-26-29,474.75,,True,True,594.872,605.481
25006,6A,BRP1_25006_Obs6A_EDITED.txt,posture,130.738,136.281,5.543,stand,BRP1_25006_REC456_2025-10-10-09-26-29,474.75,,True,True,605.488,611.031
25006,6A,BRP1_25006_Obs6A_EDITED.txt,posture,136.281,139.008,2.727,crawl,BRP1_25006_REC456_2025-10-10-09-26-29,474.75,,True,True,611.031,613.758
25006,6A,BRP1_25006_Obs6A_EDITED.txt,posture,139.008,146.0,6.992,on stomach,BRP1_25006_REC456_2025-10-10-09-26-29,474.75,,True,True,613.758,620.75
25006,6A,BRP1_25006_Obs6A_EDITED.txt,posture,146.0,149.608,3.608,crawl,BRP1_25006_REC456_2025-10-10-09-26-29,474.75,,True,True,620.75,624.358
25006,6A,BRP1_25006_Obs6A_EDITED.txt,posture,149.608,161.455,11.847,sit,BRP1_25006_REC456_2025-10-10-09-26-29,474.75,,True,True,624.358,636.205
25006,6A,BRP1_25006_Obs6A_EDITED.txt,posture,161.455,254.0,92.545,crawl,BRP1_25006_REC456_2025-10-10-09-26-29,474.75,,True,True,636.205,728.75
25006,6A,BRP1_25006_Obs6A_EDITED.txt,posture,254.0,315.0,61.0,sit,BRP1_25006_REC456_2025-10-10-09-26-29,474.75,,True,True,728.75,789.75
25006,6A,BRP1_25006_Obs6A_EDITED.txt,posture,315.0,345.507,30.507,sit,BRP1_25006_REC456_2025-10-10-09-26-29,474.75,,True,True,789.75,820.2570000000001
25006,6A,BRP1_25006_Obs6A_EDITED.txt,posture,345.507,369.951,24.444,crawl,BRP1_25006_REC456_2025-10-10-09-26-29,474.75,,True,True,820.2570000000001,844.701
25006,6A,BRP1_25006_Obs6A_EDITED.txt,posture,369.951,378.0,8.049,sit,BRP1_25006_REC456_2025-10-10-09-26-29,474.75,,True,True,844.701,852.75
25006,6A,BRP1_25006_Obs6A_EDITED.txt,posture,378.0,398.0,20.0,on stomach,BRP1_25006_REC456_2025-10-10-09-26-29,474.75,,True,True,852.75,872.75
25006,6A,BRP1_25006_Obs6A_EDITED.txt,posture,398.0,407.0,9.0,crawl,BRP1_25006_REC456_2025-10-10-09-26-29,474.75,,True,True,872.75,881.75
25006,6A,BRP1_25006_Obs6A_EDITED.txt,posture,407.0,451.0,44.0,stand,BRP1_25006_REC456_2025-10-10-09-26-29,474.75,,True,True,881.75,925.75
25006,6A,BRP1_25006_Obs6A_EDITED.txt,posture,451.0,464.0,13.0,crawl,BRP1_25006_REC456_2025-10-10-09-26-29,474.75,,True,True,925.75,938.75
25006,6A,BRP1_25006_Obs6A_EDITED.txt,posture,464.0,503.633,39.633,sit,BRP1_25006_REC456_2025-10-10-09-26-29,474.75,,True,True,938.75,978.383
25006,6A,BRP1_25006_Obs6A_EDITED.txt,posture,503.633,512.02,8.387,crawl,BRP1_25006_REC456_2025-10-10-09-26-29,474.75,,True,True,978.383,986.77
25006,6A,BRP1_25006_Obs6A_EDITED.txt,posture,512.02,536.0,23.98,stand,BRP1_25006_REC456_2025-10-10-09-26-29,474.75,,True,True,986.77,1010.75
25006,6A,BRP1_25006_Obs6A_EDITED.txt,posture,536.0,538.0,2.0,stand,BRP1_25006_REC456_2025-10-10-09-26-29,474.75,,True,True,1010.75,1012.75
25006,6A,BRP1_25006_Obs6A_EDITED.txt,posture,538.0,552.0,14.0,stand,BRP1_25006_REC456_2025-10-10-09-26-29,474.75,,True,True,1012.75,1026.75
25006,6A,BRP1_25006_Obs6A_EDITED.txt,posture,552.0,558.0,6.0,stand,BRP1_25006_REC456_2025-10-10-09-26-29,474.75,,True,True,1026.75,1032.75
25006,6A,BRP1_25006_Obs6A_EDITED.txt,posture,558.0,564.0,6.0,stand,BRP1_25006_REC456_2025-10-10-09-26-29,474.75,,True,True,1032.75,1038.75
25006,6A,BRP1_25006_Obs6A_EDITED.txt,posture,564.0,568.351,4.351,stand,BRP1_25006_REC456_2025-10-10-09-26-29,474.75,,True,True,1038.75,1043.101
25006,6A,BRP1_25006_Obs6A_EDITED.txt,posture,568.351,586.0,17.649,crawl,BRP1_25006_REC456_2025-10-10-09-26-29,474.75,,True,True,1043.101,1060.75
25006,6A,BRP1_25006_Obs6A_EDITED.txt,posture,586.0,602.0,16.0,on stomach,BRP1_25006_REC456_2025-10-10-09-26-29,474.75,,True,True,1060.75,1076.75
25006,6A,BRP1_25006_Obs6A_EDITED.txt,posture,602.0,611.842,9.842,crawl,BRP1_25006_REC456_2025-10-10-09-26-29,474.75,,True,True,1076.75,1086.592
25006,6A,BRP1_25006_Obs6A_EDITED.txt,posture,611.842,624.743,12.901,sit,BRP1_25006_REC456_2025-10-10-09-26-29,474.75,,True,True,1086.592,1099.493
25006,6A,BRP1_25006_Obs6A_EDITED.txt,posture,624.743,630.301,5.558,crawl,BRP1_25006_REC456_2025-10-10-09-26-29,474.75,,True,True,1099.493,1105.051
25006,6A,BRP1_25006_Obs6A_EDITED.txt,posture,630.301,633.214,2.913,sit,BRP1_25006_REC456_2025-10-10-09-26-29,474.75,,True,True,1105.051,1107.964
25006,6A,BRP1_25006_Obs6A_EDITED.txt,posture,633.214,641.0,7.786,crawl,BRP1_25006_REC456_2025-10-10-09-26-29,474.75,,True,True,1107.964,1115.75
25006,6A,BRP1_25006_Obs6A_EDITED.txt,posture,641.0,669.0,28.0,on stomach,BRP1_25006_REC456_2025-10-10-09-26-29,474.75,,True,True,1115.75,1143.75
25006,6A,BRP1_25006_Obs6A_EDITED.txt,posture,669.0,799.0,130.0,sit,BRP1_25006_REC456_2025-10-10-09-26-29,474.75,,True,True,1143.75,1273.75
25006,6A,BRP1_25006_Obs6A_EDITED.txt,posture,799.0,830.0,31.0,on stomach,BRP1_25006_REC456_2025-10-10-09-26-29,474.75,,True,True,1273.75,1304.75
25006,6A,BRP1_25006_Obs6A_EDITED.txt,posture,830.0,833.0,3.0,crawl,BRP1_25006_REC456_2025-10-10-09-26-29,474.75,,True,True,1304.75,1307.75
25006,6A,BRP1_25006_Obs6A_EDITED.txt,posture,833.0,848.0,15.0,on stomach,BRP1_25006_REC456_2025-10-10-09-26-29,474.75,,True,True,1307.75,1322.75
25006,6A,BRP1_25006_Obs6A_EDITED.txt,posture,848.0,853.0,5.0,stand,BRP1_25006_REC456_2025-10-10-09-26-29,474.75,,True,True,1322.75,1327.75
25006,6A,BRP1_25006_Obs6A_EDITED.txt,posture,853.0,874.0,21.0,stand,BRP1_25006_REC456_2025-10-10-09-26-29,474.75,,True,True,1327.75,1348.75
25006,6A,BRP1_25006_Obs6A_EDITED.txt,posture,874.0,915.649,41.649,sit,BRP1_25006_REC456_2025-10-10-09-26-29,474.75,,True,True,1348.75,1390.399
25006,6A,BRP1_25006_Obs6A_EDITED.txt,posture,915.649,921.311,5.662,on side,BRP1_25006_REC456_2025-10-10-09-26-29,474.75,,True,True,1390.399,1396.0610000000001
25006,6A,BRP1_25006_Obs6A_EDITED.txt,posture,921.311,928.0,6.689,recline back,BRP1_25006_REC456_2025-10-10-09-26-29,474.75,,True,True,1396.0610000000001,1402.75
25006,6A,BRP1_25006_Obs6A_EDITED.txt,posture,928.0,936.0,8.0,recline back,BRP1_25006_REC456_2025-10-10-09-26-29,474.75,,True,True,1402.75,1410.75
25006,6A,BRP1_25006_Obs6A_EDITED.txt,posture,936.0,1038.0,102.0,sit,BRP1_25006_REC456_2025-10-10-09-26-29,474.75,,True,True,1410.75,1512.75
25006,6A,BRP1_25006_Obs6A_EDITED.txt,posture,1038.0,1195.0,157.0,sit,BRP1_25006_REC456_2025-10-10-09-26-29,474.75,,True,True,1512.75,1669.75
25006,6A,BRP1_25006_Obs6A_EDITED.txt,posture,1195.0,1200.0,5.0,stand,BRP1_25006_REC456_2025-10-10-09-26-29,474.75,,True,True,1669.75,1674.75
25006,6A,BRP1_25006_Obs6A_EDITED.txt,posture,1200.0,1239.0,39.0,sit,BRP1_25006_REC456_2025-10-10-09-26-29,474.75,,True,True,1674.75,1713.75
25006,6A,BRP1_25006_Obs6A_EDITED.txt,posture,1239.0,1573.0,334.0,recline back,BRP1_25006_REC456_2025-10-10-09-26-29,474.75,,True,True,1713.75,2047.75
25006,6A,BRP1_25006_Obs6A_EDITED.txt,posture,1573.0,1771.0,198.0,on side,BRP1_25006_REC456_2025-10-10-09-26-29,474.75,,True,True,2047.75,2245.75
25006,6A,BRP1_25006_Obs6A_EDITED.txt,posture,1771.0,5408.0,3637.0,on stomach,BRP1_25006_REC456_2025-10-10-09-26-29,474.75,,True,True,2245.75,5882.75
25006,7A,BRP1_25006_Obs7A_EDITED.txt,posture,0.0,27.0,27.0,crawl,BRP1_25006_REC789_2025-10-14-09-37-40,252.96,,True,True,252.96,279.96000000000004
25006,7A,BRP1_25006_Obs7A_EDITED.txt,posture,27.0,38.754,11.754,on stomach,BRP1_25006_REC789_2025-10-14-09-37-40,252.96,,True,True,279.96000000000004,291.714
25006,7A,BRP1_25006_Obs7A_EDITED.txt,posture,38.754,41.322,2.568,crawl,BRP1_25006_REC789_2025-10-14-09-37-40,252.96,,True,True,291.714,294.28200000000004
25006,7A,BRP1_25006_Obs7A_EDITED.txt,posture,41.322,49.016,7.694,on stomach,BRP1_25006_REC789_2025-10-14-09-37-40,252.96,,True,True,294.28200000000004,301.976
25006,7A,BRP1_25006_Obs7A_EDITED.txt,posture,49.016,66.0,16.984,crawl,BRP1_25006_REC789_2025-10-14-09-37-40,252.96,,True,True,301.976,318.96000000000004
25006,7A,BRP1_25006_Obs7A_EDITED.txt,posture,66.0,76.0,10.0,on stomach,BRP1_25006_REC789_2025-10-14-09-37-40,252.96,,True,True,318.96000000000004,328.96000000000004
25006,7A,BRP1_25006_Obs7A_EDITED.txt,posture,76.0,80.419,4.419,crawl,BRP1_25006_REC789_2025-10-14-09-37-40,252.96,,True,True,328.96000000000004,333.379
25006,7A,BRP1_25006_Obs7A_EDITED.txt,posture,80.419,87.652,7.233,on stomach,BRP1_25006_REC789_2025-10-14-09-37-40,252.96,,True,True,333.379,340.612
25006,7A,BRP1_25006_Obs7A_EDITED.txt,posture,87.652,92.012,4.36,crawl,BRP1_25006_REC789_2025-10-14-09-37-40,252.96,,True,True,340.612,344.972
25006,7A,BRP1_25006_Obs7A_EDITED.txt,posture,92.012,98.0,5.988,on stomach,BRP1_25006_REC789_2025-10-14-09-37-40,252.96,,True,True,344.972,350.96000000000004
25006,7A,BRP1_25006_Obs7A_EDITED.txt,posture,98.0,116.0,18.0,crawl,BRP1_25006_REC789_2025-10-14-09-37-40,252.96,,True,True,350.96000000000004,368.96000000000004
25006,7A,BRP1_25006_Obs7A_EDITED.txt,posture,116.0,118.0,2.0,on stomach,BRP1_25006_REC789_2025-10-14-09-37-40,252.96,,True,True,368.96000000000004,370.96000000000004
25006,7A,BRP1_25006_Obs7A_EDITED.txt,posture,118.0,125.689,7.689,crawl,BRP1_25006_REC789_2025-10-14-09-37-40,252.96,,True,True,370.96000000000004,378.649
25006,7A,BRP1_25006_Obs7A_EDITED.txt,posture,125.689,132.121,6.432,sit,BRP1_25006_REC789_2025-10-14-09-37-40,252.96,,True,True,378.649,385.081
25006,7A,BRP1_25006_Obs7A_EDITED.txt,posture,132.121,138.78,6.659,crawl,BRP1_25006_REC789_2025-10-14-09-37-40,252.96,,True,True,385.081,391.74
25006,7A,BRP1_25006_Obs7A_EDITED.txt,posture,138.78,142.832,4.052,crawl,BRP1_25006_REC789_2025-10-14-09-37-40,252.96,,True,True,391.74,395.79200000000003
25006,7A,BRP1_25006_Obs7A_EDITED.txt,posture,142.832,151.12,8.288,sit,BRP1_25006_REC789_2025-10-14-09-37-40,252.96,,True,True,395.79200000000003,404.08000000000004
25006,7A,BRP1_25006_Obs7A_EDITED.txt,posture,151.12,162.52,11.4,crawl,BRP1_25006_REC789_2025-10-14-09-37-40,252.96,,True,True,404.08000000000004,415.48
25006,7A,BRP1_25006_Obs7A_EDITED.txt,posture,162.52,167.537,5.017,sit,BRP1_25006_REC789_2025-10-14-09-37-40,252.96,,True,True,415.48,420.497
25006,7A,BRP1_25006_Obs7A_EDITED.txt,posture,167.537,268.9,101.363,crawl,BRP1_25006_REC789_2025-10-14-09-37-40,252.96,,True,True,420.497,521.86
25006,7A,BRP1_25006_Obs7A_EDITED.txt,posture,268.9,337.007,68.107,crawl,BRP1_25006_REC789_2025-10-14-09-37-40,252.96,,True,True,521.86,589.967
25006,7A,BRP1_25006_Obs7A_EDITED.txt,posture,337.007,346.094,9.087,on stomach,BRP1_25006_REC789_2025-10-14-09-37-40,252.96,,True,True,589.967,599.054
25006,7A,BRP1_25006_Obs7A_EDITED.txt,posture,346.094,349.838,3.744,on stomach,BRP1_25006_REC789_2025-10-14-09-37-40,252.96,,True,True,599.054,602.798
25006,7A,BRP1_25006_Obs7A_EDITED.txt,posture,349.838,358.877,9.039,crawl,BRP1_25006_REC789_2025-10-14-09-37-40,252.96,,True,True,602.798,611.837
25006,7A,BRP1_25006_Obs7A_EDITED.txt,posture,358.877,376.0,17.123,on stomach,BRP1_25006_REC789_2025-10-14-09-37-40,252.96,,True,True,611.837,628.96
25006,7A,BRP1_25006_Obs7A_EDITED.txt,posture,376.0,449.0,73.0,crawl,BRP1_25006_REC789_2025-10-14-09-37-40,252.96,,True,True,628.96,701.96
25006,7A,BRP1_25006_Obs7A_EDITED.txt,posture,449.0,460.0,11.0,crawl,BRP1_25006_REC789_2025-10-14-09-37-40,252.96,,True,True,701.96,712.96
25006,7A,BRP1_25006_Obs7A_EDITED.txt,posture,460.0,476.0,16.0,on stomach,BRP1_25006_REC789_2025-10-14-09-37-40,252.96,,True,True,712.96,728.96
25006,7A,BRP1_25006_Obs7A_EDITED.txt,posture,476.0,545.0,69.0,crawl,BRP1_25006_REC789_2025-10-14-09-37-40,252.96,,True,True,728.96,797.96
25006,7A,BRP1_25006_Obs7A_EDITED.txt,posture,545.0,578.0,33.0,on stomach,BRP1_25006_REC789_2025-10-14-09-37-40,252.96,,True,True,797.96,830.96
25006,7A,BRP1_25006_Obs7A_EDITED.txt,posture,578.0,649.0,71.0,crawl,BRP1_25006_REC789_2025-10-14-09-37-40,252.96,,True,True,830.96,901.96
25006,7A,BRP1_25006_Obs7A_EDITED.txt,posture,649.0,657.0,8.0,stand,BRP1_25006_REC789_2025-10-14-09-37-40,252.96,,True,True,901.96,909.96
25006,7A,BRP1_25006_Obs7A_EDITED.txt,posture,657.0,894.588,237.588,sit,BRP1_25006_REC789_2025-10-14-09-37-40,252.96,,True,True,909.96,1147.548
25006,7A,BRP1_25006_Obs7A_EDITED.txt,posture,894.588,904.0,9.412,stand,BRP1_25006_REC789_2025-10-14-09-37-40,252.96,,True,True,1147.548,1156.96
25006,7A,BRP1_25006_Obs7A_EDITED.txt,posture,904.0,1476.0,572.0,recline back,BRP1_25006_REC789_2025-10-14-09-37-40,252.96,,True,True,1156.96,1728.96
25006,7A,BRP1_25006_Obs7A_EDITED.txt,posture,1476.0,1481.0,5.0,sit,BRP1_25006_REC789_2025-10-14-09-37-40,252.96,,True,True,1728.96,1733.96
25006,7A,BRP1_25006_Obs7A_EDITED.txt,posture,1481.0,1532.0,51.0,recline back,BRP1_25006_REC789_2025-10-14-09-37-40,252.96,,True,True,1733.96,1784.96
25006,7A,BRP1_25006_Obs7A_EDITED.txt,posture,1532.0,3595.0,2063.0,on side,BRP1_25006_REC789_2025-10-14-09-37-40,252.96,,True,True,1784.96,3847.96
25006,8A,BRP1_25006_Obs8A_EDITED.txt,posture,0.0,180.25,180.25,on stomach,BRP1_25006_REC789_2025-10-17-09-33-40,217.826,,True,True,217.826,398.076
25006,8A,BRP1_25006_Obs8A_EDITED.txt,posture,180.25,192.0,11.75,crawl,BRP1_25006_REC789_2025-10-17-09-33-40,217.826,,True,True,398.076,409.826
25006,8A,BRP1_25006_Obs8A_EDITED.txt,posture,192.0,207.0,15.0,sit,BRP1_25006_REC789_2025-10-17-09-33-40,217.826,,True,True,409.826,424.826
25006,8A,BRP1_25006_Obs8A_EDITED.txt,posture,207.0,211.12,4.12,crawl,BRP1_25006_REC789_2025-10-17-09-33-40,217.826,,True,True,424.826,428.946
25006,8A,BRP1_25006_Obs8A_EDITED.txt,posture,211.12,271.96,60.84,sit,BRP1_25006_REC789_2025-10-17-09-33-40,217.826,,True,True,428.946,489.78599999999994
25006,8A,BRP1_25006_Obs8A_EDITED.txt,posture,271.96,276.0,4.04,crawl,BRP1_25006_REC789_2025-10-17-09-33-40,217.826,,True,True,489.78599999999994,493.826
25006,8A,BRP1_25006_Obs8A_EDITED.txt,posture,276.0,289.0,13.0,on stomach,BRP1_25006_REC789_2025-10-17-09-33-40,217.826,,True,True,493.826,506.826
25006,8A,BRP1_25006_Obs8A_EDITED.txt,posture,289.0,317.0,28.0,crawl,BRP1_25006_REC789_2025-10-17-09-33-40,217.826,,True,True,506.826,534.826
25006,8A,BRP1_25006_Obs8A_EDITED.txt,posture,317.0,332.0,15.0,sit,BRP1_25006_REC789_2025-10-17-09-33-40,217.826,,True,True,534.826,549.826
25006,8A,BRP1_25006_Obs8A_EDITED.txt,posture,332.0,345.0,13.0,crawl,BRP1_25006_REC789_2025-10-17-09-33-40,217.826,,True,True,549.826,562.826
25006,8A,BRP1_25006_Obs8A_EDITED.txt,posture,345.0,365.0,20.0,sit,BRP1_25006_REC789_2025-10-17-09-33-40,217.826,,True,True,562.826,582.826
25006,8A,BRP1_25006_Obs8A_EDITED.txt,posture,365.0,805.0,440.0,stand,BRP1_25006_REC789_2025-10-17-09-33-40,217.826,,True,True,582.826,1022.826
25006,8A,BRP1_25006_Obs8A_EDITED.txt,posture,805.0,825.0,20.0,crawl,BRP1_25006_REC789_2025-10-17-09-33-40,217.826,,True,True,1022.826,1042.826
25006,8A,BRP1_25006_Obs8A_EDITED.txt,posture,825.0,831.5,6.5,on stomach,BRP1_25006_REC789_2025-10-17-09-33-40,217.826,,True,True,1042.826,1049.326
25006,8A,BRP1_25006_Obs8A_EDITED.txt,posture,831.5,840.0,8.5,crawl,BRP1_25006_REC789_2025-10-17-09-33-40,217.826,,True,True,1049.326,1057.826
25006,8A,BRP1_25006_Obs8A_EDITED.txt,posture,840.0,849.0,9.0,sit,BRP1_25006_REC789_2025-10-17-09-33-40,217.826,,True,True,1057.826,1066.826
25006,8A,BRP1_25006_Obs8A_EDITED.txt,posture,849.0,919.0,70.0,stand,BRP1_25006_REC789_2025-10-17-09-33-40,217.826,,True,True,1066.826,1136.826
25006,8A,BRP1_25006_Obs8A_EDITED.txt,posture,919.0,929.0,10.0,sit,BRP1_25006_REC789_2025-10-17-09-33-40,217.826,,True,True,1136.826,1146.826
25006,8A,BRP1_25006_Obs8A_EDITED.txt,posture,929.0,933.0,4.0,crawl,BRP1_25006_REC789_2025-10-17-09-33-40,217.826,,True,True,1146.826,1150.826
25006,8A,BRP1_25006_Obs8A_EDITED.txt,posture,933.0,982.0,49.0,on stomach,BRP1_25006_REC789_2025-10-17-09-33-40,217.826,,True,True,1150.826,1199.826
25006,8A,BRP1_25006_Obs8A_EDITED.txt,posture,982.0,1029.0,47.0,crawl,BRP1_25006_REC789_2025-10-17-09-33-40,217.826,,True,True,1199.826,1246.826
25006,8A,BRP1_25006_Obs8A_EDITED.txt,posture,1029.0,1056.0,27.0,on stomach,BRP1_25006_REC789_2025-10-17-09-33-40,217.826,,True,True,1246.826,1273.826
25006,8A,BRP1_25006_Obs8A_EDITED.txt,posture,1056.0,1108.0,52.0,crawl,BRP1_25006_REC789_2025-10-17-09-33-40,217.826,,True,True,1273.826,1325.826
25006,8A,BRP1_25006_Obs8A_EDITED.txt,posture,1108.0,1140.0,32.0,on stomach,BRP1_25006_REC789_2025-10-17-09-33-40,217.826,,True,True,1325.826,1357.826
25006,8A,BRP1_25006_Obs8A_EDITED.txt,posture,1140.0,1148.0,8.0,crawl,BRP1_25006_REC789_2025-10-17-09-33-40,217.826,,True,True,1357.826,1365.826
25006,8A,BRP1_25006_Obs8A_EDITED.txt,posture,1148.0,1163.05,15.05,on stomach,BRP1_25006_REC789_2025-10-17-09-33-40,217.826,,True,True,1365.826,1380.876
25006,8A,BRP1_25006_Obs8A_EDITED.txt,posture,1163.05,1192.0,28.95,sit,BRP1_25006_REC789_2025-10-17-09-33-40,217.826,,True,True,1380.876,1409.826
25006,8A,BRP1_25006_Obs8A_EDITED.txt,posture,1192.0,1196.1,4.1,crawl,BRP1_25006_REC789_2025-10-17-09-33-40,217.826,,True,True,1409.826,1413.926
25006,8A,BRP1_25006_Obs8A_EDITED.txt,posture,1196.1,1204.11,8.01,sit,BRP1_25006_REC789_2025-10-17-09-33-40,217.826,,True,True,1413.926,1421.936
25006,8A,BRP1_25006_Obs8A_EDITED.txt,posture,1204.11,1211.01,6.9,crawl,BRP1_25006_REC789_2025-10-17-09-33-40,217.826,,True,True,1421.936,1428.836
25006,8A,BRP1_25006_Obs8A_EDITED.txt,posture,1211.01,1215.99,4.98,sit,BRP1_25006_REC789_2025-10-17-09-33-40,217.826,,True,True,1428.836,1433.816
25006,8A,BRP1_25006_Obs8A_EDITED.txt,posture,1215.99,1224.0,8.01,crawl,BRP1_25006_REC789_2025-10-17-09-33-40,217.826,,True,True,1433.816,1441.826
25006,8A,BRP1_25006_Obs8A_EDITED.txt,posture,1224.0,1228.05,4.05,recline forward,BRP1_25006_REC789_2025-10-17-09-33-40,217.826,,True,True,1441.826,1445.876
25006,8A,BRP1_25006_Obs8A_EDITED.txt,posture,1228.05,1264.02,35.97,on stomach,BRP1_25006_REC789_2025-10-17-09-33-40,217.826,,True,True,1445.876,1481.846
25006,8A,BRP1_25006_Obs8A_EDITED.txt,posture,1264.02,1415.0,150.98,crawl,BRP1_25006_REC789_2025-10-17-09-33-40,217.826,,True,True,1481.846,1632.826
25006,8A,BRP1_25006_Obs8A_EDITED.txt,posture,1415.0,1438.6,23.6,on stomach,BRP1_25006_REC789_2025-10-17-09-33-40,217.826,,True,True,1632.826,1656.426
25006,8A,BRP1_25006_Obs8A_EDITED.txt,posture,1438.6,1441.06,2.46,crawl,BRP1_25006_REC789_2025-10-17-09-33-40,217.826,,True,True,1656.426,1658.886
25006,8A,BRP1_25006_Obs8A_EDITED.txt,posture,1441.06,1445.0,3.94,sit,BRP1_25006_REC789_2025-10-17-09-33-40,217.826,,True,True,1658.886,1662.826
25006,8A,BRP1_25006_Obs8A_EDITED.txt,posture,1445.0,1465.0,20.0,stand,BRP1_25006_REC789_2025-10-17-09-33-40,217.826,,True,True,1662.826,1682.826
25006,8A,BRP1_25006_Obs8A_EDITED.txt,posture,1465.0,1477.99,12.99,sit,BRP1_25006_REC789_2025-10-17-09-33-40,217.826,,True,True,1682.826,1695.816
25006,8A,BRP1_25006_Obs8A_EDITED.txt,posture,1477.99,1482.99,5.0,crawl,BRP1_25006_REC789_2025-10-17-09-33-40,217.826,,True,True,1695.816,1700.816
25006,8A,BRP1_25006_Obs8A_EDITED.txt,posture,1482.99,1495.18,12.19,sit,BRP1_25006_REC789_2025-10-17-09-33-40,217.826,,True,True,1700.816,1713.006
25006,8A,BRP1_25006_Obs8A_EDITED.txt,posture,1495.18,1500.19,5.01,crawl,BRP1_25006_REC789_2025-10-17-09-33-40,217.826,,True,True,1713.006,1718.016
25006,8A,BRP1_25006_Obs8A_EDITED.txt,posture,1500.19,1515.03,14.84,sit,BRP1_25006_REC789_2025-10-17-09-33-40,217.826,,True,True,1718.016,1732.856
25006,8A,BRP1_25006_Obs8A_EDITED.txt,posture,1515.03,1520.0,4.97,crawl,BRP1_25006_REC789_2025-10-17-09-33-40,217.826,,True,True,1732.856,1737.826
25006,8A,BRP1_25006_Obs8A_EDITED.txt,posture,1520.0,1785.07,265.07,sit,BRP1_25006_REC789_2025-10-17-09-33-40,217.826,,True,True,1737.826,2002.896
25006,8A,BRP1_25006_Obs8A_EDITED.txt,posture,1785.07,1792.0,6.93,on stomach,BRP1_25006_REC789_2025-10-17-09-33-40,217.826,,True,True,2002.896,2009.826
25006,8A,BRP1_25006_Obs8A_EDITED.txt,posture,1792.0,1798.0,6.0,crawl,BRP1_25006_REC789_2025-10-17-09-33-40,217.826,,True,True,2009.826,2015.826
25006,8A,BRP1_25006_Obs8A_EDITED.txt,posture,1798.0,1819.0,21.0,on stomach,BRP1_25006_REC789_2025-10-17-09-33-40,217.826,,True,True,2015.826,2036.826
25006,8A,BRP1_25006_Obs8A_EDITED.txt,posture,1819.0,1822.01,3.01,crawl,BRP1_25006_REC789_2025-10-17-09-33-40,217.826,,True,True,2036.826,2039.836
25006,8A,BRP1_25006_Obs8A_EDITED.txt,posture,1822.01,1837.0,14.99,sit,BRP1_25006_REC789_2025-10-17-09-33-40,217.826,,True,True,2039.836,2054.826
25006,8A,BRP1_25006_Obs8A_EDITED.txt,posture,1837.0,1890.0,53.0,stand,BRP1_25006_REC789_2025-10-17-09-33-40,217.826,,True,True,2054.826,2107.826
25006,8A,BRP1_25006_Obs8A_EDITED.txt,posture,1890.0,1944.0,54.0,sit,BRP1_25006_REC789_2025-10-17-09-33-40,217.826,,True,True,2107.826,2161.826
25006,8A,BRP1_25006_Obs8A_EDITED.txt,posture,1944.0,1953.0,9.0,stand,BRP1_25006_REC789_2025-10-17-09-33-40,217.826,,True,True,2161.826,2170.826
25006,8A,BRP1_25006_Obs8A_EDITED.txt,posture,1953.0,2001.0,48.0,sit,BRP1_25006_REC789_2025-10-17-09-33-40,217.826,,True,True,2170.826,2218.826
25006,8A,BRP1_25006_Obs8A_EDITED.txt,posture,2001.0,2008.0,7.0,on stomach,BRP1_25006_REC789_2025-10-17-09-33-40,217.826,,True,True,2218.826,2225.826
25006,8A,BRP1_25006_Obs8A_EDITED.txt,posture,2008.0,2013.0,5.0,crawl,BRP1_25006_REC789_2025-10-17-09-33-40,217.826,,True,True,2225.826,2230.826
25006,8A,BRP1_25006_Obs8A_EDITED.txt,posture,2013.0,2060.0,47.0,stand,BRP1_25006_REC789_2025-10-17-09-33-40,217.826,,True,True,2230.826,2277.826
25006,8A,BRP1_25006_Obs8A_EDITED.txt,posture,2060.0,2092.96,32.96,recline back,BRP1_25006_REC789_2025-10-17-09-33-40,217.826,,True,True,2277.826,2310.786
25006,8A,BRP1_25006_Obs8A_EDITED.txt,posture,2092.96,2214.0,121.04,sit,BRP1_25006_REC789_2025-10-17-09-33-40,217.826,,True,True,2310.786,2431.826
25006,8A,BRP1_25006_Obs8A_EDITED.txt,posture,2214.0,2236.0,22.0,on stomach,BRP1_25006_REC789_2025-10-17-09-33-40,217.826,,True,True,2431.826,2453.826
25006,8A,BRP1_25006_Obs8A_EDITED.txt,posture,2236.0,2252.0,16.0,crawl,BRP1_25006_REC789_2025-10-17-09-33-40,217.826,,True,True,2453.826,2469.826
25006,8A,BRP1_25006_Obs8A_EDITED.txt,posture,2252.0,2255.01,3.01,sit,BRP1_25006_REC789_2025-10-17-09-33-40,217.826,,True,True,2469.826,2472.8360000000002
25006,8A,BRP1_25006_Obs8A_EDITED.txt,posture,2255.01,2258.0,2.99,crawl,BRP1_25006_REC789_2025-10-17-09-33-40,217.826,,True,True,2472.8360000000002,2475.826
25006,8A,BRP1_25006_Obs8A_EDITED.txt,posture,2258.0,2267.0,9.0,stand,BRP1_25006_REC789_2025-10-17-09-33-40,217.826,,True,True,2475.826,2484.826
25006,8A,BRP1_25006_Obs8A_EDITED.txt,posture,2267.0,2303.0,36.0,sit,BRP1_25006_REC789_2025-10-17-09-33-40,217.826,,True,True,2484.826,2520.826
25006,8A,BRP1_25006_Obs8A_EDITED.txt,posture,2303.0,2315.0,12.0,crawl,BRP1_25006_REC789_2025-10-17-09-33-40,217.826,,True,True,2520.826,2532.826
25006,8A,BRP1_25006_Obs8A_EDITED.txt,posture,2315.0,2337.0,22.0,stand,BRP1_25006_REC789_2025-10-17-09-33-40,217.826,,True,True,2532.826,2554.826
25006,8A,BRP1_25006_Obs8A_EDITED.txt,posture,2337.0,2359.0,22.0,crawl,BRP1_25006_REC789_2025-10-17-09-33-40,217.826,,True,True,2554.826,2576.826
25006,8A,BRP1_25006_Obs8A_EDITED.txt,posture,2359.0,2374.5,15.5,on stomach,BRP1_25006_REC789_2025-10-17-09-33-40,217.826,,True,True,2576.826,2592.326
25006,8A,BRP1_25006_Obs8A_EDITED.txt,posture,2374.5,2378.04,3.54,crawl,BRP1_25006_REC789_2025-10-17-09-33-40,217.826,,True,True,2592.326,2595.866
25006,8A,BRP1_25006_Obs8A_EDITED.txt,posture,2378.04,2381.5,3.46,sit,BRP1_25006_REC789_2025-10-17-09-33-40,217.826,,True,True,2595.866,2599.326
25006,8A,BRP1_25006_Obs8A_EDITED.txt,posture,2381.5,2396.01,14.51,stand,BRP1_25006_REC789_2025-10-17-09-33-40,217.826,,True,True,2599.326,2613.8360000000002
25006,8A,BRP1_25006_Obs8A_EDITED.txt,posture,2396.01,2407.0,10.99,sit,BRP1_25006_REC789_2025-10-17-09-33-40,217.826,,True,True,2613.8360000000002,2624.826
25006,8A,BRP1_25006_Obs8A_EDITED.txt,posture,2407.0,2410.96,3.96,crawl,BRP1_25006_REC789_2025-10-17-09-33-40,217.826,,True,True,2624.826,2628.786
25006,8A,BRP1_25006_Obs8A_EDITED.txt,posture,2410.96,2448.0,37.04,sit,BRP1_25006_REC789_2025-10-17-09-33-40,217.826,,True,True,2628.786,2665.826
25006,8A,BRP1_25006_Obs8A_EDITED.txt,posture,2448.0,2459.0,11.0,crawl,BRP1_25006_REC789_2025-10-17-09-33-40,217.826,,True,True,2665.826,2676.826
25006,8A,BRP1_25006_Obs8A_EDITED.txt,posture,2459.0,2478.0,19.0,sit,BRP1_25006_REC789_2025-10-17-09-33-40,217.826,,True,True,2676.826,2695.826
25006,8A,BRP1_25006_Obs8A_EDITED.txt,posture,2478.0,3789.0,1311.0,recline back,BRP1_25006_REC789_2025-10-17-09-33-40,217.826,,True,True,2695.826,4006.826
25006,9A,BRP1_25006_Obs9A_EDITED.txt,posture,0.0,312.85,312.85,stand,BRP1_25006_REC789_2025-10-20-09-39-15,401.965,,True,True,401.965,714.815
25006,9A,BRP1_25006_Obs9A_EDITED.txt,posture,312.85,324.826,11.976,crawl,BRP1_25006_REC789_2025-10-20-09-39-15,401.965,,True,True,714.815,726.7909999999999
25006,9A,BRP1_25006_Obs9A_EDITED.txt,posture,324.826,340.922,16.096,sit,BRP1_25006_REC789_2025-10-20-09-39-15,401.965,,True,True,726.7909999999999,742.887
25006,9A,BRP1_25006_Obs9A_EDITED.txt,posture,340.922,349.404,8.482,crawl,BRP1_25006_REC789_2025-10-20-09-39-15,401.965,,True,True,742.887,751.3689999999999
25006,9A,BRP1_25006_Obs9A_EDITED.txt,posture,349.404,525.125,175.721,stand,BRP1_25006_REC789_2025-10-20-09-39-15,401.965,,True,True,751.3689999999999,927.0899999999999
25006,9A,BRP1_25006_Obs9A_EDITED.txt,posture,525.125,528.225,3.1,sit,BRP1_25006_REC789_2025-10-20-09-39-15,401.965,,True,True,927.0899999999999,930.19
25006,9A,BRP1_25006_Obs9A_EDITED.txt,posture,528.225,636.0,107.775,stand,BRP1_25006_REC789_2025-10-20-09-39-15,401.965,,True,True,930.19,1037.965
25006,9A,BRP1_25006_Obs9A_EDITED.txt,posture,636.0,638.0,2.0,stand,BRP1_25006_REC789_2025-10-20-09-39-15,401.965,,True,True,1037.965,1039.965
25006,9A,BRP1_25006_Obs9A_EDITED.txt,posture,638.0,639.0,1.0,stand,BRP1_25006_REC789_2025-10-20-09-39-15,401.965,,True,True,1039.965,1040.965
25006,9A,BRP1_25006_Obs9A_EDITED.txt,posture,639.0,675.0,36.0,stand,BRP1_25006_REC789_2025-10-20-09-39-15,401.965,,True,True,1040.965,1076.965
25006,9A,BRP1_25006_Obs9A_EDITED.txt,posture,675.0,675.667,0.667,stand,BRP1_25006_REC789_2025-10-20-09-39-15,401.965,,True,True,1076.965,1077.632
25006,9A,BRP1_25006_Obs9A_EDITED.txt,posture,675.667,682.814,7.147,sit,BRP1_25006_REC789_2025-10-20-09-39-15,401.965,,True,True,1077.632,1084.779
25006,9A,BRP1_25006_Obs9A_EDITED.txt,posture,682.814,882.0,199.186,stand,BRP1_25006_REC789_2025-10-20-09-39-15,401.965,,True,True,1084.779,1283.965
25006,9A,BRP1_25006_Obs9A_EDITED.txt,posture,882.0,893.835,11.835,stand,BRP1_25006_REC789_2025-10-20-09-39-15,401.965,,True,True,1283.965,1295.8
25006,9A,BRP1_25006_Obs9A_EDITED.txt,posture,893.835,898.527,4.692,sit,BRP1_25006_REC789_2025-10-20-09-39-15,401.965,,True,True,1295.8,1300.492
25006,9A,BRP1_25006_Obs9A_EDITED.txt,posture,898.527,931.0,32.473,stand,BRP1_25006_REC789_2025-10-20-09-39-15,401.965,,True,True,1300.492,1332.965
25006,9A,BRP1_25006_Obs9A_EDITED.txt,posture,931.0,935.05,4.05,sit,BRP1_25006_REC789_2025-10-20-09-39-15,401.965,,True,True,1332.965,1337.0149999999999
25006,9A,BRP1_25006_Obs9A_EDITED.txt,posture,935.05,941.0,5.95,stand,BRP1_25006_REC789_2025-10-20-09-39-15,401.965,,True,True,1337.0149999999999,1342.965
25006,9A,BRP1_25006_Obs9A_EDITED.txt,posture,941.0,1063.0,122.0,stand,BRP1_25006_REC789_2025-10-20-09-39-15,401.965,,True,True,1342.965,1464.965
25006,9A,BRP1_25006_Obs9A_EDITED.txt,posture,1063.0,1065.0,2.0,sit,BRP1_25006_REC789_2025-10-20-09-39-15,401.965,,True,True,1464.965,1466.965
25006,9A,BRP1_25006_Obs9A_EDITED.txt,posture,1065.0,1065.762,0.762,sit,BRP1_25006_REC789_2025-10-20-09-39-15,401.965,,True,True,1466.965,1467.7269999999999
25006,9A,BRP1_25006_Obs9A_EDITED.txt,posture,1065.762,1085.0,19.238,stand,BRP1_25006_REC789_2025-10-20-09-39-15,401.965,,True,True,1467.7269999999999,1486.965
25006,9A,BRP1_25006_Obs9A_EDITED.txt,posture,1085.0,1087.0,2.0,stand,BRP1_25006_REC789_2025-10-20-09-39-15,401.965,,True,True,1486.965,1488.965
25006,9A,BRP1_25006_Obs9A_EDITED.txt,posture,1087.0,1102.0,15.0,stand,BRP1_25006_REC789_2025-10-20-09-39-15,401.965,,True,True,1488.965,1503.965
25006,9A,BRP1_25006_Obs9A_EDITED.txt,posture,1102.0,1110.0,8.0,stand,BRP1_25006_REC789_2025-10-20-09-39-15,401.965,,True,True,1503.965,1511.965
25006,9A,BRP1_25006_Obs9A_EDITED.txt,posture,1110.0,1118.0,8.0,stand,BRP1_25006_REC789_2025-10-20-09-39-15,401.965,,True,True,1511.965,1519.965
25006,9A,BRP1_25006_Obs9A_EDITED.txt,posture,1118.0,1120.0,2.0,sit,BRP1_25006_REC789_2025-10-20-09-39-15,401.965,,True,True,1519.965,1521.965
25006,9A,BRP1_25006_Obs9A_EDITED.txt,posture,1120.0,1137.0,17.0,stand,BRP1_25006_REC789_2025-10-20-09-39-15,401.965,,True,True,1521.965,1538.965
25006,9A,BRP1_25006_Obs9A_EDITED.txt,posture,1137.0,1141.0,4.0,stand,BRP1_25006_REC789_2025-10-20-09-39-15,401.965,,True,True,1538.965,1542.965
25006,9A,BRP1_25006_Obs9A_EDITED.txt,posture,1141.0,1154.0,13.0,stand,BRP1_25006_REC789_2025-10-20-09-39-15,401.965,,True,True,1542.965,1555.965
25006,9A,BRP1_25006_Obs9A_EDITED.txt,posture,1154.0,1234.481,80.481,stand,BRP1_25006_REC789_2025-10-20-09-39-15,401.965,,True,True,1555.965,1636.446
25006,9A,BRP1_25006_Obs9A_EDITED.txt,posture,1234.481,1247.63,13.149,recline back,BRP1_25006_REC789_2025-10-20-09-39-15,401.965,,True,True,1636.446,1649.595
25006,9A,BRP1_25006_Obs9A_EDITED.txt,posture,1247.63,1258.229,10.599,sit,BRP1_25006_REC789_2025-10-20-09-39-15,401.965,,True,True,1649.595,1660.194
25006,9A,BRP1_25006_Obs9A_EDITED.txt,posture,1258.229,1265.0,6.771,recline back,BRP1_25006_REC789_2025-10-20-09-39-15,401.965,,True,True,1660.194,1666.965
25006,9A,BRP1_25006_Obs9A_EDITED.txt,posture,1265.0,1272.894,7.894,on back,BRP1_25006_REC789_2025-10-20-09-39-15,401.965,,True,True,1666.965,1674.859
25006,9A,BRP1_25006_Obs9A_EDITED.txt,posture,1272.894,1275.99,3.096,sit,BRP1_25006_REC789_2025-10-20-09-39-15,401.965,,True,True,1674.859,1677.955
25006,9A,BRP1_25006_Obs9A_EDITED.txt,posture,1275.99,1871.683,595.693,recline back,BRP1_25006_REC789_2025-10-20-09-39-15,401.965,,True,True,1677.955,2273.648
25006,9A,BRP1_25006_Obs9A_EDITED.txt,posture,1871.683,3959.0,2087.317,on side,BRP1_25006_REC789_2025-10-20-09-39-15,401.965,,True,True,2273.648,4360.965
25007,10A,BRP1_25007_Obs10A_EDITED.txt,posture,0.0,928.0,928.0,recline back,BRP1_25007_REC101112_2026-03-25-09-32-54,312.582,,True,True,312.582,1240.5819999999999
25007,10A,BRP1_25007_Obs10A_EDITED.txt,posture,928.0,2152.0,1224.0,on back,BRP1_25007_REC101112_2026-03-25-09-32-54,312.582,,True,True,1240.5819999999999,2464.582
25007,10A,BRP1_25007_Obs10A_EDITED.txt,posture,2152.0,2180.0,28.0,stand,BRP1_25007_REC101112_2026-03-25-09-32-54,312.582,,True,True,2464.582,2492.582
25007,10A,BRP1_25007_Obs10A_EDITED.txt,posture,2180.0,3606.0,1426.0,on stomach,BRP1_25007_REC101112_2026-03-25-09-32-54,312.582,,True,True,2492.582,3918.582
25007,11A,BRP1_25007_Obs11A_EDITED.txt,posture,0.0,110.0,110.0,on stomach,BRP1_25007_REC101112_2026-04-01-10-14-16,580.347,,True,True,580.347,690.347
25007,11A,BRP1_25007_Obs11A_EDITED.txt,posture,110.0,112.0,2.0,on side,BRP1_25007_REC101112_2026-04-01-10-14-16,580.347,,True,True,690.347,692.347
25007,11A,BRP1_25007_Obs11A_EDITED.txt,posture,112.0,121.0,9.0,on back,BRP1_25007_REC101112_2026-04-01-10-14-16,580.347,,True,True,692.347,701.347
25007,11A,BRP1_25007_Obs11A_EDITED.txt,posture,121.0,125.0,4.0,on side,BRP1_25007_REC101112_2026-04-01-10-14-16,580.347,,True,True,701.347,705.347
25007,11A,BRP1_25007_Obs11A_EDITED.txt,posture,125.0,140.0,15.0,on back,BRP1_25007_REC101112_2026-04-01-10-14-16,580.347,,True,True,705.347,720.347
25007,11A,BRP1_25007_Obs11A_EDITED.txt,posture,140.0,150.0,10.0,on side,BRP1_25007_REC101112_2026-04-01-10-14-16,580.347,,True,True,720.347,730.347
25007,11A,BRP1_25007_Obs11A_EDITED.txt,posture,150.0,209.985,59.985,on stomach,BRP1_25007_REC101112_2026-04-01-10-14-16,580.347,,True,True,730.347,790.332
25007,11A,BRP1_25007_Obs11A_EDITED.txt,posture,209.985,211.356,1.371,on side,BRP1_25007_REC101112_2026-04-01-10-14-16,580.347,,True,True,790.332,791.703
25007,11A,BRP1_25007_Obs11A_EDITED.txt,posture,211.356,213.022,1.666,on back,BRP1_25007_REC101112_2026-04-01-10-14-16,580.347,,True,True,791.703,793.3689999999999
25007,11A,BRP1_25007_Obs11A_EDITED.txt,posture,213.022,260.0,46.978,on back,BRP1_25007_REC101112_2026-04-01-10-14-16,580.347,,True,True,793.3689999999999,840.347
25007,11A,BRP1_25007_Obs11A_EDITED.txt,posture,260.0,261.0,1.0,on side,BRP1_25007_REC101112_2026-04-01-10-14-16,580.347,,True,True,840.347,841.347
25007,11A,BRP1_25007_Obs11A_EDITED.txt,posture,261.0,272.0,11.0,on stomach,BRP1_25007_REC101112_2026-04-01-10-14-16,580.347,,True,True,841.347,852.347
25007,11A,BRP1_25007_Obs11A_EDITED.txt,posture,272.0,273.0,1.0,on side,BRP1_25007_REC101112_2026-04-01-10-14-16,580.347,,True,True,852.347,853.347
25007,11A,BRP1_25007_Obs11A_EDITED.txt,posture,273.0,282.0,9.0,on back,BRP1_25007_REC101112_2026-04-01-10-14-16,580.347,,True,True,853.347,862.347
25007,11A,BRP1_25007_Obs11A_EDITED.txt,posture,282.0,283.0,1.0,on side,BRP1_25007_REC101112_2026-04-01-10-14-16,580.347,,True,True,862.347,863.347
25007,11A,BRP1_25007_Obs11A_EDITED.txt,posture,283.0,291.0,8.0,on stomach,BRP1_25007_REC101112_2026-04-01-10-14-16,580.347,,True,True,863.347,871.347
25007,11A,BRP1_25007_Obs11A_EDITED.txt,posture,291.0,303.0,12.0,stand,BRP1_25007_REC101112_2026-04-01-10-14-16,580.347,,True,True,871.347,883.347
25007,11A,BRP1_25007_Obs11A_EDITED.txt,posture,303.0,708.0,405.0,recline back,BRP1_25007_REC101112_2026-04-01-10-14-16,580.347,,True,True,883.347,1288.347
25007,11A,BRP1_25007_Obs11A_EDITED.txt,posture,708.0,711.0,3.0,sit,BRP1_25007_REC101112_2026-04-01-10-14-16,580.347,,True,True,1288.347,1291.347
25007,11A,BRP1_25007_Obs11A_EDITED.txt,posture,711.0,724.0,13.0,stand,BRP1_25007_REC101112_2026-04-01-10-14-16,580.347,,True,True,1291.347,1304.347
25007,11A,BRP1_25007_Obs11A_EDITED.txt,posture,724.0,754.0,30.0,sit,BRP1_25007_REC101112_2026-04-01-10-14-16,580.347,,True,True,1304.347,1334.347
25007,11A,BRP1_25007_Obs11A_EDITED.txt,posture,754.0,1128.0,374.0,recline back,BRP1_25007_REC101112_2026-04-01-10-14-16,580.347,,True,True,1334.347,1708.347
25007,11A,BRP1_25007_Obs11A_EDITED.txt,posture,1128.0,1141.0,13.0,recline back,BRP1_25007_REC101112_2026-04-01-10-14-16,580.347,,True,True,1708.347,1721.347
25007,11A,BRP1_25007_Obs11A_EDITED.txt,posture,1141.0,1146.0,5.0,recline back,BRP1_25007_REC101112_2026-04-01-10-14-16,580.347,,True,True,1721.347,1726.347
25007,11A,BRP1_25007_Obs11A_EDITED.txt,posture,1146.0,1154.0,8.0,sit,BRP1_25007_REC101112_2026-04-01-10-14-16,580.347,,True,True,1726.347,1734.347
25007,11A,BRP1_25007_Obs11A_EDITED.txt,posture,1154.0,1171.0,17.0,stand,BRP1_25007_REC101112_2026-04-01-10-14-16,580.347,,True,True,1734.347,1751.347
25007,11A,BRP1_25007_Obs11A_EDITED.txt,posture,1171.0,1257.0,86.0,on back,BRP1_25007_REC101112_2026-04-01-10-14-16,580.347,,True,True,1751.347,1837.347
25007,11A,BRP1_25007_Obs11A_EDITED.txt,posture,1257.0,1262.0,5.0,on side,BRP1_25007_REC101112_2026-04-01-10-14-16,580.347,,True,True,1837.347,1842.347
25007,11A,BRP1_25007_Obs11A_EDITED.txt,posture,1262.0,1357.0,95.0,on back,BRP1_25007_REC101112_2026-04-01-10-14-16,580.347,,True,True,1842.347,1937.347
25007,11A,BRP1_25007_Obs11A_EDITED.txt,posture,1357.0,1358.0,1.0,on side,BRP1_25007_REC101112_2026-04-01-10-14-16,580.347,,True,True,1937.347,1938.347
25007,11A,BRP1_25007_Obs11A_EDITED.txt,posture,1358.0,1612.0,254.0,on stomach,BRP1_25007_REC101112_2026-04-01-10-14-16,580.347,,True,True,1938.347,2192.3469999999998
25007,11A,BRP1_25007_Obs11A_EDITED.txt,posture,1612.0,1613.0,1.0,on side,BRP1_25007_REC101112_2026-04-01-10-14-16,580.347,,True,True,2192.3469999999998,2193.3469999999998
25007,11A,BRP1_25007_Obs11A_EDITED.txt,posture,1613.0,1631.0,18.0,on back,BRP1_25007_REC101112_2026-04-01-10-14-16,580.347,,True,True,2193.3469999999998,2211.3469999999998
25007,11A,BRP1_25007_Obs11A_EDITED.txt,posture,1631.0,1632.0,1.0,on side,BRP1_25007_REC101112_2026-04-01-10-14-16,580.347,,True,True,2211.3469999999998,2212.3469999999998
25007,11A,BRP1_25007_Obs11A_EDITED.txt,posture,1632.0,1675.0,43.0,on stomach,BRP1_25007_REC101112_2026-04-01-10-14-16,580.347,,True,True,2212.3469999999998,2255.3469999999998
25007,11A,BRP1_25007_Obs11A_EDITED.txt,posture,1675.0,1676.0,1.0,on side,BRP1_25007_REC101112_2026-04-01-10-14-16,580.347,,True,True,2255.3469999999998,2256.3469999999998
25007,11A,BRP1_25007_Obs11A_EDITED.txt,posture,1676.0,1683.0,7.0,on back,BRP1_25007_REC101112_2026-04-01-10-14-16,580.347,,True,True,2256.3469999999998,2263.3469999999998
25007,11A,BRP1_25007_Obs11A_EDITED.txt,posture,1683.0,1695.0,12.0,on side,BRP1_25007_REC101112_2026-04-01-10-14-16,580.347,,True,True,2263.3469999999998,2275.3469999999998
25007,11A,BRP1_25007_Obs11A_EDITED.txt,posture,1695.0,1702.0,7.0,on back,BRP1_25007_REC101112_2026-04-01-10-14-16,580.347,,True,True,2275.3469999999998,2282.3469999999998
25007,11A,BRP1_25007_Obs11A_EDITED.txt,posture,1702.0,1703.0,1.0,on side,BRP1_25007_REC101112_2026-04-01-10-14-16,580.347,,True,True,2282.3469999999998,2283.3469999999998
25007,11A,BRP1_25007_Obs11A_EDITED.txt,posture,1703.0,1863.0,160.0,on stomach,BRP1_25007_REC101112_2026-04-01-10-14-16,580.347,,True,True,2283.3469999999998,2443.3469999999998
25007,11A,BRP1_25007_Obs11A_EDITED.txt,posture,1863.0,1864.0,1.0,on side,BRP1_25007_REC101112_2026-04-01-10-14-16,580.347,,True,True,2443.3469999999998,2444.3469999999998
25007,11A,BRP1_25007_Obs11A_EDITED.txt,posture,1864.0,1925.0,61.0,on back,BRP1_25007_REC101112_2026-04-01-10-14-16,580.347,,True,True,2444.3469999999998,2505.3469999999998
25007,11A,BRP1_25007_Obs11A_EDITED.txt,posture,1925.0,1926.0,1.0,on side,BRP1_25007_REC101112_2026-04-01-10-14-16,580.347,,True,True,2505.3469999999998,2506.3469999999998
25007,11A,BRP1_25007_Obs11A_EDITED.txt,posture,1926.0,2085.0,159.0,on stomach,BRP1_25007_REC101112_2026-04-01-10-14-16,580.347,,True,True,2506.3469999999998,2665.3469999999998
25007,11A,BRP1_25007_Obs11A_EDITED.txt,posture,2085.0,2086.0,1.0,on side,BRP1_25007_REC101112_2026-04-01-10-14-16,580.347,,True,True,2665.3469999999998,2666.3469999999998
25007,11A,BRP1_25007_Obs11A_EDITED.txt,posture,2086.0,2097.0,11.0,on back,BRP1_25007_REC101112_2026-04-01-10-14-16,580.347,,True,True,2666.3469999999998,2677.3469999999998
25007,11A,BRP1_25007_Obs11A_EDITED.txt,posture,2097.0,2098.0,1.0,on side,BRP1_25007_REC101112_2026-04-01-10-14-16,580.347,,True,True,2677.3469999999998,2678.3469999999998
25007,11A,BRP1_25007_Obs11A_EDITED.txt,posture,2098.0,2106.0,8.0,on stomach,BRP1_25007_REC101112_2026-04-01-10-14-16,580.347,,True,True,2678.3469999999998,2686.3469999999998
25007,11A,BRP1_25007_Obs11A_EDITED.txt,posture,2106.0,2107.0,1.0,on back,BRP1_25007_REC101112_2026-04-01-10-14-16,580.347,,True,True,2686.3469999999998,2687.3469999999998
25007,11A,BRP1_25007_Obs11A_EDITED.txt,posture,2107.0,2169.0,62.0,on back,BRP1_25007_REC101112_2026-04-01-10-14-16,580.347,,True,True,2687.3469999999998,2749.3469999999998
25007,11A,BRP1_25007_Obs11A_EDITED.txt,posture,2169.0,2170.0,1.0,on side,BRP1_25007_REC101112_2026-04-01-10-14-16,580.347,,True,True,2749.3469999999998,2750.3469999999998
25007,11A,BRP1_25007_Obs11A_EDITED.txt,posture,2170.0,2304.0,134.0,on stomach,BRP1_25007_REC101112_2026-04-01-10-14-16,580.347,,True,True,2750.3469999999998,2884.3469999999998
25007,11A,BRP1_25007_Obs11A_EDITED.txt,posture,2304.0,2307.0,3.0,on side,BRP1_25007_REC101112_2026-04-01-10-14-16,580.347,,True,True,2884.3469999999998,2887.3469999999998
25007,11A,BRP1_25007_Obs11A_EDITED.txt,posture,2307.0,2321.0,14.0,on back,BRP1_25007_REC101112_2026-04-01-10-14-16,580.347,,True,True,2887.3469999999998,2901.3469999999998
25007,11A,BRP1_25007_Obs11A_EDITED.txt,posture,2321.0,2323.0,2.0,on side,BRP1_25007_REC101112_2026-04-01-10-14-16,580.347,,True,True,2901.3469999999998,2903.3469999999998
25007,11A,BRP1_25007_Obs11A_EDITED.txt,posture,2323.0,2534.0,211.0,on back,BRP1_25007_REC101112_2026-04-01-10-14-16,580.347,,True,True,2903.3469999999998,3114.3469999999998
25007,11A,BRP1_25007_Obs11A_EDITED.txt,posture,2534.0,2537.0,3.0,on side,BRP1_25007_REC101112_2026-04-01-10-14-16,580.347,,True,True,3114.3469999999998,3117.3469999999998
25007,11A,BRP1_25007_Obs11A_EDITED.txt,posture,2537.0,2599.0,62.0,on stomach,BRP1_25007_REC101112_2026-04-01-10-14-16,580.347,,True,True,3117.3469999999998,3179.3469999999998
25007,11A,BRP1_25007_Obs11A_EDITED.txt,posture,2599.0,2601.0,2.0,on side,BRP1_25007_REC101112_2026-04-01-10-14-16,580.347,,True,True,3179.3469999999998,3181.3469999999998
25007,11A,BRP1_25007_Obs11A_EDITED.txt,posture,2601.0,2672.0,71.0,on back,BRP1_25007_REC101112_2026-04-01-10-14-16,580.347,,True,True,3181.3469999999998,3252.3469999999998
25007,11A,BRP1_25007_Obs11A_EDITED.txt,posture,2672.0,2707.0,35.0,sit,BRP1_25007_REC101112_2026-04-01-10-14-16,580.347,,True,True,3252.3469999999998,3287.3469999999998
25007,11A,BRP1_25007_Obs11A_EDITED.txt,posture,2707.0,2825.0,118.0,recline back,BRP1_25007_REC101112_2026-04-01-10-14-16,580.347,,True,True,3287.3469999999998,3405.3469999999998
25007,11A,BRP1_25007_Obs11A_EDITED.txt,posture,2825.0,2834.0,9.0,sit,BRP1_25007_REC101112_2026-04-01-10-14-16,580.347,,True,True,3405.3469999999998,3414.3469999999998
25007,11A,BRP1_25007_Obs11A_EDITED.txt,posture,2834.0,2850.0,16.0,stand,BRP1_25007_REC101112_2026-04-01-10-14-16,580.347,,True,True,3414.3469999999998,3430.3469999999998
25007,11A,BRP1_25007_Obs11A_EDITED.txt,posture,2850.0,2856.023,6.023,on back,BRP1_25007_REC101112_2026-04-01-10-14-16,580.347,,True,True,3430.3469999999998,3436.37
25007,11A,BRP1_25007_Obs11A_EDITED.txt,posture,2856.023,2857.056,1.033,on side,BRP1_25007_REC101112_2026-04-01-10-14-16,580.347,,True,True,3436.37,3437.4030000000002
25007,11A,BRP1_25007_Obs11A_EDITED.txt,posture,2857.056,2858.731,1.675,on stomach,BRP1_25007_REC101112_2026-04-01-10-14-16,580.347,,True,True,3437.4030000000002,3439.0780000000004
25007,11A,BRP1_25007_Obs11A_EDITED.txt,posture,2858.731,2859.823,1.092,on side,BRP1_25007_REC101112_2026-04-01-10-14-16,580.347,,True,True,3439.0780000000004,3440.17
25007,11A,BRP1_25007_Obs11A_EDITED.txt,posture,2859.823,2863.106,3.283,on back,BRP1_25007_REC101112_2026-04-01-10-14-16,580.347,,True,True,3440.17,3443.4530000000004
25007,11A,BRP1_25007_Obs11A_EDITED.txt,posture,2863.106,2868.241,5.135,on back,BRP1_25007_REC101112_2026-04-01-10-14-16,580.347,,True,True,3443.4530000000004,3448.5879999999997
25007,11A,BRP1_25007_Obs11A_EDITED.txt,posture,2868.241,2869.143,0.902,on side,BRP1_25007_REC101112_2026-04-01-10-14-16,580.347,,True,True,3448.5879999999997,3449.49
25007,11A,BRP1_25007_Obs11A_EDITED.txt,posture,2869.143,2873.194,4.051,on stomach,BRP1_25007_REC101112_2026-04-01-10-14-16,580.347,,True,True,3449.49,3453.541
25007,11A,BRP1_25007_Obs11A_EDITED.txt,posture,2873.194,2876.0,2.806,sit,BRP1_25007_REC101112_2026-04-01-10-14-16,580.347,,True,True,3453.541,3456.3469999999998
25007,11A,BRP1_25007_Obs11A_EDITED.txt,posture,2876.0,3482.0,606.0,sit,BRP1_25007_REC101112_2026-04-01-10-14-16,580.347,,True,True,3456.3469999999998,4062.3469999999998
25007,12A,BRP1_25007_Obs12A_EDITED.txt,posture,0.0,31.0,31.0,sit,BRP1_25007_REC101112_2026-04-08-09-46-44,762.936,,True,True,762.936,793.936
25007,12A,BRP1_25007_Obs12A_EDITED.txt,posture,31.0,197.0,166.0,recline back,BRP1_25007_REC101112_2026-04-08-09-46-44,762.936,,True,True,793.936,959.936
25007,12A,BRP1_25007_Obs12A_EDITED.txt,posture,197.0,488.0,291.0,sit,BRP1_25007_REC101112_2026-04-08-09-46-44,762.936,,True,True,959.936,1250.9360000000001
25007,12A,BRP1_25007_Obs12A_EDITED.txt,posture,488.0,493.0,5.0,recline back,BRP1_25007_REC101112_2026-04-08-09-46-44,762.936,,True,True,1250.9360000000001,1255.9360000000001
25007,12A,BRP1_25007_Obs12A_EDITED.txt,posture,493.0,548.0,55.0,sit,BRP1_25007_REC101112_2026-04-08-09-46-44,762.936,,True,True,1255.9360000000001,1310.9360000000001
25007,12A,BRP1_25007_Obs12A_EDITED.txt,posture,548.0,572.0,24.0,on stomach,BRP1_25007_REC101112_2026-04-08-09-46-44,762.936,,True,True,1310.9360000000001,1334.9360000000001
25007,12A,BRP1_25007_Obs12A_EDITED.txt,posture,572.0,575.0,3.0,on side,BRP1_25007_REC101112_2026-04-08-09-46-44,762.936,,True,True,1334.9360000000001,1337.9360000000001
25007,12A,BRP1_25007_Obs12A_EDITED.txt,posture,575.0,777.0,202.0,on back,BRP1_25007_REC101112_2026-04-08-09-46-44,762.936,,True,True,1337.9360000000001,1539.9360000000001
25007,12A,BRP1_25007_Obs12A_EDITED.txt,posture,777.0,778.0,1.0,on side,BRP1_25007_REC101112_2026-04-08-09-46-44,762.936,,True,True,1539.9360000000001,1540.9360000000001
25007,12A,BRP1_25007_Obs12A_EDITED.txt,posture,778.0,835.0,57.0,on stomach,BRP1_25007_REC101112_2026-04-08-09-46-44,762.936,,True,True,1540.9360000000001,1597.9360000000001
25007,12A,BRP1_25007_Obs12A_EDITED.txt,posture,835.0,842.699,7.699,on back,BRP1_25007_REC101112_2026-04-08-09-46-44,762.936,,True,True,1597.9360000000001,1605.635
25007,12A,BRP1_25007_Obs12A_EDITED.txt,posture,842.699,845.0,2.301,on side,BRP1_25007_REC101112_2026-04-08-09-46-44,762.936,,True,True,1605.635,1607.9360000000001
25007,12A,BRP1_25007_Obs12A_EDITED.txt,posture,845.0,852.0,7.0,on stomach,BRP1_25007_REC101112_2026-04-08-09-46-44,762.936,,True,True,1607.9360000000001,1614.9360000000001
25007,12A,BRP1_25007_Obs12A_EDITED.txt,posture,852.0,877.0,25.0,on back,BRP1_25007_REC101112_2026-04-08-09-46-44,762.936,,True,True,1614.9360000000001,1639.9360000000001
25007,12A,BRP1_25007_Obs12A_EDITED.txt,posture,877.0,881.0,4.0,on side,BRP1_25007_REC101112_2026-04-08-09-46-44,762.936,,True,True,1639.9360000000001,1643.9360000000001
25007,12A,BRP1_25007_Obs12A_EDITED.txt,posture,881.0,882.0,1.0,on side,BRP1_25007_REC101112_2026-04-08-09-46-44,762.936,,True,True,1643.9360000000001,1644.9360000000001
25007,12A,BRP1_25007_Obs12A_EDITED.txt,posture,882.0,883.0,1.0,on side,BRP1_25007_REC101112_2026-04-08-09-46-44,762.936,,True,True,1644.9360000000001,1645.9360000000001
25007,12A,BRP1_25007_Obs12A_EDITED.txt,posture,883.0,953.0,70.0,on stomach,BRP1_25007_REC101112_2026-04-08-09-46-44,762.936,,True,True,1645.9360000000001,1715.9360000000001
25007,12A,BRP1_25007_Obs12A_EDITED.txt,posture,953.0,966.0,13.0,on back,BRP1_25007_REC101112_2026-04-08-09-46-44,762.936,,True,True,1715.9360000000001,1728.9360000000001
25007,12A,BRP1_25007_Obs12A_EDITED.txt,posture,966.0,967.0,1.0,on side,BRP1_25007_REC101112_2026-04-08-09-46-44,762.936,,True,True,1728.9360000000001,1729.9360000000001
25007,12A,BRP1_25007_Obs12A_EDITED.txt,posture,967.0,991.0,24.0,on stomach,BRP1_25007_REC101112_2026-04-08-09-46-44,762.936,,True,True,1729.9360000000001,1753.9360000000001
25007,12A,BRP1_25007_Obs12A_EDITED.txt,posture,991.0,1000.0,9.0,on back,BRP1_25007_REC101112_2026-04-08-09-46-44,762.936,,True,True,1753.9360000000001,1762.9360000000001
25007,12A,BRP1_25007_Obs12A_EDITED.txt,posture,1000.0,1001.0,1.0,on side,BRP1_25007_REC101112_2026-04-08-09-46-44,762.936,,True,True,1762.9360000000001,1763.9360000000001
25007,12A,BRP1_25007_Obs12A_EDITED.txt,posture,1001.0,1034.0,33.0,on stomach,BRP1_25007_REC101112_2026-04-08-09-46-44,762.936,,True,True,1763.9360000000001,1796.9360000000001
25007,12A,BRP1_25007_Obs12A_EDITED.txt,posture,1034.0,1131.0,97.0,stand,BRP1_25007_REC101112_2026-04-08-09-46-44,762.936,,True,True,1796.9360000000001,1893.9360000000001
25007,12A,BRP1_25007_Obs12A_EDITED.txt,posture,1131.0,1159.0,28.0,on back,BRP1_25007_REC101112_2026-04-08-09-46-44,762.936,,True,True,1893.9360000000001,1921.9360000000001
25007,12A,BRP1_25007_Obs12A_EDITED.txt,posture,1159.0,1167.0,8.0,stand,BRP1_25007_REC101112_2026-04-08-09-46-44,762.936,,True,True,1921.9360000000001,1929.9360000000001
25007,12A,BRP1_25007_Obs12A_EDITED.txt,posture,1167.0,1181.0,14.0,sit,BRP1_25007_REC101112_2026-04-08-09-46-44,762.936,,True,True,1929.9360000000001,1943.9360000000001
25007,12A,BRP1_25007_Obs12A_EDITED.txt,posture,1181.0,2354.0,1173.0,recline back,BRP1_25007_REC101112_2026-04-08-09-46-44,762.936,,True,True,1943.9360000000001,3116.936
25007,12A,BRP1_25007_Obs12A_EDITED.txt,posture,2354.0,3562.0,1208.0,on back,BRP1_25007_REC101112_2026-04-08-09-46-44,762.936,,True,True,3116.936,4324.936
25007,13A,BRP1_25007_Obs13A_EDITED.txt,posture,0.0,79.0,79.0,on back,BRP1_25007_REC131415_2026-04-14-09-43-40,523.566,,True,True,523.566,602.566
25007,13A,BRP1_25007_Obs13A_EDITED.txt,posture,79.0,81.0,2.0,on side,BRP1_25007_REC131415_2026-04-14-09-43-40,523.566,,True,True,602.566,604.566
25007,13A,BRP1_25007_Obs13A_EDITED.txt,posture,81.0,188.0,107.0,on stomach,BRP1_25007_REC131415_2026-04-14-09-43-40,523.566,,True,True,604.566,711.566
25007,13A,BRP1_25007_Obs13A_EDITED.txt,posture,188.0,191.0,3.0,on side,BRP1_25007_REC131415_2026-04-14-09-43-40,523.566,,True,True,711.566,714.566
25007,13A,BRP1_25007_Obs13A_EDITED.txt,posture,191.0,623.0,432.0,on stomach,BRP1_25007_REC131415_2026-04-14-09-43-40,523.566,,True,True,714.566,1146.566
25007,13A,BRP1_25007_Obs13A_EDITED.txt,posture,623.0,625.0,2.0,on side,BRP1_25007_REC131415_2026-04-14-09-43-40,523.566,,True,True,1146.566,1148.566
25007,13A,BRP1_25007_Obs13A_EDITED.txt,posture,625.0,634.0,9.0,on side,BRP1_25007_REC131415_2026-04-14-09-43-40,523.566,,True,True,1148.566,1157.566
25007,13A,BRP1_25007_Obs13A_EDITED.txt,posture,634.0,1033.891,399.891,on stomach,BRP1_25007_REC131415_2026-04-14-09-43-40,523.566,,True,True,1157.566,1557.457
25007,13A,BRP1_25007_Obs13A_EDITED.txt,posture,1033.891,1035.5,1.609,on side,BRP1_25007_REC131415_2026-04-14-09-43-40,523.566,,True,True,1557.457,1559.066
25007,13A,BRP1_25007_Obs13A_EDITED.txt,posture,1035.5,1051.0,15.5,on back,BRP1_25007_REC131415_2026-04-14-09-43-40,523.566,,True,True,1559.066,1574.566
25007,13A,BRP1_25007_Obs13A_EDITED.txt,posture,1051.0,1055.0,4.0,on side,BRP1_25007_REC131415_2026-04-14-09-43-40,523.566,,True,True,1574.566,1578.566
25007,13A,BRP1_25007_Obs13A_EDITED.txt,posture,1055.0,1058.0,3.0,on back,BRP1_25007_REC131415_2026-04-14-09-43-40,523.566,,True,True,1578.566,1581.566
25007,13A,BRP1_25007_Obs13A_EDITED.txt,posture,1058.0,1060.0,2.0,on side,BRP1_25007_REC131415_2026-04-14-09-43-40,523.566,,True,True,1581.566,1583.566
25007,13A,BRP1_25007_Obs13A_EDITED.txt,posture,1060.0,1283.0,223.0,on stomach,BRP1_25007_REC131415_2026-04-14-09-43-40,523.566,,True,True,1583.566,1806.566
25007,13A,BRP1_25007_Obs13A_EDITED.txt,posture,1283.0,1285.0,2.0,on side,BRP1_25007_REC131415_2026-04-14-09-43-40,523.566,,True,True,1806.566,1808.566
25007,13A,BRP1_25007_Obs13A_EDITED.txt,posture,1285.0,1365.0,80.0,on stomach,BRP1_25007_REC131415_2026-04-14-09-43-40,523.566,,True,True,1808.566,1888.566
25007,13A,BRP1_25007_Obs13A_EDITED.txt,posture,1365.0,1381.0,16.0,sit,BRP1_25007_REC131415_2026-04-14-09-43-40,523.566,,True,True,1888.566,1904.566
25007,13A,BRP1_25007_Obs13A_EDITED.txt,posture,1381.0,2115.0,734.0,recline back,BRP1_25007_REC131415_2026-04-14-09-43-40,523.566,,True,True,1904.566,2638.566
25007,13A,BRP1_25007_Obs13A_EDITED.txt,posture,2115.0,2133.0,18.0,sit,BRP1_25007_REC131415_2026-04-14-09-43-40,523.566,,True,True,2638.566,2656.566
25007,13A,BRP1_25007_Obs13A_EDITED.txt,posture,2133.0,2334.0,201.0,recline back,BRP1_25007_REC131415_2026-04-14-09-43-40,523.566,,True,True,2656.566,2857.566
25007,13A,BRP1_25007_Obs13A_EDITED.txt,posture,2334.0,2348.0,14.0,sit,BRP1_25007_REC131415_2026-04-14-09-43-40,523.566,,True,True,2857.566,2871.566
25007,13A,BRP1_25007_Obs13A_EDITED.txt,posture,2348.0,2418.0,70.0,recline back,BRP1_25007_REC131415_2026-04-14-09-43-40,523.566,,True,True,2871.566,2941.566
25007,13A,BRP1_25007_Obs13A_EDITED.txt,posture,2418.0,2426.0,8.0,sit,BRP1_25007_REC131415_2026-04-14-09-43-40,523.566,,True,True,2941.566,2949.566
25007,13A,BRP1_25007_Obs13A_EDITED.txt,posture,2426.0,2863.547,437.547,on stomach,BRP1_25007_REC131415_2026-04-14-09-43-40,523.566,,True,True,2949.566,3387.1130000000003
25007,13A,BRP1_25007_Obs13A_EDITED.txt,posture,2863.547,2865.0,1.453,on side,BRP1_25007_REC131415_2026-04-14-09-43-40,523.566,,True,True,3387.1130000000003,3388.566
25007,13A,BRP1_25007_Obs13A_EDITED.txt,posture,2865.0,3143.0,278.0,on back,BRP1_25007_REC131415_2026-04-14-09-43-40,523.566,,True,True,3388.566,3666.566
25007,13A,BRP1_25007_Obs13A_EDITED.txt,posture,3143.0,3145.0,2.0,on side,BRP1_25007_REC131415_2026-04-14-09-43-40,523.566,,True,True,3666.566,3668.566
25007,13A,BRP1_25007_Obs13A_EDITED.txt,posture,3145.0,3473.157,328.157,on stomach,BRP1_25007_REC131415_2026-04-14-09-43-40,523.566,,True,True,3668.566,3996.723
25007,13A,BRP1_25007_Obs13A_EDITED.txt,posture,3473.157,3478.0,4.843,stand,BRP1_25007_REC131415_2026-04-14-09-43-40,523.566,,True,True,3996.723,4001.566
25007,13A,BRP1_25007_Obs13A_EDITED.txt,posture,3478.0,3619.0,141.0,on back,BRP1_25007_REC131415_2026-04-14-09-43-40,523.566,,True,True,4001.566,4142.566
25007,14A,BRP1_25007_Obs14A_EDITED.txt,posture,0.0,153.024,153.024,on stomach,BRP1_25007_REC131415_2026-04-22-09-33-09,281.586,,True,True,281.586,434.61
25007,14A,BRP1_25007_Obs14A_EDITED.txt,posture,153.024,154.0,0.976,on side,BRP1_25007_REC131415_2026-04-22-09-33-09,281.586,,True,True,434.61,435.586
25007,14A,BRP1_25007_Obs14A_EDITED.txt,posture,154.0,206.708,52.708,on back,BRP1_25007_REC131415_2026-04-22-09-33-09,281.586,,True,True,435.586,488.294
25007,14A,BRP1_25007_Obs14A_EDITED.txt,posture,206.708,207.558,0.85,on side,BRP1_25007_REC131415_2026-04-22-09-33-09,281.586,,True,True,488.294,489.144
25007,14A,BRP1_25007_Obs14A_EDITED.txt,posture,207.558,210.012,2.454,on stomach,BRP1_25007_REC131415_2026-04-22-09-33-09,281.586,,True,True,489.144,491.598
25007,14A,BRP1_25007_Obs14A_EDITED.txt,posture,210.012,231.862,21.85,on stomach,BRP1_25007_REC131415_2026-04-22-09-33-09,281.586,,True,True,491.598,513.448
25007,14A,BRP1_25007_Obs14A_EDITED.txt,posture,231.862,233.409,1.547,on side,BRP1_25007_REC131415_2026-04-22-09-33-09,281.586,,True,True,513.448,514.995
25007,14A,BRP1_25007_Obs14A_EDITED.txt,posture,233.409,294.764,61.355,on back,BRP1_25007_REC131415_2026-04-22-09-33-09,281.586,,True,True,514.995,576.35
25007,14A,BRP1_25007_Obs14A_EDITED.txt,posture,294.764,295.599,0.835,on side,BRP1_25007_REC131415_2026-04-22-09-33-09,281.586,,True,True,576.35,577.185
25007,14A,BRP1_25007_Obs14A_EDITED.txt,posture,295.599,299.082,3.483,on stomach,BRP1_25007_REC131415_2026-04-22-09-33-09,281.586,,True,True,577.185,580.668
25007,14A,BRP1_25007_Obs14A_EDITED.txt,posture,299.082,301.401,2.319,on stomach,BRP1_25007_REC131415_2026-04-22-09-33-09,281.586,,True,True,580.668,582.9870000000001
25007,14A,BRP1_25007_Obs14A_EDITED.txt,posture,301.401,302.253,0.852,on side,BRP1_25007_REC131415_2026-04-22-09-33-09,281.586,,True,True,582.9870000000001,583.8389999999999
25007,14A,BRP1_25007_Obs14A_EDITED.txt,posture,302.253,306.039,3.786,on back,BRP1_25007_REC131415_2026-04-22-09-33-09,281.586,,True,True,583.8389999999999,587.625
25007,14A,BRP1_25007_Obs14A_EDITED.txt,posture,306.039,368.218,62.179,on back,BRP1_25007_REC131415_2026-04-22-09-33-09,281.586,,True,True,587.625,649.8040000000001
25007,14A,BRP1_25007_Obs14A_EDITED.txt,posture,368.218,371.254,3.036,on side,BRP1_25007_REC131415_2026-04-22-09-33-09,281.586,,True,True,649.8040000000001,652.84
25007,14A,BRP1_25007_Obs14A_EDITED.txt,posture,371.254,376.007,4.753,on stomach,BRP1_25007_REC131415_2026-04-22-09-33-09,281.586,,True,True,652.84,657.5930000000001
25007,14A,BRP1_25007_Obs14A_EDITED.txt,posture,376.007,386.17,10.163,on stomach,BRP1_25007_REC131415_2026-04-22-09-33-09,281.586,,True,True,657.5930000000001,667.7560000000001
25007,14A,BRP1_25007_Obs14A_EDITED.txt,posture,386.17,388.342,2.172,on side,BRP1_25007_REC131415_2026-04-22-09-33-09,281.586,,True,True,667.7560000000001,669.928
25007,14A,BRP1_25007_Obs14A_EDITED.txt,posture,388.342,390.065,1.723,on back,BRP1_25007_REC131415_2026-04-22-09-33-09,281.586,,True,True,669.928,671.6510000000001
25007,14A,BRP1_25007_Obs14A_EDITED.txt,posture,390.065,423.845,33.78,on back,BRP1_25007_REC131415_2026-04-22-09-33-09,281.586,,True,True,671.6510000000001,705.431
25007,14A,BRP1_25007_Obs14A_EDITED.txt,posture,423.845,424.89,1.045,on side,BRP1_25007_REC131415_2026-04-22-09-33-09,281.586,,True,True,705.431,706.476
25007,14A,BRP1_25007_Obs14A_EDITED.txt,posture,424.89,427.017,2.127,on stomach,BRP1_25007_REC131415_2026-04-22-09-33-09,281.586,,True,True,706.476,708.6030000000001
25007,14A,BRP1_25007_Obs14A_EDITED.txt,posture,427.017,525.955,98.938,on stomach,BRP1_25007_REC131415_2026-04-22-09-33-09,281.586,,True,True,708.6030000000001,807.541
25007,14A,BRP1_25007_Obs14A_EDITED.txt,posture,525.955,527.503,1.548,on side,BRP1_25007_REC131415_2026-04-22-09-33-09,281.586,,True,True,807.541,809.089
25007,14A,BRP1_25007_Obs14A_EDITED.txt,posture,527.503,529.009,1.506,on back,BRP1_25007_REC131415_2026-04-22-09-33-09,281.586,,True,True,809.089,810.595
25007,14A,BRP1_25007_Obs14A_EDITED.txt,posture,529.009,564.374,35.365,on back,BRP1_25007_REC131415_2026-04-22-09-33-09,281.586,,True,True,810.595,845.96
25007,14A,BRP1_25007_Obs14A_EDITED.txt,posture,564.374,565.402,1.028,on side,BRP1_25007_REC131415_2026-04-22-09-33-09,281.586,,True,True,845.96,846.988
25007,14A,BRP1_25007_Obs14A_EDITED.txt,posture,565.402,569.028,3.626,on stomach,BRP1_25007_REC131415_2026-04-22-09-33-09,281.586,,True,True,846.988,850.614
25007,14A,BRP1_25007_Obs14A_EDITED.txt,posture,569.028,594.6,25.572,on stomach,BRP1_25007_REC131415_2026-04-22-09-33-09,281.586,,True,True,850.614,876.186
25007,14A,BRP1_25007_Obs14A_EDITED.txt,posture,594.6,595.691,1.091,on side,BRP1_25007_REC131415_2026-04-22-09-33-09,281.586,,True,True,876.186,877.277
25007,14A,BRP1_25007_Obs14A_EDITED.txt,posture,595.691,600.023,4.332,on back,BRP1_25007_REC131415_2026-04-22-09-33-09,281.586,,True,True,877.277,881.609
25007,14A,BRP1_25007_Obs14A_EDITED.txt,posture,600.023,619.5,19.477,on back,BRP1_25007_REC131415_2026-04-22-09-33-09,281.586,,True,True,881.609,901.086
25007,14A,BRP1_25007_Obs14A_EDITED.txt,posture,619.5,621.851,2.351,on side,BRP1_25007_REC131415_2026-04-22-09-33-09,281.586,,True,True,901.086,903.437
25007,14A,BRP1_25007_Obs14A_EDITED.txt,posture,621.851,626.087,4.236,on back,BRP1_25007_REC131415_2026-04-22-09-33-09,281.586,,True,True,903.437,907.673
25007,14A,BRP1_25007_Obs14A_EDITED.txt,posture,626.087,647.947,21.86,on back,BRP1_25007_REC131415_2026-04-22-09-33-09,281.586,,True,True,907.673,929.533
25007,14A,BRP1_25007_Obs14A_EDITED.txt,posture,647.947,652.028,4.081,on side,BRP1_25007_REC131415_2026-04-22-09-33-09,281.586,,True,True,929.533,933.614
25007,14A,BRP1_25007_Obs14A_EDITED.txt,posture,652.028,654.0,1.972,on stomach,BRP1_25007_REC131415_2026-04-22-09-33-09,281.586,,True,True,933.614,935.586
25007,14A,BRP1_25007_Obs14A_EDITED.txt,posture,654.0,750.0,96.0,on stomach,BRP1_25007_REC131415_2026-04-22-09-33-09,281.586,,True,True,935.586,1031.586
25007,14A,BRP1_25007_Obs14A_EDITED.txt,posture,750.0,940.0,190.0,on back,BRP1_25007_REC131415_2026-04-22-09-33-09,281.586,,True,True,1031.586,1221.586
25007,14A,BRP1_25007_Obs14A_EDITED.txt,posture,940.0,947.0,7.0,on side,BRP1_25007_REC131415_2026-04-22-09-33-09,281.586,,True,True,1221.586,1228.586
25007,14A,BRP1_25007_Obs14A_EDITED.txt,posture,947.0,956.007,9.007,stand,BRP1_25007_REC131415_2026-04-22-09-33-09,281.586,,True,True,1228.586,1237.5929999999998
25007,14A,BRP1_25007_Obs14A_EDITED.txt,posture,956.007,959.0,2.993,sit,BRP1_25007_REC131415_2026-04-22-09-33-09,281.586,,True,True,1237.5929999999998,1240.586
25007,14A,BRP1_25007_Obs14A_EDITED.txt,posture,959.0,1383.0,424.0,recline back,BRP1_25007_REC131415_2026-04-22-09-33-09,281.586,,True,True,1240.586,1664.586
25007,14A,BRP1_25007_Obs14A_EDITED.txt,posture,1383.0,1424.0,41.0,sit,BRP1_25007_REC131415_2026-04-22-09-33-09,281.586,,True,True,1664.586,1705.586
25007,14A,BRP1_25007_Obs14A_EDITED.txt,posture,1424.0,2048.0,624.0,recline back,BRP1_25007_REC131415_2026-04-22-09-33-09,281.586,,True,True,1705.586,2329.5860000000002
25007,14A,BRP1_25007_Obs14A_EDITED.txt,posture,2048.0,3595.0,1547.0,on back,BRP1_25007_REC131415_2026-04-22-09-33-09,281.586,,True,True,2329.5860000000002,3876.5860000000002
25007,15A,BRP1_25007_Obs15A_EDITED.txt,posture,0.0,2253.136,2253.136,sit,BRP1_25007_REC131415_2026-04-27-09-52-00,630.635,,True,True,630.635,2883.7709999999997
25007,15A,BRP1_25007_Obs15A_EDITED.txt,posture,2253.136,2255.994,2.858,on side,BRP1_25007_REC131415_2026-04-27-09-52-00,630.635,,True,True,2883.7709999999997,2886.629
25007,15A,BRP1_25007_Obs15A_EDITED.txt,posture,2255.994,3623.0,1367.006,sit,BRP1_25007_REC131415_2026-04-27-09-52-00,630.635,,True,True,2886.629,4253.635
25007,1A,BRP1_25007_Obs1A_EDITED.txt,posture,0.0,1129.0,1129.0,recline back,BRP1_25007_REC123_2026-01-15-09-38-17,594.65,,True,True,594.65,1723.65
25007,1A,BRP1_25007_Obs1A_EDITED.txt,posture,1129.0,3671.0,2542.0,on back,BRP1_25007_REC123_2026-01-15-09-38-17,594.65,,True,True,1723.65,4265.65
25007,1A,BRP1_25007_Obs1A_EDITED.txt,posture,3671.0,3688.0,17.0,stand,BRP1_25007_REC123_2026-01-15-09-38-17,594.65,,True,True,4265.65,4282.65
25007,2A,BRP1_25007_Obs2A_EDITED.txt,posture,0.0,490.0,490.0,recline back,BRP1_25007_REC123_2026-01-21-09-30-56,2618.07,,True,True,2618.07,3108.07
25007,2A,BRP1_25007_Obs2A_EDITED.txt,posture,490.0,559.79,69.79,sit,BRP1_25007_REC123_2026-01-21-09-30-56,2618.07,,True,True,3108.07,3177.86
25007,2A,BRP1_25007_Obs2A_EDITED.txt,posture,559.79,565.2,5.41,recline back,BRP1_25007_REC123_2026-01-21-09-30-56,2618.07,,True,True,3177.86,3183.2700000000004
25007,2A,BRP1_25007_Obs2A_EDITED.txt,posture,565.2,2101.0,1535.8,on back,BRP1_25007_REC123_2026-01-21-09-30-56,2618.07,,True,True,3183.2700000000004,4719.07
25007,2A,BRP1_25007_Obs2A_EDITED.txt,posture,2101.0,2136.0,35.0,recline back,BRP1_25007_REC123_2026-01-21-09-30-56,2618.07,,True,True,4719.07,4754.07
25007,2A,BRP1_25007_Obs2A_EDITED.txt,posture,2136.0,2157.0,21.0,sit,BRP1_25007_REC123_2026-01-21-09-30-56,2618.07,,True,True,4754.07,4775.07
25007,2A,BRP1_25007_Obs2A_EDITED.txt,posture,2157.0,2161.548,4.548,recline back,BRP1_25007_REC123_2026-01-21-09-30-56,2618.07,,True,True,4775.07,4779.618
25007,2A,BRP1_25007_Obs2A_EDITED.txt,posture,2161.548,2165.643,4.095,sit,BRP1_25007_REC123_2026-01-21-09-30-56,2618.07,,True,True,4779.618,4783.713
25007,2A,BRP1_25007_Obs2A_EDITED.txt,posture,2165.643,2216.0,50.357,sit,BRP1_25007_REC123_2026-01-21-09-30-56,2618.07,,True,True,4783.713,4834.07
25007,2A,BRP1_25007_Obs2A_EDITED.txt,posture,2216.0,2272.0,56.0,recline back,BRP1_25007_REC123_2026-01-21-09-30-56,2618.07,,True,True,4834.07,4890.07
25007,2A,BRP1_25007_Obs2A_EDITED.txt,posture,2272.0,2282.88,10.88,sit,BRP1_25007_REC123_2026-01-21-09-30-56,2618.07,,True,True,4890.07,4900.950000000001
25007,2A,BRP1_25007_Obs2A_EDITED.txt,posture,2282.88,2294.864,11.984,sit,BRP1_25007_REC123_2026-01-21-09-30-56,2618.07,,True,True,4900.950000000001,4912.934
25007,2A,BRP1_25007_Obs2A_EDITED.txt,posture,2294.864,2843.0,548.136,recline back,BRP1_25007_REC123_2026-01-21-09-30-56,2618.07,,True,True,4912.934,5461.07
25007,2A,BRP1_25007_Obs2A_EDITED.txt,posture,2843.0,2907.0,64.0,on back,BRP1_25007_REC123_2026-01-21-09-30-56,2618.07,,True,True,5461.07,5525.07
25007,2A,BRP1_25007_Obs2A_EDITED.txt,posture,2907.0,2918.0,11.0,on side,BRP1_25007_REC123_2026-01-21-09-30-56,2618.07,,True,True,5525.07,5536.07
25007,2A,BRP1_25007_Obs2A_EDITED.txt,posture,2918.0,2925.0,7.0,on back,BRP1_25007_REC123_2026-01-21-09-30-56,2618.07,,True,True,5536.07,5543.07
25007,2A,BRP1_25007_Obs2A_EDITED.txt,posture,2925.0,3313.0,388.0,on side,BRP1_25007_REC123_2026-01-21-09-30-56,2618.07,,True,True,5543.07,5931.07
25007,2A,BRP1_25007_Obs2A_EDITED.txt,posture,3313.0,3594.0,281.0,on back,BRP1_25007_REC123_2026-01-21-09-30-56,2618.07,,True,True,5931.07,6212.07
25007,3A,BRP1_25007_Obs3A_EDITED.txt,posture,0.0,702.0,702.0,recline back,BRP1_25007_REC123_2026-01-28-09-38-28,427.86,,True,True,427.86,1129.8600000000001
25007,3A,BRP1_25007_Obs3A_EDITED.txt,posture,702.0,732.0,30.0,sit,BRP1_25007_REC123_2026-01-28-09-38-28,427.86,,True,True,1129.8600000000001,1159.8600000000001
25007,3A,BRP1_25007_Obs3A_EDITED.txt,posture,732.0,745.0,13.0,recline back,BRP1_25007_REC123_2026-01-28-09-38-28,427.86,,True,True,1159.8600000000001,1172.8600000000001
25007,3A,BRP1_25007_Obs3A_EDITED.txt,posture,745.0,758.0,13.0,stand,BRP1_25007_REC123_2026-01-28-09-38-28,427.86,,True,True,1172.8600000000001,1185.8600000000001
25007,3A,BRP1_25007_Obs3A_EDITED.txt,posture,758.0,1206.0,448.0,on back,BRP1_25007_REC123_2026-01-28-09-38-28,427.86,,True,True,1185.8600000000001,1633.8600000000001
25007,3A,BRP1_25007_Obs3A_EDITED.txt,posture,1206.0,1291.0,85.0,on side,BRP1_25007_REC123_2026-01-28-09-38-28,427.86,,True,True,1633.8600000000001,1718.8600000000001
25007,3A,BRP1_25007_Obs3A_EDITED.txt,posture,1291.0,2372.0,1081.0,on back,BRP1_25007_REC123_2026-01-28-09-38-28,427.86,,True,True,1718.8600000000001,2799.86
25007,3A,BRP1_25007_Obs3A_EDITED.txt,posture,2372.0,2375.0,3.0,on side,BRP1_25007_REC123_2026-01-28-09-38-28,427.86,,True,True,2799.86,2802.86
25007,3A,BRP1_25007_Obs3A_EDITED.txt,posture,2375.0,2850.0,475.0,on back,BRP1_25007_REC123_2026-01-28-09-38-28,427.86,,True,True,2802.86,3277.86
25007,3A,BRP1_25007_Obs3A_EDITED.txt,posture,2850.0,2856.0,6.0,on side,BRP1_25007_REC123_2026-01-28-09-38-28,427.86,,True,True,3277.86,3283.86
25007,3A,BRP1_25007_Obs3A_EDITED.txt,posture,2856.0,3769.56,913.56,on back,BRP1_25007_REC123_2026-01-28-09-38-28,427.86,,True,True,3283.86,4197.42
25007,3A,BRP1_25007_Obs3A_EDITED.txt,posture,3769.56,3771.0,1.44,on side,BRP1_25007_REC123_2026-01-28-09-38-28,427.86,,True,True,4197.42,4198.86
25007,4A,BRP1_25007_Obs4A_EDITED.txt,posture,0.0,585.0,585.0,on back,BRP1_25007_REC456_2026-02-04-09-34-13,250.66,,True,True,250.66,835.66
25007,4A,BRP1_25007_Obs4A_EDITED.txt,posture,585.0,591.096,6.096,stand,BRP1_25007_REC456_2026-02-04-09-34-13,250.66,,True,True,835.66,841.756
25007,4A,BRP1_25007_Obs4A_EDITED.txt,posture,591.096,595.0,3.904,sit,BRP1_25007_REC456_2026-02-04-09-34-13,250.66,,True,True,841.756,845.66
25007,4A,BRP1_25007_Obs4A_EDITED.txt,posture,595.0,1012.0,417.0,recline back,BRP1_25007_REC456_2026-02-04-09-34-13,250.66,,True,True,845.66,1262.66
25007,4A,BRP1_25007_Obs4A_EDITED.txt,posture,1012.0,1052.0,40.0,sit,BRP1_25007_REC456_2026-02-04-09-34-13,250.66,,True,True,1262.66,1302.66
25007,4A,BRP1_25007_Obs4A_EDITED.txt,posture,1052.0,1160.0,108.0,recline back,BRP1_25007_REC456_2026-02-04-09-34-13,250.66,,True,True,1302.66,1410.66
25007,4A,BRP1_25007_Obs4A_EDITED.txt,posture,1160.0,1162.701,2.701,sit,BRP1_25007_REC456_2026-02-04-09-34-13,250.66,,True,True,1410.66,1413.361
25007,4A,BRP1_25007_Obs4A_EDITED.txt,posture,1162.701,1174.001,11.3,recline back,BRP1_25007_REC456_2026-02-04-09-34-13,250.66,,True,True,1413.361,1424.661
25007,4A,BRP1_25007_Obs4A_EDITED.txt,posture,1174.001,1196.0,21.999,on back,BRP1_25007_REC456_2026-02-04-09-34-13,250.66,,True,True,1424.661,1446.66
25007,4A,BRP1_25007_Obs4A_EDITED.txt,posture,1196.0,1200.0,4.0,on side,BRP1_25007_REC456_2026-02-04-09-34-13,250.66,,True,True,1446.66,1450.66
25007,4A,BRP1_25007_Obs4A_EDITED.txt,posture,1200.0,1233.0,33.0,on back,BRP1_25007_REC456_2026-02-04-09-34-13,250.66,,True,True,1450.66,1483.66
25007,4A,BRP1_25007_Obs4A_EDITED.txt,posture,1233.0,1234.0,1.0,stand,BRP1_25007_REC456_2026-02-04-09-34-13,250.66,,True,True,1483.66,1484.66
25007,4A,BRP1_25007_Obs4A_EDITED.txt,posture,1234.0,1504.0,270.0,sit,BRP1_25007_REC456_2026-02-04-09-34-13,250.66,,True,True,1484.66,1754.66
25007,4A,BRP1_25007_Obs4A_EDITED.txt,posture,1504.0,1526.1,22.1,stand,BRP1_25007_REC456_2026-02-04-09-34-13,250.66,,True,True,1754.66,1776.76
25007,4A,BRP1_25007_Obs4A_EDITED.txt,posture,1526.1,1538.033,11.933,sit,BRP1_25007_REC456_2026-02-04-09-34-13,250.66,,True,True,1776.76,1788.693
25007,4A,BRP1_25007_Obs4A_EDITED.txt,posture,1538.033,1952.0,413.967,sit,BRP1_25007_REC456_2026-02-04-09-34-13,250.66,,True,True,1788.693,2202.66
25007,4A,BRP1_25007_Obs4A_EDITED.txt,posture,1952.0,1962.0,10.0,sit,BRP1_25007_REC456_2026-02-04-09-34-13,250.66,,True,True,2202.66,2212.66
25007,4A,BRP1_25007_Obs4A_EDITED.txt,posture,1962.0,2123.061,161.061,sit,BRP1_25007_REC456_2026-02-04-09-34-13,250.66,,True,True,2212.66,2373.721
25007,4A,BRP1_25007_Obs4A_EDITED.txt,posture,2123.061,2131.39,8.329,recline back,BRP1_25007_REC456_2026-02-04-09-34-13,250.66,,True,True,2373.721,2382.0499999999997
25007,4A,BRP1_25007_Obs4A_EDITED.txt,posture,2131.39,2136.014,4.624,sit,BRP1_25007_REC456_2026-02-04-09-34-13,250.66,,True,True,2382.0499999999997,2386.674
25007,4A,BRP1_25007_Obs4A_EDITED.txt,posture,2136.014,2179.0,42.986,sit,BRP1_25007_REC456_2026-02-04-09-34-13,250.66,,True,True,2386.674,2429.66
25007,4A,BRP1_25007_Obs4A_EDITED.txt,posture,2179.0,2186.0,7.0,recline back,BRP1_25007_REC456_2026-02-04-09-34-13,250.66,,True,True,2429.66,2436.66
25007,4A,BRP1_25007_Obs4A_EDITED.txt,posture,2186.0,2310.0,124.0,on back,BRP1_25007_REC456_2026-02-04-09-34-13,250.66,,True,True,2436.66,2560.66
25007,4A,BRP1_25007_Obs4A_EDITED.txt,posture,2310.0,2331.0,21.0,sit,BRP1_25007_REC456_2026-02-04-09-34-13,250.66,,True,True,2560.66,2581.66
25007,4A,BRP1_25007_Obs4A_EDITED.txt,posture,2331.0,2332.0,1.0,stand,BRP1_25007_REC456_2026-02-04-09-34-13,250.66,,True,True,2581.66,2582.66
25007,4A,BRP1_25007_Obs4A_EDITED.txt,posture,2332.0,2530.0,198.0,sit,BRP1_25007_REC456_2026-02-04-09-34-13,250.66,,True,True,2582.66,2780.66
25007,4A,BRP1_25007_Obs4A_EDITED.txt,posture,2530.0,2582.0,52.0,sit,BRP1_25007_REC456_2026-02-04-09-34-13,250.66,,True,True,2780.66,2832.66
25007,4A,BRP1_25007_Obs4A_EDITED.txt,posture,2582.0,2780.524,198.524,sit,BRP1_25007_REC456_2026-02-04-09-34-13,250.66,,True,True,2832.66,3031.1839999999997
25007,4A,BRP1_25007_Obs4A_EDITED.txt,posture,2780.524,2786.032,5.508,on back,BRP1_25007_REC456_2026-02-04-09-34-13,250.66,,True,True,3031.1839999999997,3036.692
25007,4A,BRP1_25007_Obs4A_EDITED.txt,posture,2786.032,2927.0,140.968,on back,BRP1_25007_REC456_2026-02-04-09-34-13,250.66,,True,True,3036.692,3177.66
25007,4A,BRP1_25007_Obs4A_EDITED.txt,posture,2927.0,2930.0,3.0,on side,BRP1_25007_REC456_2026-02-04-09-34-13,250.66,,True,True,3177.66,3180.66
25007,4A,BRP1_25007_Obs4A_EDITED.txt,posture,2930.0,2955.0,25.0,on back,BRP1_25007_REC456_2026-02-04-09-34-13,250.66,,True,True,3180.66,3205.66
25007,4A,BRP1_25007_Obs4A_EDITED.txt,posture,2955.0,2957.0,2.0,on side,BRP1_25007_REC456_2026-02-04-09-34-13,250.66,,True,True,3205.66,3207.66
25007,4A,BRP1_25007_Obs4A_EDITED.txt,posture,2957.0,2975.0,18.0,on back,BRP1_25007_REC456_2026-02-04-09-34-13,250.66,,True,True,3207.66,3225.66
25007,4A,BRP1_25007_Obs4A_EDITED.txt,posture,2975.0,2978.0,3.0,on side,BRP1_25007_REC456_2026-02-04-09-34-13,250.66,,True,True,3225.66,3228.66
25007,4A,BRP1_25007_Obs4A_EDITED.txt,posture,2978.0,2992.0,14.0,on back,BRP1_25007_REC456_2026-02-04-09-34-13,250.66,,True,True,3228.66,3242.66
25007,4A,BRP1_25007_Obs4A_EDITED.txt,posture,2992.0,3031.0,39.0,on side,BRP1_25007_REC456_2026-02-04-09-34-13,250.66,,True,True,3242.66,3281.66
25007,4A,BRP1_25007_Obs4A_EDITED.txt,posture,3031.0,3033.0,2.0,on back,BRP1_25007_REC456_2026-02-04-09-34-13,250.66,,True,True,3281.66,3283.66
25007,4A,BRP1_25007_Obs4A_EDITED.txt,posture,3033.0,3043.0,10.0,on side,BRP1_25007_REC456_2026-02-04-09-34-13,250.66,,True,True,3283.66,3293.66
25007,4A,BRP1_25007_Obs4A_EDITED.txt,posture,3043.0,3108.0,65.0,on back,BRP1_25007_REC456_2026-02-04-09-34-13,250.66,,True,True,3293.66,3358.66
25007,4A,BRP1_25007_Obs4A_EDITED.txt,posture,3108.0,3204.0,96.0,on back,BRP1_25007_REC456_2026-02-04-09-34-13,250.66,,True,True,3358.66,3454.66
25007,4A,BRP1_25007_Obs4A_EDITED.txt,posture,3204.0,3231.0,27.0,on back,BRP1_25007_REC456_2026-02-04-09-34-13,250.66,,True,True,3454.66,3481.66
25007,4A,BRP1_25007_Obs4A_EDITED.txt,posture,3231.0,3232.0,1.0,on side,BRP1_25007_REC456_2026-02-04-09-34-13,250.66,,True,True,3481.66,3482.66
25007,4A,BRP1_25007_Obs4A_EDITED.txt,posture,3232.0,3265.0,33.0,on back,BRP1_25007_REC456_2026-02-04-09-34-13,250.66,,True,True,3482.66,3515.66
25007,4A,BRP1_25007_Obs4A_EDITED.txt,posture,3265.0,3274.0,9.0,on side,BRP1_25007_REC456_2026-02-04-09-34-13,250.66,,True,True,3515.66,3524.66
25007,4A,BRP1_25007_Obs4A_EDITED.txt,posture,3274.0,3322.0,48.0,on back,BRP1_25007_REC456_2026-02-04-09-34-13,250.66,,True,True,3524.66,3572.66
25007,4A,BRP1_25007_Obs4A_EDITED.txt,posture,3322.0,3599.0,277.0,recline back,BRP1_25007_REC456_2026-02-04-09-34-13,250.66,,True,True,3572.66,3849.66
25007,5A,BRP1_25007_Obs5A_EDITED.txt,posture,0.0,1744.0,1744.0,recline back,BRP1_25007_REC456_2026-02-11-09-37-19,620.12,,True,True,620.12,2364.12
25007,5A,BRP1_25007_Obs5A_EDITED.txt,posture,1744.0,1804.0,60.0,on back,BRP1_25007_REC456_2026-02-11-09-37-19,620.12,,True,True,2364.12,2424.12
25007,5A,BRP1_25007_Obs5A_EDITED.txt,posture,1804.0,1867.0,63.0,stand,BRP1_25007_REC456_2026-02-11-09-37-19,620.12,,True,True,2424.12,2487.12
25007,5A,BRP1_25007_Obs5A_EDITED.txt,posture,1867.0,3039.0,1172.0,on back,BRP1_25007_REC456_2026-02-11-09-37-19,620.12,,True,True,2487.12,3659.12
25007,5A,BRP1_25007_Obs5A_EDITED.txt,posture,3039.0,3042.0,3.0,on side,BRP1_25007_REC456_2026-02-11-09-37-19,620.12,,True,True,3659.12,3662.12
25007,5A,BRP1_25007_Obs5A_EDITED.txt,posture,3042.0,3068.0,26.0,on back,BRP1_25007_REC456_2026-02-11-09-37-19,620.12,,True,True,3662.12,3688.12
25007,5A,BRP1_25007_Obs5A_EDITED.txt,posture,3068.0,3454.0,386.0,sit,BRP1_25007_REC456_2026-02-11-09-37-19,620.12,,True,True,3688.12,4074.12
25007,5A,BRP1_25007_Obs5A_EDITED.txt,posture,3454.0,3461.0,7.0,recline back,BRP1_25007_REC456_2026-02-11-09-37-19,620.12,,True,True,4074.12,4081.12
25007,5A,BRP1_25007_Obs5A_EDITED.txt,posture,3461.0,3594.0,133.0,on back,BRP1_25007_REC456_2026-02-11-09-37-19,620.12,,True,True,4081.12,4214.12
25007,6A,BRP1_25007_Obs6A_EDITED.txt,posture,0.0,393.0,393.0,on back,BRP1_25007_REC456_2026-02-18-10-13-11,231.95,,True,True,231.95,624.95
25007,6A,BRP1_25007_Obs6A_EDITED.txt,posture,393.0,397.0,4.0,on side,BRP1_25007_REC456_2026-02-18-10-13-11,231.95,,True,True,624.95,628.95
25007,6A,BRP1_25007_Obs6A_EDITED.txt,posture,397.0,690.0,293.0,on back,BRP1_25007_REC456_2026-02-18-10-13-11,231.95,,True,True,628.95,921.95
25007,6A,BRP1_25007_Obs6A_EDITED.txt,posture,690.0,693.0,3.0,on side,BRP1_25007_REC456_2026-02-18-10-13-11,231.95,,True,True,921.95,924.95
25007,6A,BRP1_25007_Obs6A_EDITED.txt,posture,693.0,696.287,3.287,on back,BRP1_25007_REC456_2026-02-18-10-13-11,231.95,,True,True,924.95,928.2370000000001
25007,6A,BRP1_25007_Obs6A_EDITED.txt,posture,696.287,702.0,5.713,on side,BRP1_25007_REC456_2026-02-18-10-13-11,231.95,,True,True,928.2370000000001,933.95
25007,6A,BRP1_25007_Obs6A_EDITED.txt,posture,702.0,900.0,198.0,on stomach,BRP1_25007_REC456_2026-02-18-10-13-11,231.95,,True,True,933.95,1131.95
25007,6A,BRP1_25007_Obs6A_EDITED.txt,posture,900.0,908.0,8.0,on side,BRP1_25007_REC456_2026-02-18-10-13-11,231.95,,True,True,1131.95,1139.95
25007,6A,BRP1_25007_Obs6A_EDITED.txt,posture,908.0,927.0,19.0,on back,BRP1_25007_REC456_2026-02-18-10-13-11,231.95,,True,True,1139.95,1158.95
25007,6A,BRP1_25007_Obs6A_EDITED.txt,posture,927.0,945.491,18.491,on side,BRP1_25007_REC456_2026-02-18-10-13-11,231.95,,True,True,1158.95,1177.441
25007,6A,BRP1_25007_Obs6A_EDITED.txt,posture,945.491,951.918,6.427,on back,BRP1_25007_REC456_2026-02-18-10-13-11,231.95,,True,True,1177.441,1183.868
25007,6A,BRP1_25007_Obs6A_EDITED.txt,posture,951.918,965.0,13.082,on side,BRP1_25007_REC456_2026-02-18-10-13-11,231.95,,True,True,1183.868,1196.95
25007,6A,BRP1_25007_Obs6A_EDITED.txt,posture,965.0,967.531,2.531,on back,BRP1_25007_REC456_2026-02-18-10-13-11,231.95,,True,True,1196.95,1199.481
25007,6A,BRP1_25007_Obs6A_EDITED.txt,posture,967.531,971.925,4.394,on side,BRP1_25007_REC456_2026-02-18-10-13-11,231.95,,True,True,1199.481,1203.875
25007,6A,BRP1_25007_Obs6A_EDITED.txt,posture,971.925,974.037,2.112,on back,BRP1_25007_REC456_2026-02-18-10-13-11,231.95,,True,True,1203.875,1205.987
25007,6A,BRP1_25007_Obs6A_EDITED.txt,posture,974.037,980.0,5.963,on back,BRP1_25007_REC456_2026-02-18-10-13-11,231.95,,True,True,1205.987,1211.95
25007,6A,BRP1_25007_Obs6A_EDITED.txt,posture,980.0,990.486,10.486,on side,BRP1_25007_REC456_2026-02-18-10-13-11,231.95,,True,True,1211.95,1222.436
25007,6A,BRP1_25007_Obs6A_EDITED.txt,posture,990.486,996.011,5.525,on back,BRP1_25007_REC456_2026-02-18-10-13-11,231.95,,True,True,1222.436,1227.961
25007,6A,BRP1_25007_Obs6A_EDITED.txt,posture,996.011,999.0,2.989,on back,BRP1_25007_REC456_2026-02-18-10-13-11,231.95,,True,True,1227.961,1230.95
25007,6A,BRP1_25007_Obs6A_EDITED.txt,posture,999.0,1005.0,6.0,on side,BRP1_25007_REC456_2026-02-18-10-13-11,231.95,,True,True,1230.95,1236.95
25007,6A,BRP1_25007_Obs6A_EDITED.txt,posture,1005.0,1008.0,3.0,on back,BRP1_25007_REC456_2026-02-18-10-13-11,231.95,,True,True,1236.95,1239.95
25007,6A,BRP1_25007_Obs6A_EDITED.txt,posture,1008.0,1023.0,15.0,on side,BRP1_25007_REC456_2026-02-18-10-13-11,231.95,,True,True,1239.95,1254.95
25007,6A,BRP1_25007_Obs6A_EDITED.txt,posture,1023.0,1028.0,5.0,on back,BRP1_25007_REC456_2026-02-18-10-13-11,231.95,,True,True,1254.95,1259.95
25007,6A,BRP1_25007_Obs6A_EDITED.txt,posture,1028.0,1035.0,7.0,on side,BRP1_25007_REC456_2026-02-18-10-13-11,231.95,,True,True,1259.95,1266.95
25007,6A,BRP1_25007_Obs6A_EDITED.txt,posture,1035.0,1042.0,7.0,on back,BRP1_25007_REC456_2026-02-18-10-13-11,231.95,,True,True,1266.95,1273.95
25007,6A,BRP1_25007_Obs6A_EDITED.txt,posture,1042.0,1057.0,15.0,on side,BRP1_25007_REC456_2026-02-18-10-13-11,231.95,,True,True,1273.95,1288.95
25007,6A,BRP1_25007_Obs6A_EDITED.txt,posture,1057.0,1067.0,10.0,on back,BRP1_25007_REC456_2026-02-18-10-13-11,231.95,,True,True,1288.95,1298.95
25007,6A,BRP1_25007_Obs6A_EDITED.txt,posture,1067.0,1093.0,26.0,on side,BRP1_25007_REC456_2026-02-18-10-13-11,231.95,,True,True,1298.95,1324.95
25007,6A,BRP1_25007_Obs6A_EDITED.txt,posture,1093.0,1113.0,20.0,on back,BRP1_25007_REC456_2026-02-18-10-13-11,231.95,,True,True,1324.95,1344.95
25007,6A,BRP1_25007_Obs6A_EDITED.txt,posture,1113.0,1122.0,9.0,on side,BRP1_25007_REC456_2026-02-18-10-13-11,231.95,,True,True,1344.95,1353.95
25007,6A,BRP1_25007_Obs6A_EDITED.txt,posture,1122.0,1125.0,3.0,on back,BRP1_25007_REC456_2026-02-18-10-13-11,231.95,,True,True,1353.95,1356.95
25007,6A,BRP1_25007_Obs6A_EDITED.txt,posture,1125.0,1127.0,2.0,on side,BRP1_25007_REC456_2026-02-18-10-13-11,231.95,,True,True,1356.95,1358.95
25007,6A,BRP1_25007_Obs6A_EDITED.txt,posture,1127.0,1130.0,3.0,on back,BRP1_25007_REC456_2026-02-18-10-13-11,231.95,,True,True,1358.95,1361.95
25007,6A,BRP1_25007_Obs6A_EDITED.txt,posture,1130.0,1136.0,6.0,on side,BRP1_25007_REC456_2026-02-18-10-13-11,231.95,,True,True,1361.95,1367.95
25007,6A,BRP1_25007_Obs6A_EDITED.txt,posture,1136.0,1144.0,8.0,on back,BRP1_25007_REC456_2026-02-18-10-13-11,231.95,,True,True,1367.95,1375.95
25007,6A,BRP1_25007_Obs6A_EDITED.txt,posture,1144.0,1148.0,4.0,on side,BRP1_25007_REC456_2026-02-18-10-13-11,231.95,,True,True,1375.95,1379.95
25007,6A,BRP1_25007_Obs6A_EDITED.txt,posture,1148.0,1156.0,8.0,on back,BRP1_25007_REC456_2026-02-18-10-13-11,231.95,,True,True,1379.95,1387.95
25007,6A,BRP1_25007_Obs6A_EDITED.txt,posture,1156.0,1159.0,3.0,on side,BRP1_25007_REC456_2026-02-18-10-13-11,231.95,,True,True,1387.95,1390.95
25007,6A,BRP1_25007_Obs6A_EDITED.txt,posture,1159.0,1228.0,69.0,on back,BRP1_25007_REC456_2026-02-18-10-13-11,231.95,,True,True,1390.95,1459.95
25007,6A,BRP1_25007_Obs6A_EDITED.txt,posture,1228.0,1233.0,5.0,on side,BRP1_25007_REC456_2026-02-18-10-13-11,231.95,,True,True,1459.95,1464.95
25007,6A,BRP1_25007_Obs6A_EDITED.txt,posture,1233.0,1271.0,38.0,on back,BRP1_25007_REC456_2026-02-18-10-13-11,231.95,,True,True,1464.95,1502.95
25007,6A,BRP1_25007_Obs6A_EDITED.txt,posture,1271.0,1282.0,11.0,sit,BRP1_25007_REC456_2026-02-18-10-13-11,231.95,,True,True,1502.95,1513.95
25007,6A,BRP1_25007_Obs6A_EDITED.txt,posture,1282.0,1362.0,80.0,recline back,BRP1_25007_REC456_2026-02-18-10-13-11,231.95,,True,True,1513.95,1593.95
25007,6A,BRP1_25007_Obs6A_EDITED.txt,posture,1362.0,1381.0,19.0,on back,BRP1_25007_REC456_2026-02-18-10-13-11,231.95,,True,True,1593.95,1612.95
25007,6A,BRP1_25007_Obs6A_EDITED.txt,posture,1381.0,1383.0,2.0,on side,BRP1_25007_REC456_2026-02-18-10-13-11,231.95,,True,True,1612.95,1614.95
25007,6A,BRP1_25007_Obs6A_EDITED.txt,posture,1383.0,1391.0,8.0,on back,BRP1_25007_REC456_2026-02-18-10-13-11,231.95,,True,True,1614.95,1622.95
25007,6A,BRP1_25007_Obs6A_EDITED.txt,posture,1391.0,1395.0,4.0,on side,BRP1_25007_REC456_2026-02-18-10-13-11,231.95,,True,True,1622.95,1626.95
25007,6A,BRP1_25007_Obs6A_EDITED.txt,posture,1395.0,1400.0,5.0,on back,BRP1_25007_REC456_2026-02-18-10-13-11,231.95,,True,True,1626.95,1631.95
25007,6A,BRP1_25007_Obs6A_EDITED.txt,posture,1400.0,1405.0,5.0,on side,BRP1_25007_REC456_2026-02-18-10-13-11,231.95,,True,True,1631.95,1636.95
25007,6A,BRP1_25007_Obs6A_EDITED.txt,posture,1405.0,1790.767,385.767,recline back,BRP1_25007_REC456_2026-02-18-10-13-11,231.95,,True,True,1636.95,2022.717
25007,6A,BRP1_25007_Obs6A_EDITED.txt,posture,1790.767,1836.0,45.233,sit,BRP1_25007_REC456_2026-02-18-10-13-11,231.95,,True,True,2022.717,2067.95
25007,6A,BRP1_25007_Obs6A_EDITED.txt,posture,1836.0,1901.0,65.0,on back,BRP1_25007_REC456_2026-02-18-10-13-11,231.95,,True,True,2067.95,2132.95
25007,6A,BRP1_25007_Obs6A_EDITED.txt,posture,1901.0,1912.0,11.0,on side,BRP1_25007_REC456_2026-02-18-10-13-11,231.95,,True,True,2132.95,2143.95
25007,6A,BRP1_25007_Obs6A_EDITED.txt,posture,1912.0,1918.0,6.0,sit,BRP1_25007_REC456_2026-02-18-10-13-11,231.95,,True,True,2143.95,2149.95
25007,6A,BRP1_25007_Obs6A_EDITED.txt,posture,1918.0,1932.0,14.0,recline back,BRP1_25007_REC456_2026-02-18-10-13-11,231.95,,True,True,2149.95,2163.95
25007,6A,BRP1_25007_Obs6A_EDITED.txt,posture,1932.0,1961.0,29.0,sit,BRP1_25007_REC456_2026-02-18-10-13-11,231.95,,True,True,2163.95,2192.95
25007,6A,BRP1_25007_Obs6A_EDITED.txt,posture,1961.0,1992.0,31.0,sit,BRP1_25007_REC456_2026-02-18-10-13-11,231.95,,True,True,2192.95,2223.95
25007,6A,BRP1_25007_Obs6A_EDITED.txt,posture,1992.0,2013.0,21.0,sit,BRP1_25007_REC456_2026-02-18-10-13-11,231.95,,True,True,2223.95,2244.95
25007,6A,BRP1_25007_Obs6A_EDITED.txt,posture,2013.0,2051.399,38.399,on back,BRP1_25007_REC456_2026-02-18-10-13-11,231.95,,True,True,2244.95,2283.3489999999997
25007,6A,BRP1_25007_Obs6A_EDITED.txt,posture,2051.399,2054.567,3.168,recline back,BRP1_25007_REC456_2026-02-18-10-13-11,231.95,,True,True,2283.3489999999997,2286.517
25007,6A,BRP1_25007_Obs6A_EDITED.txt,posture,2054.567,2056.159,1.592,sit,BRP1_25007_REC456_2026-02-18-10-13-11,231.95,,True,True,2286.517,2288.109
25007,6A,BRP1_25007_Obs6A_EDITED.txt,posture,2056.159,2199.0,142.841,sit,BRP1_25007_REC456_2026-02-18-10-13-11,231.95,,True,True,2288.109,2430.95
25007,6A,BRP1_25007_Obs6A_EDITED.txt,posture,2199.0,2235.0,36.0,sit,BRP1_25007_REC456_2026-02-18-10-13-11,231.95,,True,True,2430.95,2466.95
25007,6A,BRP1_25007_Obs6A_EDITED.txt,posture,2235.0,2828.0,593.0,sit,BRP1_25007_REC456_2026-02-18-10-13-11,231.95,,True,True,2466.95,3059.95
25007,6A,BRP1_25007_Obs6A_EDITED.txt,posture,2828.0,2930.65,102.65,on back,BRP1_25007_REC456_2026-02-18-10-13-11,231.95,,True,True,3059.95,3162.6
25007,6A,BRP1_25007_Obs6A_EDITED.txt,posture,2930.65,2936.763,6.113,on side,BRP1_25007_REC456_2026-02-18-10-13-11,231.95,,True,True,3162.6,3168.7129999999997
25007,6A,BRP1_25007_Obs6A_EDITED.txt,posture,2936.763,2955.016,18.253,on back,BRP1_25007_REC456_2026-02-18-10-13-11,231.95,,True,True,3168.7129999999997,3186.966
25007,6A,BRP1_25007_Obs6A_EDITED.txt,posture,2955.016,2960.0,4.984,on side,BRP1_25007_REC456_2026-02-18-10-13-11,231.95,,True,True,3186.966,3191.95
25007,6A,BRP1_25007_Obs6A_EDITED.txt,posture,2960.0,2997.0,37.0,on back,BRP1_25007_REC456_2026-02-18-10-13-11,231.95,,True,True,3191.95,3228.95
25007,6A,BRP1_25007_Obs6A_EDITED.txt,posture,2997.0,3022.0,25.0,on side,BRP1_25007_REC456_2026-02-18-10-13-11,231.95,,True,True,3228.95,3253.95
25007,6A,BRP1_25007_Obs6A_EDITED.txt,posture,3022.0,3031.938,9.938,on back,BRP1_25007_REC456_2026-02-18-10-13-11,231.95,,True,True,3253.95,3263.888
25007,6A,BRP1_25007_Obs6A_EDITED.txt,posture,3031.938,3040.78,8.842,on side,BRP1_25007_REC456_2026-02-18-10-13-11,231.95,,True,True,3263.888,3272.73
25007,6A,BRP1_25007_Obs6A_EDITED.txt,posture,3040.78,3044.006,3.226,on back,BRP1_25007_REC456_2026-02-18-10-13-11,231.95,,True,True,3272.73,3275.9559999999997
25007,6A,BRP1_25007_Obs6A_EDITED.txt,posture,3044.006,3047.0,2.994,on side,BRP1_25007_REC456_2026-02-18-10-13-11,231.95,,True,True,3275.9559999999997,3278.95
25007,6A,BRP1_25007_Obs6A_EDITED.txt,posture,3047.0,3056.0,9.0,on stomach,BRP1_25007_REC456_2026-02-18-10-13-11,231.95,,True,True,3278.95,3287.95
25007,6A,BRP1_25007_Obs6A_EDITED.txt,posture,3056.0,3366.0,310.0,sit,BRP1_25007_REC456_2026-02-18-10-13-11,231.95,,True,True,3287.95,3597.95
25007,6A,BRP1_25007_Obs6A_EDITED.txt,posture,3366.0,3520.0,154.0,on stomach,BRP1_25007_REC456_2026-02-18-10-13-11,231.95,,True,True,3597.95,3751.95
25007,6A,BRP1_25007_Obs6A_EDITED.txt,posture,3520.0,3603.0,83.0,sit,BRP1_25007_REC456_2026-02-18-10-13-11,231.95,,True,True,3751.95,3834.95
25007,7A,BRP1_25007_Obs7A_EDITED.txt,posture,0.0,385.0,385.0,recline back,BRP1_25007_REC789_2026-02-25-09-33-39,370.87,,True,True,370.87,755.87
25007,7A,BRP1_25007_Obs7A_EDITED.txt,posture,385.0,462.0,77.0,sit,BRP1_25007_REC789_2026-02-25-09-33-39,370.87,,True,True,755.87,832.87
25007,7A,BRP1_25007_Obs7A_EDITED.txt,posture,462.0,724.0,262.0,recline back,BRP1_25007_REC789_2026-02-25-09-33-39,370.87,,True,True,832.87,1094.87
25007,7A,BRP1_25007_Obs7A_EDITED.txt,posture,724.0,2738.0,2014.0,on back,BRP1_25007_REC789_2026-02-25-09-33-39,370.87,,True,True,1094.87,3108.87
25007,7A,BRP1_25007_Obs7A_EDITED.txt,posture,2738.0,2766.113,28.113,stand,BRP1_25007_REC789_2026-02-25-09-33-39,370.87,,True,True,3108.87,3136.9829999999997
25007,7A,BRP1_25007_Obs7A_EDITED.txt,posture,2766.113,3124.456,358.343,on back,BRP1_25007_REC789_2026-02-25-09-33-39,370.87,,True,True,3136.9829999999997,3495.326
25007,7A,BRP1_25007_Obs7A_EDITED.txt,posture,3124.456,3129.378,4.922,on side,BRP1_25007_REC789_2026-02-25-09-33-39,370.87,,True,True,3495.326,3500.248
25007,7A,BRP1_25007_Obs7A_EDITED.txt,posture,3129.378,3135.286,5.908,on back,BRP1_25007_REC789_2026-02-25-09-33-39,370.87,,True,True,3500.248,3506.156
25007,7A,BRP1_25007_Obs7A_EDITED.txt,posture,3135.286,3149.019,13.733,on side,BRP1_25007_REC789_2026-02-25-09-33-39,370.87,,True,True,3506.156,3519.8889999999997
25007,7A,BRP1_25007_Obs7A_EDITED.txt,posture,3149.019,3153.0,3.981,on side,BRP1_25007_REC789_2026-02-25-09-33-39,370.87,,True,True,3519.8889999999997,3523.87
25007,7A,BRP1_25007_Obs7A_EDITED.txt,posture,3153.0,3158.0,5.0,on back,BRP1_25007_REC789_2026-02-25-09-33-39,370.87,,True,True,3523.87,3528.87
25007,7A,BRP1_25007_Obs7A_EDITED.txt,posture,3158.0,3235.0,77.0,on side,BRP1_25007_REC789_2026-02-25-09-33-39,370.87,,True,True,3528.87,3605.87
25007,7A,BRP1_25007_Obs7A_EDITED.txt,posture,3235.0,3238.581,3.581,on back,BRP1_25007_REC789_2026-02-25-09-33-39,370.87,,True,True,3605.87,3609.451
25007,7A,BRP1_25007_Obs7A_EDITED.txt,posture,3238.581,3244.682,6.101,on side,BRP1_25007_REC789_2026-02-25-09-33-39,370.87,,True,True,3609.451,3615.5519999999997
25007,7A,BRP1_25007_Obs7A_EDITED.txt,posture,3244.682,3386.0,141.318,on back,BRP1_25007_REC789_2026-02-25-09-33-39,370.87,,True,True,3615.5519999999997,3756.87
25007,7A,BRP1_25007_Obs7A_EDITED.txt,posture,3386.0,3396.004,10.004,on side,BRP1_25007_REC789_2026-02-25-09-33-39,370.87,,True,True,3756.87,3766.874
25007,7A,BRP1_25007_Obs7A_EDITED.txt,posture,3396.004,3608.0,211.996,on back,BRP1_25007_REC789_2026-02-25-09-33-39,370.87,,True,True,3766.874,3978.87
25007,8A,BRP1_25007_Obs8A_EDITED.txt,posture,0.0,321.0,321.0,on stomach,BRP1_25007_REC789_2026-03-04-09-37-57,240.59,,True,True,240.59,561.59
25007,8A,BRP1_25007_Obs8A_EDITED.txt,posture,321.0,544.991,223.991,on back,BRP1_25007_REC789_2026-03-04-09-37-57,240.59,,True,True,561.59,785.581
25007,8A,BRP1_25007_Obs8A_EDITED.txt,posture,544.991,550.849,5.858,on side,BRP1_25007_REC789_2026-03-04-09-37-57,240.59,,True,True,785.581,791.4390000000001
25007,8A,BRP1_25007_Obs8A_EDITED.txt,posture,550.849,556.638,5.789,on back,BRP1_25007_REC789_2026-03-04-09-37-57,240.59,,True,True,791.4390000000001,797.2280000000001
25007,8A,BRP1_25007_Obs8A_EDITED.txt,posture,556.638,562.035,5.397,on side,BRP1_25007_REC789_2026-03-04-09-37-57,240.59,,True,True,797.2280000000001,802.625
25007,8A,BRP1_25007_Obs8A_EDITED.txt,posture,562.035,602.099,40.064,on side,BRP1_25007_REC789_2026-03-04-09-37-57,240.59,,True,True,802.625,842.6890000000001
25007,8A,BRP1_25007_Obs8A_EDITED.txt,posture,602.099,608.047,5.948,on back,BRP1_25007_REC789_2026-03-04-09-37-57,240.59,,True,True,842.6890000000001,848.6370000000001
25007,8A,BRP1_25007_Obs8A_EDITED.txt,posture,608.047,639.0,30.953,on side,BRP1_25007_REC789_2026-03-04-09-37-57,240.59,,True,True,848.6370000000001,879.59
25007,8A,BRP1_25007_Obs8A_EDITED.txt,posture,639.0,803.0,164.0,on back,BRP1_25007_REC789_2026-03-04-09-37-57,240.59,,True,True,879.59,1043.59
25007,8A,BRP1_25007_Obs8A_EDITED.txt,posture,803.0,804.0,1.0,sit,BRP1_25007_REC789_2026-03-04-09-37-57,240.59,,True,True,1043.59,1044.59
25007,8A,BRP1_25007_Obs8A_EDITED.txt,posture,804.0,907.0,103.0,on back,BRP1_25007_REC789_2026-03-04-09-37-57,240.59,,True,True,1044.59,1147.59
25007,8A,BRP1_25007_Obs8A_EDITED.txt,posture,907.0,911.0,4.0,on back,BRP1_25007_REC789_2026-03-04-09-37-57,240.59,,True,True,1147.59,1151.59
25007,8A,BRP1_25007_Obs8A_EDITED.txt,posture,911.0,1434.0,523.0,on back,BRP1_25007_REC789_2026-03-04-09-37-57,240.59,,True,True,1151.59,1674.59
25007,8A,BRP1_25007_Obs8A_EDITED.txt,posture,1434.0,1447.0,13.0,on side,BRP1_25007_REC789_2026-03-04-09-37-57,240.59,,True,True,1674.59,1687.59
25007,8A,BRP1_25007_Obs8A_EDITED.txt,posture,1447.0,1467.0,20.0,on back,BRP1_25007_REC789_2026-03-04-09-37-57,240.59,,True,True,1687.59,1707.59
25007,8A,BRP1_25007_Obs8A_EDITED.txt,posture,1467.0,1476.0,9.0,on side,BRP1_25007_REC789_2026-03-04-09-37-57,240.59,,True,True,1707.59,1716.59
25007,8A,BRP1_25007_Obs8A_EDITED.txt,posture,1476.0,1579.0,103.0,on back,BRP1_25007_REC789_2026-03-04-09-37-57,240.59,,True,True,1716.59,1819.59
25007,8A,BRP1_25007_Obs8A_EDITED.txt,posture,1579.0,1589.0,10.0,on side,BRP1_25007_REC789_2026-03-04-09-37-57,240.59,,True,True,1819.59,1829.59
25007,8A,BRP1_25007_Obs8A_EDITED.txt,posture,1589.0,1600.0,11.0,on back,BRP1_25007_REC789_2026-03-04-09-37-57,240.59,,True,True,1829.59,1840.59
25007,8A,BRP1_25007_Obs8A_EDITED.txt,posture,1600.0,1616.0,16.0,on side,BRP1_25007_REC789_2026-03-04-09-37-57,240.59,,True,True,1840.59,1856.59
25007,8A,BRP1_25007_Obs8A_EDITED.txt,posture,1616.0,1624.0,8.0,on back,BRP1_25007_REC789_2026-03-04-09-37-57,240.59,,True,True,1856.59,1864.59
25007,8A,BRP1_25007_Obs8A_EDITED.txt,posture,1624.0,1639.0,15.0,on side,BRP1_25007_REC789_2026-03-04-09-37-57,240.59,,True,True,1864.59,1879.59
25007,8A,BRP1_25007_Obs8A_EDITED.txt,posture,1639.0,1651.0,12.0,on back,BRP1_25007_REC789_2026-03-04-09-37-57,240.59,,True,True,1879.59,1891.59
25007,8A,BRP1_25007_Obs8A_EDITED.txt,posture,1651.0,2217.0,566.0,sit,BRP1_25007_REC789_2026-03-04-09-37-57,240.59,,True,True,1891.59,2457.59
25007,8A,BRP1_25007_Obs8A_EDITED.txt,posture,2217.0,2232.0,15.0,stand,BRP1_25007_REC789_2026-03-04-09-37-57,240.59,,True,True,2457.59,2472.59
25007,8A,BRP1_25007_Obs8A_EDITED.txt,posture,2232.0,2233.0,1.0,sit,BRP1_25007_REC789_2026-03-04-09-37-57,240.59,,True,True,2472.59,2473.59
25007,8A,BRP1_25007_Obs8A_EDITED.txt,posture,2233.0,3539.0,1306.0,recline back,BRP1_25007_REC789_2026-03-04-09-37-57,240.59,,True,True,2473.59,3779.59
25007,8A,BRP1_25007_Obs8A_EDITED.txt,posture,3539.0,3648.0,109.0,on back,BRP1_25007_REC789_2026-03-04-09-37-57,240.59,,True,True,3779.59,3888.59
25007,9A,BRP1_25007_Obs9A_EDITED.txt,posture,0.0,17.0,17.0,on back,BRP1_25007_REC789_2026-03-11-08-51-52,,NO LB TONE: Find alternate way to align,True,False,,
25007,9A,BRP1_25007_Obs9A_EDITED.txt,posture,17.0,61.861,44.861,on stomach,BRP1_25007_REC789_2026-03-11-08-51-52,,NO LB TONE: Find alternate way to align,True,False,,
25007,9A,BRP1_25007_Obs9A_EDITED.txt,posture,61.861,64.5,2.639,on side,BRP1_25007_REC789_2026-03-11-08-51-52,,NO LB TONE: Find alternate way to align,True,False,,
25007,9A,BRP1_25007_Obs9A_EDITED.txt,posture,64.5,71.0,6.5,on back,BRP1_25007_REC789_2026-03-11-08-51-52,,NO LB TONE: Find alternate way to align,True,False,,
25007,9A,BRP1_25007_Obs9A_EDITED.txt,posture,71.0,77.0,6.0,on side,BRP1_25007_REC789_2026-03-11-08-51-52,,NO LB TONE: Find alternate way to align,True,False,,
25007,9A,BRP1_25007_Obs9A_EDITED.txt,posture,77.0,296.0,219.0,on stomach,BRP1_25007_REC789_2026-03-11-08-51-52,,NO LB TONE: Find alternate way to align,True,False,,
25007,9A,BRP1_25007_Obs9A_EDITED.txt,posture,296.0,366.0,70.0,on back,BRP1_25007_REC789_2026-03-11-08-51-52,,NO LB TONE: Find alternate way to align,True,False,,
25007,9A,BRP1_25007_Obs9A_EDITED.txt,posture,366.0,379.0,13.0,on side,BRP1_25007_REC789_2026-03-11-08-51-52,,NO LB TONE: Find alternate way to align,True,False,,
25007,9A,BRP1_25007_Obs9A_EDITED.txt,posture,379.0,408.0,29.0,on stomach,BRP1_25007_REC789_2026-03-11-08-51-52,,NO LB TONE: Find alternate way to align,True,False,,
25007,9A,BRP1_25007_Obs9A_EDITED.txt,posture,408.0,410.0,2.0,on side,BRP1_25007_REC789_2026-03-11-08-51-52,,NO LB TONE: Find alternate way to align,True,False,,
25007,9A,BRP1_25007_Obs9A_EDITED.txt,posture,410.0,458.0,48.0,on back,BRP1_25007_REC789_2026-03-11-08-51-52,,NO LB TONE: Find alternate way to align,True,False,,
25007,9A,BRP1_25007_Obs9A_EDITED.txt,posture,458.0,474.0,16.0,on side,BRP1_25007_REC789_2026-03-11-08-51-52,,NO LB TONE: Find alternate way to align,True,False,,
25007,9A,BRP1_25007_Obs9A_EDITED.txt,posture,474.0,477.0,3.0,on back,BRP1_25007_REC789_2026-03-11-08-51-52,,NO LB TONE: Find alternate way to align,True,False,,
25007,9A,BRP1_25007_Obs9A_EDITED.txt,posture,477.0,504.0,27.0,on side,BRP1_25007_REC789_2026-03-11-08-51-52,,NO LB TONE: Find alternate way to align,True,False,,
25007,9A,BRP1_25007_Obs9A_EDITED.txt,posture,504.0,614.0,110.0,on stomach,BRP1_25007_REC789_2026-03-11-08-51-52,,NO LB TONE: Find alternate way to align,True,False,,
25007,9A,BRP1_25007_Obs9A_EDITED.txt,posture,614.0,616.0,2.0,on side,BRP1_25007_REC789_2026-03-11-08-51-52,,NO LB TONE: Find alternate way to align,True,False,,
25007,9A,BRP1_25007_Obs9A_EDITED.txt,posture,616.0,649.0,33.0,on stomach,BRP1_25007_REC789_2026-03-11-08-51-52,,NO LB TONE: Find alternate way to align,True,False,,
25007,9A,BRP1_25007_Obs9A_EDITED.txt,posture,649.0,662.0,13.0,on back,BRP1_25007_REC789_2026-03-11-08-51-52,,NO LB TONE: Find alternate way to align,True,False,,
25007,9A,BRP1_25007_Obs9A_EDITED.txt,posture,662.0,671.0,9.0,on side,BRP1_25007_REC789_2026-03-11-08-51-52,,NO LB TONE: Find alternate way to align,True,False,,
25007,9A,BRP1_25007_Obs9A_EDITED.txt,posture,671.0,788.0,117.0,on back,BRP1_25007_REC789_2026-03-11-08-51-52,,NO LB TONE: Find alternate way to align,True,False,,
25007,9A,BRP1_25007_Obs9A_EDITED.txt,posture,788.0,802.0,14.0,on side,BRP1_25007_REC789_2026-03-11-08-51-52,,NO LB TONE: Find alternate way to align,True,False,,
25007,9A,BRP1_25007_Obs9A_EDITED.txt,posture,802.0,1218.0,416.0,on stomach,BRP1_25007_REC789_2026-03-11-08-51-52,,NO LB TONE: Find alternate way to align,True,False,,
25007,9A,BRP1_25007_Obs9A_EDITED.txt,posture,1218.0,1279.0,61.0,on back,BRP1_25007_REC789_2026-03-11-08-51-52,,NO LB TONE: Find alternate way to align,True,False,,
25007,9A,BRP1_25007_Obs9A_EDITED.txt,posture,1279.0,1294.0,15.0,on stomach,BRP1_25007_REC789_2026-03-11-08-51-52,,NO LB TONE: Find alternate way to align,True,False,,
25007,9A,BRP1_25007_Obs9A_EDITED.txt,posture,1294.0,1295.0,1.0,on side,BRP1_25007_REC789_2026-03-11-08-51-52,,NO LB TONE: Find alternate way to align,True,False,,
25007,9A,BRP1_25007_Obs9A_EDITED.txt,posture,1295.0,1305.0,10.0,on back,BRP1_25007_REC789_2026-03-11-08-51-52,,NO LB TONE: Find alternate way to align,True,False,,
25007,9A,BRP1_25007_Obs9A_EDITED.txt,posture,1305.0,1337.0,32.0,on side,BRP1_25007_REC789_2026-03-11-08-51-52,,NO LB TONE: Find alternate way to align,True,False,,
25007,9A,BRP1_25007_Obs9A_EDITED.txt,posture,1337.0,1347.239,10.239,on back,BRP1_25007_REC789_2026-03-11-08-51-52,,NO LB TONE: Find alternate way to align,True,False,,
25007,9A,BRP1_25007_Obs9A_EDITED.txt,posture,1347.239,1351.871,4.632,on side,BRP1_25007_REC789_2026-03-11-08-51-52,,NO LB TONE: Find alternate way to align,True,False,,
25007,9A,BRP1_25007_Obs9A_EDITED.txt,posture,1351.871,1357.0,5.129,on back,BRP1_25007_REC789_2026-03-11-08-51-52,,NO LB TONE: Find alternate way to align,True,False,,
25007,9A,BRP1_25007_Obs9A_EDITED.txt,posture,1357.0,1362.0,5.0,on side,BRP1_25007_REC789_2026-03-11-08-51-52,,NO LB TONE: Find alternate way to align,True,False,,
25007,9A,BRP1_25007_Obs9A_EDITED.txt,posture,1362.0,1364.0,2.0,on back,BRP1_25007_REC789_2026-03-11-08-51-52,,NO LB TONE: Find alternate way to align,True,False,,
25007,9A,BRP1_25007_Obs9A_EDITED.txt,posture,1364.0,1434.0,70.0,on side,BRP1_25007_REC789_2026-03-11-08-51-52,,NO LB TONE: Find alternate way to align,True,False,,
25007,9A,BRP1_25007_Obs9A_EDITED.txt,posture,1434.0,1457.0,23.0,on back,BRP1_25007_REC789_2026-03-11-08-51-52,,NO LB TONE: Find alternate way to align,True,False,,
25007,9A,BRP1_25007_Obs9A_EDITED.txt,posture,1457.0,1458.0,1.0,on side,BRP1_25007_REC789_2026-03-11-08-51-52,,NO LB TONE: Find alternate way to align,True,False,,
25007,9A,BRP1_25007_Obs9A_EDITED.txt,posture,1458.0,1491.0,33.0,on stomach,BRP1_25007_REC789_2026-03-11-08-51-52,,NO LB TONE: Find alternate way to align,True,False,,
25007,9A,BRP1_25007_Obs9A_EDITED.txt,posture,1491.0,1494.0,3.0,on side,BRP1_25007_REC789_2026-03-11-08-51-52,,NO LB TONE: Find alternate way to align,True,False,,
25007,9A,BRP1_25007_Obs9A_EDITED.txt,posture,1494.0,1496.0,2.0,on back,BRP1_25007_REC789_2026-03-11-08-51-52,,NO LB TONE: Find alternate way to align,True,False,,
25007,9A,BRP1_25007_Obs9A_EDITED.txt,posture,1496.0,1504.0,8.0,on side,BRP1_25007_REC789_2026-03-11-08-51-52,,NO LB TONE: Find alternate way to align,True,False,,
25007,9A,BRP1_25007_Obs9A_EDITED.txt,posture,1504.0,1511.0,7.0,on back,BRP1_25007_REC789_2026-03-11-08-51-52,,NO LB TONE: Find alternate way to align,True,False,,
25007,9A,BRP1_25007_Obs9A_EDITED.txt,posture,1511.0,1514.0,3.0,on side,BRP1_25007_REC789_2026-03-11-08-51-52,,NO LB TONE: Find alternate way to align,True,False,,
25007,9A,BRP1_25007_Obs9A_EDITED.txt,posture,1514.0,1615.0,101.0,on stomach,BRP1_25007_REC789_2026-03-11-08-51-52,,NO LB TONE: Find alternate way to align,True,False,,
25007,9A,BRP1_25007_Obs9A_EDITED.txt,posture,1615.0,1617.0,2.0,on side,BRP1_25007_REC789_2026-03-11-08-51-52,,NO LB TONE: Find alternate way to align,True,False,,
25007,9A,BRP1_25007_Obs9A_EDITED.txt,posture,1617.0,1649.0,32.0,on back,BRP1_25007_REC789_2026-03-11-08-51-52,,NO LB TONE: Find alternate way to align,True,False,,
25007,9A,BRP1_25007_Obs9A_EDITED.txt,posture,1649.0,1676.0,27.0,on side,BRP1_25007_REC789_2026-03-11-08-51-52,,NO LB TONE: Find alternate way to align,True,False,,
25007,9A,BRP1_25007_Obs9A_EDITED.txt,posture,1676.0,1713.0,37.0,on back,BRP1_25007_REC789_2026-03-11-08-51-52,,NO LB TONE: Find alternate way to align,True,False,,
25007,9A,BRP1_25007_Obs9A_EDITED.txt,posture,1713.0,1723.0,10.0,on side,BRP1_25007_REC789_2026-03-11-08-51-52,,NO LB TONE: Find alternate way to align,True,False,,
25007,9A,BRP1_25007_Obs9A_EDITED.txt,posture,1723.0,1962.0,239.0,on back,BRP1_25007_REC789_2026-03-11-08-51-52,,NO LB TONE: Find alternate way to align,True,False,,
25007,9A,BRP1_25007_Obs9A_EDITED.txt,posture,1962.0,1971.0,9.0,on side,BRP1_25007_REC789_2026-03-11-08-51-52,,NO LB TONE: Find alternate way to align,True,False,,
25007,9A,BRP1_25007_Obs9A_EDITED.txt,posture,1971.0,1974.0,3.0,on stomach,BRP1_25007_REC789_2026-03-11-08-51-52,,NO LB TONE: Find alternate way to align,True,False,,
25007,9A,BRP1_25007_Obs9A_EDITED.txt,posture,1974.0,1997.0,23.0,on back,BRP1_25007_REC789_2026-03-11-08-51-52,,NO LB TONE: Find alternate way to align,True,False,,
25007,9A,BRP1_25007_Obs9A_EDITED.txt,posture,1997.0,1998.0,1.0,on side,BRP1_25007_REC789_2026-03-11-08-51-52,,NO LB TONE: Find alternate way to align,True,False,,
25007,9A,BRP1_25007_Obs9A_EDITED.txt,posture,1998.0,2128.0,130.0,on stomach,BRP1_25007_REC789_2026-03-11-08-51-52,,NO LB TONE: Find alternate way to align,True,False,,
25007,9A,BRP1_25007_Obs9A_EDITED.txt,posture,2128.0,2131.0,3.0,on back,BRP1_25007_REC789_2026-03-11-08-51-52,,NO LB TONE: Find alternate way to align,True,False,,
25007,9A,BRP1_25007_Obs9A_EDITED.txt,posture,2131.0,2154.0,23.0,on side,BRP1_25007_REC789_2026-03-11-08-51-52,,NO LB TONE: Find alternate way to align,True,False,,
25007,9A,BRP1_25007_Obs9A_EDITED.txt,posture,2154.0,2194.0,40.0,on stomach,BRP1_25007_REC789_2026-03-11-08-51-52,,NO LB TONE: Find alternate way to align,True,False,,
25007,9A,BRP1_25007_Obs9A_EDITED.txt,posture,2194.0,2196.0,2.0,on side,BRP1_25007_REC789_2026-03-11-08-51-52,,NO LB TONE: Find alternate way to align,True,False,,
25007,9A,BRP1_25007_Obs9A_EDITED.txt,posture,2196.0,2204.0,8.0,on back,BRP1_25007_REC789_2026-03-11-08-51-52,,NO LB TONE: Find alternate way to align,True,False,,
25007,9A,BRP1_25007_Obs9A_EDITED.txt,posture,2204.0,2211.0,7.0,on side,BRP1_25007_REC789_2026-03-11-08-51-52,,NO LB TONE: Find alternate way to align,True,False,,
25007,9A,BRP1_25007_Obs9A_EDITED.txt,posture,2211.0,2224.0,13.0,on stomach,BRP1_25007_REC789_2026-03-11-08-51-52,,NO LB TONE: Find alternate way to align,True,False,,
25007,9A,BRP1_25007_Obs9A_EDITED.txt,posture,2224.0,3107.0,883.0,recline back,BRP1_25007_REC789_2026-03-11-08-51-52,,NO LB TONE: Find alternate way to align,True,False,,
25007,9A,BRP1_25007_Obs9A_EDITED.txt,posture,3107.0,3122.0,15.0,sit,BRP1_25007_REC789_2026-03-11-08-51-52,,NO LB TONE: Find alternate way to align,True,False,,
25007,9A,BRP1_25007_Obs9A_EDITED.txt,posture,3122.0,3124.0,2.0,on side,BRP1_25007_REC789_2026-03-11-08-51-52,,NO LB TONE: Find alternate way to align,True,False,,
25007,9A,BRP1_25007_Obs9A_EDITED.txt,posture,3124.0,3251.0,127.0,on stomach,BRP1_25007_REC789_2026-03-11-08-51-52,,NO LB TONE: Find alternate way to align,True,False,,
25007,9A,BRP1_25007_Obs9A_EDITED.txt,posture,3251.0,3257.0,6.0,on side,BRP1_25007_REC789_2026-03-11-08-51-52,,NO LB TONE: Find alternate way to align,True,False,,
25007,9A,BRP1_25007_Obs9A_EDITED.txt,posture,3257.0,3332.0,75.0,on back,BRP1_25007_REC789_2026-03-11-08-51-52,,NO LB TONE: Find alternate way to align,True,False,,
25007,9A,BRP1_25007_Obs9A_EDITED.txt,posture,3332.0,3337.0,5.0,on side,BRP1_25007_REC789_2026-03-11-08-51-52,,NO LB TONE: Find alternate way to align,True,False,,
25007,9A,BRP1_25007_Obs9A_EDITED.txt,posture,3337.0,3414.0,77.0,on stomach,BRP1_25007_REC789_2026-03-11-08-51-52,,NO LB TONE: Find alternate way to align,True,False,,
25007,9A,BRP1_25007_Obs9A_EDITED.txt,posture,3414.0,3428.0,14.0,on side,BRP1_25007_REC789_2026-03-11-08-51-52,,NO LB TONE: Find alternate way to align,True,False,,
25007,9A,BRP1_25007_Obs9A_EDITED.txt,posture,3428.0,3526.0,98.0,on stomach,BRP1_25007_REC789_2026-03-11-08-51-52,,NO LB TONE: Find alternate way to align,True,False,,
25007,9A,BRP1_25007_Obs9A_EDITED.txt,posture,3526.0,3527.0,1.0,on side,BRP1_25007_REC789_2026-03-11-08-51-52,,NO LB TONE: Find alternate way to align,True,False,,
25007,9A,BRP1_25007_Obs9A_EDITED.txt,posture,3527.0,3554.0,27.0,on stomach,BRP1_25007_REC789_2026-03-11-08-51-52,,NO LB TONE: Find alternate way to align,True,False,,
25007,9A,BRP1_25007_Obs9A_EDITED.txt,posture,3554.0,3557.0,3.0,on side,BRP1_25007_REC789_2026-03-11-08-51-52,,NO LB TONE: Find alternate way to align,True,False,,
25007,9A,BRP1_25007_Obs9A_EDITED.txt,posture,3557.0,3594.0,37.0,on back,BRP1_25007_REC789_2026-03-11-08-51-52,,NO LB TONE: Find alternate way to align,True,False,,
25007,9A,BRP1_25007_Obs9A_EDITED.txt,posture,3594.0,3595.0,1.0,on side,BRP1_25007_REC789_2026-03-11-08-51-52,,NO LB TONE: Find alternate way to align,True,False,,
25007,9A,BRP1_25007_Obs9A_EDITED.txt,posture,3595.0,3606.0,11.0,on stomach,BRP1_25007_REC789_2026-03-11-08-51-52,,NO LB TONE: Find alternate way to align,True,False,,
25007,9A,BRP1_25007_Obs9A_EDITED.txt,posture,3606.0,3609.0,3.0,on back,BRP1_25007_REC789_2026-03-11-08-51-52,,NO LB TONE: Find alternate way to align,True,False,,
25007,9A,BRP1_25007_Obs9A_EDITED.txt,posture,3609.0,3610.0,1.0,on back,BRP1_25007_REC789_2026-03-11-08-51-52,,NO LB TONE: Find alternate way to align,True,False,,
25007,9A,BRP1_25007_Obs9A_EDITED.txt,posture,3610.0,3632.0,22.0,on side,BRP1_25007_REC789_2026-03-11-08-51-52,,NO LB TONE: Find alternate way to align,True,False,,
25007,9A,BRP1_25007_Obs9A_EDITED.txt,posture,3632.0,3650.0,18.0,on stomach,BRP1_25007_REC789_2026-03-11-08-51-52,,NO LB TONE: Find alternate way to align,True,False,,
25008,11A,BRP1_25008_Obs11A_EDITED.txt,posture,0.0,2620.0,2620.0,on stomach,BRP1_25008_REC101112_2025-12-12-10-02-11,246.1,,True,True,246.1,2866.1
25008,11A,BRP1_25008_Obs11A_EDITED.txt,posture,2620.0,2623.0,3.0,stand,BRP1_25008_REC101112_2025-12-12-10-02-11,246.1,,True,True,2866.1,2869.1
25008,11A,BRP1_25008_Obs11A_EDITED.txt,posture,2623.0,2625.0,2.0,sit,BRP1_25008_REC101112_2025-12-12-10-02-11,246.1,,True,True,2869.1,2871.1
25008,11A,BRP1_25008_Obs11A_EDITED.txt,posture,2625.0,2772.0,147.0,recline back,BRP1_25008_REC101112_2025-12-12-10-02-11,246.1,,True,True,2871.1,3018.1
25008,11A,BRP1_25008_Obs11A_EDITED.txt,posture,2772.0,2937.0,165.0,on stomach,BRP1_25008_REC101112_2025-12-12-10-02-11,246.1,,True,True,3018.1,3183.1
25008,11A,BRP1_25008_Obs11A_EDITED.txt,posture,2937.0,2997.676,60.676,sit,BRP1_25008_REC101112_2025-12-12-10-02-11,246.1,,True,True,3183.1,3243.776
25008,11A,BRP1_25008_Obs11A_EDITED.txt,posture,2997.676,3002.024,4.348,recline back,BRP1_25008_REC101112_2025-12-12-10-02-11,246.1,,True,True,3243.776,3248.124
25008,11A,BRP1_25008_Obs11A_EDITED.txt,posture,3002.024,3319.0,316.976,on back,BRP1_25008_REC101112_2025-12-12-10-02-11,246.1,,True,True,3248.124,3565.1
25008,11A,BRP1_25008_Obs11A_EDITED.txt,posture,3319.0,3485.0,166.0,stand,BRP1_25008_REC101112_2025-12-12-10-02-11,246.1,,True,True,3565.1,3731.1
25008,11A,BRP1_25008_Obs11A_EDITED.txt,posture,3485.0,3496.0,11.0,on back,BRP1_25008_REC101112_2025-12-12-10-02-11,246.1,,True,True,3731.1,3742.1
25008,11A,BRP1_25008_Obs11A_EDITED.txt,posture,3496.0,3582.0,86.0,stand,BRP1_25008_REC101112_2025-12-12-10-02-11,246.1,,True,True,3742.1,3828.1
25008,11A,BRP1_25008_Obs11A_EDITED.txt,posture,3582.0,3618.713,36.713,sit,BRP1_25008_REC101112_2025-12-12-10-02-11,246.1,,True,True,3828.1,3864.813
25008,11A,BRP1_25008_Obs11A_EDITED.txt,posture,3618.713,3635.931,17.218,recline back,BRP1_25008_REC101112_2025-12-12-10-02-11,246.1,,True,True,3864.813,3882.031
25008,11A,BRP1_25008_Obs11A_EDITED.txt,posture,3635.931,3652.0,16.069,sit,BRP1_25008_REC101112_2025-12-12-10-02-11,246.1,,True,True,3882.031,3898.1
25008,12A,BRP1_25008_Obs12A_EDITED.txt,posture,0.0,436.0,436.0,on back,BRP1_25008_REC101112_2025-12-17-10-23-32,,NO LB TONE: Find alternate way to align,True,False,,
25008,12A,BRP1_25008_Obs12A_EDITED.txt,posture,436.0,441.0,5.0,on side,BRP1_25008_REC101112_2025-12-17-10-23-32,,NO LB TONE: Find alternate way to align,True,False,,
25008,12A,BRP1_25008_Obs12A_EDITED.txt,posture,441.0,606.0,165.0,on back,BRP1_25008_REC101112_2025-12-17-10-23-32,,NO LB TONE: Find alternate way to align,True,False,,
25008,12A,BRP1_25008_Obs12A_EDITED.txt,posture,606.0,610.0,4.0,on side,BRP1_25008_REC101112_2025-12-17-10-23-32,,NO LB TONE: Find alternate way to align,True,False,,
25008,12A,BRP1_25008_Obs12A_EDITED.txt,posture,610.0,621.0,11.0,on back,BRP1_25008_REC101112_2025-12-17-10-23-32,,NO LB TONE: Find alternate way to align,True,False,,
25008,12A,BRP1_25008_Obs12A_EDITED.txt,posture,621.0,623.0,2.0,on side,BRP1_25008_REC101112_2025-12-17-10-23-32,,NO LB TONE: Find alternate way to align,True,False,,
25008,12A,BRP1_25008_Obs12A_EDITED.txt,posture,623.0,633.0,10.0,on back,BRP1_25008_REC101112_2025-12-17-10-23-32,,NO LB TONE: Find alternate way to align,True,False,,
25008,12A,BRP1_25008_Obs12A_EDITED.txt,posture,633.0,635.726,2.726,on side,BRP1_25008_REC101112_2025-12-17-10-23-32,,NO LB TONE: Find alternate way to align,True,False,,
25008,12A,BRP1_25008_Obs12A_EDITED.txt,posture,635.726,638.027,2.301,on back,BRP1_25008_REC101112_2025-12-17-10-23-32,,NO LB TONE: Find alternate way to align,True,False,,
25008,12A,BRP1_25008_Obs12A_EDITED.txt,posture,638.027,667.0,28.973,on back,BRP1_25008_REC101112_2025-12-17-10-23-32,,NO LB TONE: Find alternate way to align,True,False,,
25008,12A,BRP1_25008_Obs12A_EDITED.txt,posture,667.0,718.0,51.0,sit,BRP1_25008_REC101112_2025-12-17-10-23-32,,NO LB TONE: Find alternate way to align,True,False,,
25008,12A,BRP1_25008_Obs12A_EDITED.txt,posture,718.0,725.0,7.0,on back,BRP1_25008_REC101112_2025-12-17-10-23-32,,NO LB TONE: Find alternate way to align,True,False,,
25008,12A,BRP1_25008_Obs12A_EDITED.txt,posture,725.0,782.0,57.0,sit,BRP1_25008_REC101112_2025-12-17-10-23-32,,NO LB TONE: Find alternate way to align,True,False,,
25008,12A,BRP1_25008_Obs12A_EDITED.txt,posture,782.0,1514.0,732.0,on stomach,BRP1_25008_REC101112_2025-12-17-10-23-32,,NO LB TONE: Find alternate way to align,True,False,,
25008,12A,BRP1_25008_Obs12A_EDITED.txt,posture,1514.0,1635.0,121.0,sit,BRP1_25008_REC101112_2025-12-17-10-23-32,,NO LB TONE: Find alternate way to align,True,False,,
25008,12A,BRP1_25008_Obs12A_EDITED.txt,posture,1635.0,1643.0,8.0,stand,BRP1_25008_REC101112_2025-12-17-10-23-32,,NO LB TONE: Find alternate way to align,True,False,,
25008,12A,BRP1_25008_Obs12A_EDITED.txt,posture,1643.0,1672.0,29.0,sit,BRP1_25008_REC101112_2025-12-17-10-23-32,,NO LB TONE: Find alternate way to align,True,False,,
25008,12A,BRP1_25008_Obs12A_EDITED.txt,posture,1672.0,1735.0,63.0,on back,BRP1_25008_REC101112_2025-12-17-10-23-32,,NO LB TONE: Find alternate way to align,True,False,,
25008,12A,BRP1_25008_Obs12A_EDITED.txt,posture,1735.0,1806.0,71.0,sit,BRP1_25008_REC101112_2025-12-17-10-23-32,,NO LB TONE: Find alternate way to align,True,False,,
25008,12A,BRP1_25008_Obs12A_EDITED.txt,posture,1806.0,1816.0,10.0,stand,BRP1_25008_REC101112_2025-12-17-10-23-32,,NO LB TONE: Find alternate way to align,True,False,,
25008,12A,BRP1_25008_Obs12A_EDITED.txt,posture,1816.0,1886.0,70.0,stand,BRP1_25008_REC101112_2025-12-17-10-23-32,,NO LB TONE: Find alternate way to align,True,False,,
25008,12A,BRP1_25008_Obs12A_EDITED.txt,posture,1886.0,1914.0,28.0,stand,BRP1_25008_REC101112_2025-12-17-10-23-32,,NO LB TONE: Find alternate way to align,True,False,,
25008,12A,BRP1_25008_Obs12A_EDITED.txt,posture,1914.0,1959.0,45.0,sit,BRP1_25008_REC101112_2025-12-17-10-23-32,,NO LB TONE: Find alternate way to align,True,False,,
25008,12A,BRP1_25008_Obs12A_EDITED.txt,posture,1959.0,1960.0,1.0,on back,BRP1_25008_REC101112_2025-12-17-10-23-32,,NO LB TONE: Find alternate way to align,True,False,,
25008,12A,BRP1_25008_Obs12A_EDITED.txt,posture,1960.0,2186.0,226.0,on stomach,BRP1_25008_REC101112_2025-12-17-10-23-32,,NO LB TONE: Find alternate way to align,True,False,,
25008,12A,BRP1_25008_Obs12A_EDITED.txt,posture,2186.0,2201.0,15.0,on back,BRP1_25008_REC101112_2025-12-17-10-23-32,,NO LB TONE: Find alternate way to align,True,False,,
25008,12A,BRP1_25008_Obs12A_EDITED.txt,posture,2201.0,2239.0,38.0,stand,BRP1_25008_REC101112_2025-12-17-10-23-32,,NO LB TONE: Find alternate way to align,True,False,,
25008,12A,BRP1_25008_Obs12A_EDITED.txt,posture,2239.0,2746.0,507.0,recline back,BRP1_25008_REC101112_2025-12-17-10-23-32,,NO LB TONE: Find alternate way to align,True,False,,
25008,12A,BRP1_25008_Obs12A_EDITED.txt,posture,2746.0,2767.0,21.0,sit,BRP1_25008_REC101112_2025-12-17-10-23-32,,NO LB TONE: Find alternate way to align,True,False,,
25008,12A,BRP1_25008_Obs12A_EDITED.txt,posture,2767.0,3277.0,510.0,on stomach,BRP1_25008_REC101112_2025-12-17-10-23-32,,NO LB TONE: Find alternate way to align,True,False,,
25008,12A,BRP1_25008_Obs12A_EDITED.txt,posture,3277.0,3591.0,314.0,sit,BRP1_25008_REC101112_2025-12-17-10-23-32,,NO LB TONE: Find alternate way to align,True,False,,
25008,13A,BRP1_25008_Obs13A_EDITED.txt,posture,0.0,402.0,402.0,on stomach,BRP1_25008_REC131415_2026-01-07-09-44-12,629.36,,True,True,629.36,1031.3600000000001
25008,13A,BRP1_25008_Obs13A_EDITED.txt,posture,402.0,406.0,4.0,sit,BRP1_25008_REC131415_2026-01-07-09-44-12,629.36,,True,True,1031.3600000000001,1035.3600000000001
25008,13A,BRP1_25008_Obs13A_EDITED.txt,posture,406.0,435.343,29.343,on back,BRP1_25008_REC131415_2026-01-07-09-44-12,629.36,,True,True,1035.3600000000001,1064.703
25008,13A,BRP1_25008_Obs13A_EDITED.txt,posture,435.343,564.093,128.75,sit,BRP1_25008_REC131415_2026-01-07-09-44-12,629.36,,True,True,1064.703,1193.453
25008,13A,BRP1_25008_Obs13A_EDITED.txt,posture,564.093,584.973,20.88,stand,BRP1_25008_REC131415_2026-01-07-09-44-12,629.36,,True,True,1193.453,1214.333
25008,13A,BRP1_25008_Obs13A_EDITED.txt,posture,584.973,592.597,7.624,sit,BRP1_25008_REC131415_2026-01-07-09-44-12,629.36,,True,True,1214.333,1221.9569999999999
25008,13A,BRP1_25008_Obs13A_EDITED.txt,posture,592.597,663.75,71.153,recline back,BRP1_25008_REC131415_2026-01-07-09-44-12,629.36,,True,True,1221.9569999999999,1293.1100000000001
25008,13A,BRP1_25008_Obs13A_EDITED.txt,posture,663.75,667.683,3.933,sit,BRP1_25008_REC131415_2026-01-07-09-44-12,629.36,,True,True,1293.1100000000001,1297.0430000000001
25008,13A,BRP1_25008_Obs13A_EDITED.txt,posture,667.683,1668.656,1000.973,recline back,BRP1_25008_REC131415_2026-01-07-09-44-12,629.36,,True,True,1297.0430000000001,2298.016
25008,13A,BRP1_25008_Obs13A_EDITED.txt,posture,1668.656,2525.0,856.344,on back,BRP1_25008_REC131415_2026-01-07-09-44-12,629.36,,True,True,2298.016,3154.36
25008,13A,BRP1_25008_Obs13A_EDITED.txt,posture,2525.0,2542.0,17.0,stand,BRP1_25008_REC131415_2026-01-07-09-44-12,629.36,,True,True,3154.36,3171.36
25008,13A,BRP1_25008_Obs13A_EDITED.txt,posture,2542.0,2938.0,396.0,on back,BRP1_25008_REC131415_2026-01-07-09-44-12,629.36,,True,True,3171.36,3567.36
25008,13A,BRP1_25008_Obs13A_EDITED.txt,posture,2938.0,3617.0,679.0,on stomach,BRP1_25008_REC131415_2026-01-07-09-44-12,629.36,,True,True,3567.36,4246.36
25008,14A,BRP1_25008_Obs14A_EDITED.txt,posture,0.0,214.0,214.0,on stomach,BRP1_25008_REC131415_2026-01-09-09-45-38,217.32,,True,True,217.32,431.32
25008,14A,BRP1_25008_Obs14A_EDITED.txt,posture,214.0,231.0,17.0,on back,BRP1_25008_REC131415_2026-01-09-09-45-38,217.32,,True,True,431.32,448.32
25008,14A,BRP1_25008_Obs14A_EDITED.txt,posture,231.0,454.0,223.0,recline back,BRP1_25008_REC131415_2026-01-09-09-45-38,217.32,,True,True,448.32,671.3199999999999
25008,14A,BRP1_25008_Obs14A_EDITED.txt,posture,454.0,506.0,52.0,recline back,BRP1_25008_REC131415_2026-01-09-09-45-38,217.32,,True,True,671.3199999999999,723.3199999999999
25008,14A,BRP1_25008_Obs14A_EDITED.txt,posture,506.0,663.0,157.0,recline back,BRP1_25008_REC131415_2026-01-09-09-45-38,217.32,,True,True,723.3199999999999,880.3199999999999
25008,14A,BRP1_25008_Obs14A_EDITED.txt,posture,663.0,666.0,3.0,sit,BRP1_25008_REC131415_2026-01-09-09-45-38,217.32,,True,True,880.3199999999999,883.3199999999999
25008,14A,BRP1_25008_Obs14A_EDITED.txt,posture,666.0,669.0,3.0,stand,BRP1_25008_REC131415_2026-01-09-09-45-38,217.32,,True,True,883.3199999999999,886.3199999999999
25008,14A,BRP1_25008_Obs14A_EDITED.txt,posture,669.0,761.0,92.0,recline back,BRP1_25008_REC131415_2026-01-09-09-45-38,217.32,,True,True,886.3199999999999,978.3199999999999
25008,14A,BRP1_25008_Obs14A_EDITED.txt,posture,761.0,833.0,72.0,recline back,BRP1_25008_REC131415_2026-01-09-09-45-38,217.32,,True,True,978.3199999999999,1050.32
25008,14A,BRP1_25008_Obs14A_EDITED.txt,posture,833.0,845.0,12.0,recline back,BRP1_25008_REC131415_2026-01-09-09-45-38,217.32,,True,True,1050.32,1062.32
25008,14A,BRP1_25008_Obs14A_EDITED.txt,posture,845.0,1262.0,417.0,recline back,BRP1_25008_REC131415_2026-01-09-09-45-38,217.32,,True,True,1062.32,1479.32
25008,14A,BRP1_25008_Obs14A_EDITED.txt,posture,1262.0,1312.0,50.0,on back,BRP1_25008_REC131415_2026-01-09-09-45-38,217.32,,True,True,1479.32,1529.32
25008,14A,BRP1_25008_Obs14A_EDITED.txt,posture,1312.0,1415.0,103.0,recline back,BRP1_25008_REC131415_2026-01-09-09-45-38,217.32,,True,True,1529.32,1632.32
25008,14A,BRP1_25008_Obs14A_EDITED.txt,posture,1415.0,1458.0,43.0,on back,BRP1_25008_REC131415_2026-01-09-09-45-38,217.32,,True,True,1632.32,1675.32
25008,14A,BRP1_25008_Obs14A_EDITED.txt,posture,1458.0,1881.0,423.0,recline back,BRP1_25008_REC131415_2026-01-09-09-45-38,217.32,,True,True,1675.32,2098.32
25008,14A,BRP1_25008_Obs14A_EDITED.txt,posture,1881.0,1940.0,59.0,on back,BRP1_25008_REC131415_2026-01-09-09-45-38,217.32,,True,True,2098.32,2157.32
25008,14A,BRP1_25008_Obs14A_EDITED.txt,posture,1940.0,1985.0,45.0,recline back,BRP1_25008_REC131415_2026-01-09-09-45-38,217.32,,True,True,2157.32,2202.32
25008,14A,BRP1_25008_Obs14A_EDITED.txt,posture,1985.0,2441.0,456.0,on back,BRP1_25008_REC131415_2026-01-09-09-45-38,217.32,,True,True,2202.32,2658.32
25008,14A,BRP1_25008_Obs14A_EDITED.txt,posture,2441.0,2464.0,23.0,on back,BRP1_25008_REC131415_2026-01-09-09-45-38,217.32,,True,True,2658.32,2681.32
25008,14A,BRP1_25008_Obs14A_EDITED.txt,posture,2464.0,2487.0,23.0,on back,BRP1_25008_REC131415_2026-01-09-09-45-38,217.32,,True,True,2681.32,2704.32
25008,14A,BRP1_25008_Obs14A_EDITED.txt,posture,2487.0,2489.0,2.0,stand,BRP1_25008_REC131415_2026-01-09-09-45-38,217.32,,True,True,2704.32,2706.32
25008,14A,BRP1_25008_Obs14A_EDITED.txt,posture,2489.0,2512.0,23.0,stand,BRP1_25008_REC131415_2026-01-09-09-45-38,217.32,,True,True,2706.32,2729.32
25008,14A,BRP1_25008_Obs14A_EDITED.txt,posture,2512.0,2576.0,64.0,recline back,BRP1_25008_REC131415_2026-01-09-09-45-38,217.32,,True,True,2729.32,2793.32
25008,14A,BRP1_25008_Obs14A_EDITED.txt,posture,2576.0,2662.0,86.0,sit,BRP1_25008_REC131415_2026-01-09-09-45-38,217.32,,True,True,2793.32,2879.32
25008,14A,BRP1_25008_Obs14A_EDITED.txt,posture,2662.0,2682.0,20.0,recline back,BRP1_25008_REC131415_2026-01-09-09-45-38,217.32,,True,True,2879.32,2899.32
25008,14A,BRP1_25008_Obs14A_EDITED.txt,posture,2682.0,2689.0,7.0,sit,BRP1_25008_REC131415_2026-01-09-09-45-38,217.32,,True,True,2899.32,2906.32
25008,14A,BRP1_25008_Obs14A_EDITED.txt,posture,2689.0,2904.0,215.0,recline back,BRP1_25008_REC131415_2026-01-09-09-45-38,217.32,,True,True,2906.32,3121.32
25008,14A,BRP1_25008_Obs14A_EDITED.txt,posture,2904.0,2909.0,5.0,sit,BRP1_25008_REC131415_2026-01-09-09-45-38,217.32,,True,True,3121.32,3126.32
25008,14A,BRP1_25008_Obs14A_EDITED.txt,posture,2909.0,2955.0,46.0,recline back,BRP1_25008_REC131415_2026-01-09-09-45-38,217.32,,True,True,3126.32,3172.32
25008,14A,BRP1_25008_Obs14A_EDITED.txt,posture,2955.0,2995.0,40.0,sit,BRP1_25008_REC131415_2026-01-09-09-45-38,217.32,,True,True,3172.32,3212.32
25008,14A,BRP1_25008_Obs14A_EDITED.txt,posture,2995.0,3014.0,19.0,on back,BRP1_25008_REC131415_2026-01-09-09-45-38,217.32,,True,True,3212.32,3231.32
25008,14A,BRP1_25008_Obs14A_EDITED.txt,posture,3014.0,3016.0,2.0,on side,BRP1_25008_REC131415_2026-01-09-09-45-38,217.32,,True,True,3231.32,3233.32
25008,14A,BRP1_25008_Obs14A_EDITED.txt,posture,3016.0,3661.0,645.0,on stomach,BRP1_25008_REC131415_2026-01-09-09-45-38,217.32,,True,True,3233.32,3878.32
25008,15A,BRP1_25008_Obs15A_EDITED.txt,posture,0.0,430.388,430.388,recline back,BRP1_25008_REC131415_2026-01-13-09-41-56,367.182,,True,True,367.182,797.5699999999999
25008,15A,BRP1_25008_Obs15A_EDITED.txt,posture,430.388,865.008,434.62,on back,BRP1_25008_REC131415_2026-01-13-09-41-56,367.182,,True,True,797.5699999999999,1232.19
25008,15A,BRP1_25008_Obs15A_EDITED.txt,posture,865.008,867.642,2.634,on side,BRP1_25008_REC131415_2026-01-13-09-41-56,367.182,,True,True,1232.19,1234.824
25008,15A,BRP1_25008_Obs15A_EDITED.txt,posture,867.642,911.389,43.747,on back,BRP1_25008_REC131415_2026-01-13-09-41-56,367.182,,True,True,1234.824,1278.571
25008,15A,BRP1_25008_Obs15A_EDITED.txt,posture,911.389,939.575,28.186,stand,BRP1_25008_REC131415_2026-01-13-09-41-56,367.182,,True,True,1278.571,1306.757
25008,15A,BRP1_25008_Obs15A_EDITED.txt,posture,939.575,1117.22,177.645,on back,BRP1_25008_REC131415_2026-01-13-09-41-56,367.182,,True,True,1306.757,1484.402
25008,15A,BRP1_25008_Obs15A_EDITED.txt,posture,1117.22,1272.218,154.998,sit,BRP1_25008_REC131415_2026-01-13-09-41-56,367.182,,True,True,1484.402,1639.4
25008,15A,BRP1_25008_Obs15A_EDITED.txt,posture,1272.218,1620.0,347.782,on back,BRP1_25008_REC131415_2026-01-13-09-41-56,367.182,,True,True,1639.4,1987.182
25008,15A,BRP1_25008_Obs15A_EDITED.txt,posture,1620.0,1649.401,29.401,on side,BRP1_25008_REC131415_2026-01-13-09-41-56,367.182,,True,True,1987.182,2016.583
25008,15A,BRP1_25008_Obs15A_EDITED.txt,posture,1649.401,1834.04,184.639,on back,BRP1_25008_REC131415_2026-01-13-09-41-56,367.182,,True,True,2016.583,2201.2219999999998
25008,15A,BRP1_25008_Obs15A_EDITED.txt,posture,1834.04,1838.0,3.96,on side,BRP1_25008_REC131415_2026-01-13-09-41-56,367.182,,True,True,2201.2219999999998,2205.182
25008,15A,BRP1_25008_Obs15A_EDITED.txt,posture,1838.0,1944.232,106.232,on back,BRP1_25008_REC131415_2026-01-13-09-41-56,367.182,,True,True,2205.182,2311.4139999999998
25008,15A,BRP1_25008_Obs15A_EDITED.txt,posture,1944.232,1945.949,1.717,sit,BRP1_25008_REC131415_2026-01-13-09-41-56,367.182,,True,True,2311.4139999999998,2313.1310000000003
25008,15A,BRP1_25008_Obs15A_EDITED.txt,posture,1945.949,2158.06,212.111,recline back,BRP1_25008_REC131415_2026-01-13-09-41-56,367.182,,True,True,2313.1310000000003,2525.242
25008,15A,BRP1_25008_Obs15A_EDITED.txt,posture,2158.06,2161.791,3.731,on back,BRP1_25008_REC131415_2026-01-13-09-41-56,367.182,,True,True,2525.242,2528.973
25008,15A,BRP1_25008_Obs15A_EDITED.txt,posture,2161.791,2170.292,8.501,on side,BRP1_25008_REC131415_2026-01-13-09-41-56,367.182,,True,True,2528.973,2537.474
25008,15A,BRP1_25008_Obs15A_EDITED.txt,posture,2170.292,2176.72,6.428,on back,BRP1_25008_REC131415_2026-01-13-09-41-56,367.182,,True,True,2537.474,2543.902
25008,15A,BRP1_25008_Obs15A_EDITED.txt,posture,2176.72,2182.317,5.597,on side,BRP1_25008_REC131415_2026-01-13-09-41-56,367.182,,True,True,2543.902,2549.499
25008,15A,BRP1_25008_Obs15A_EDITED.txt,posture,2182.317,2198.117,15.8,on back,BRP1_25008_REC131415_2026-01-13-09-41-56,367.182,,True,True,2549.499,2565.299
25008,15A,BRP1_25008_Obs15A_EDITED.txt,posture,2198.117,2218.0,19.883,on side,BRP1_25008_REC131415_2026-01-13-09-41-56,367.182,,True,True,2565.299,2585.182
25008,15A,BRP1_25008_Obs15A_EDITED.txt,posture,2218.0,3613.0,1395.0,on stomach,BRP1_25008_REC131415_2026-01-13-09-41-56,367.182,,True,True,2585.182,3980.182
25008,1A,BRP1_25008_Obs1A_EDITED.txt,position,0.0,15.0,15.0,on back,BRP1_25008_REC123_2025-10-02-09-36-30,2141.875,,True,True,2141.875,2156.875
25008,1A,BRP1_25008_Obs1A_EDITED.txt,position,15.0,93.0,78.0,sit,BRP1_25008_REC123_2025-10-02-09-36-30,2141.875,,True,True,2156.875,2234.875
25008,1A,BRP1_25008_Obs1A_EDITED.txt,position,93.0,115.0,22.0,recline back,BRP1_25008_REC123_2025-10-02-09-36-30,2141.875,,True,True,2234.875,2256.875
25008,1A,BRP1_25008_Obs1A_EDITED.txt,position,115.0,306.0,191.0,sit,BRP1_25008_REC123_2025-10-02-09-36-30,2141.875,,True,True,2256.875,2447.875
25008,1A,BRP1_25008_Obs1A_EDITED.txt,position,306.0,319.0,13.0,sit,BRP1_25008_REC123_2025-10-02-09-36-30,2141.875,,True,True,2447.875,2460.875
25008,1A,BRP1_25008_Obs1A_EDITED.txt,position,319.0,370.0,51.0,on stomach,BRP1_25008_REC123_2025-10-02-09-36-30,2141.875,,True,True,2460.875,2511.875
25008,1A,BRP1_25008_Obs1A_EDITED.txt,position,370.0,376.0,6.0,sit,BRP1_25008_REC123_2025-10-02-09-36-30,2141.875,,True,True,2511.875,2517.875
25008,1A,BRP1_25008_Obs1A_EDITED.txt,position,376.0,470.0,94.0,on stomach,BRP1_25008_REC123_2025-10-02-09-36-30,2141.875,,True,True,2517.875,2611.875
25008,1A,BRP1_25008_Obs1A_EDITED.txt,position,470.0,1019.0,549.0,on back,BRP1_25008_REC123_2025-10-02-09-36-30,2141.875,,True,True,2611.875,3160.875
25008,1A,BRP1_25008_Obs1A_EDITED.txt,position,1019.0,1047.0,28.0,on side,BRP1_25008_REC123_2025-10-02-09-36-30,2141.875,,True,True,3160.875,3188.875
25008,1A,BRP1_25008_Obs1A_EDITED.txt,position,1047.0,1067.0,20.0,on back,BRP1_25008_REC123_2025-10-02-09-36-30,2141.875,,True,True,3188.875,3208.875
25008,1A,BRP1_25008_Obs1A_EDITED.txt,position,1067.0,1091.0,24.0,on side,BRP1_25008_REC123_2025-10-02-09-36-30,2141.875,,True,True,3208.875,3232.875
25008,1A,BRP1_25008_Obs1A_EDITED.txt,position,1091.0,1096.0,5.0,on back,BRP1_25008_REC123_2025-10-02-09-36-30,2141.875,,True,True,3232.875,3237.875
25008,1A,BRP1_25008_Obs1A_EDITED.txt,position,1096.0,1295.0,199.0,sit,BRP1_25008_REC123_2025-10-02-09-36-30,2141.875,,True,True,3237.875,3436.875
25008,1A,BRP1_25008_Obs1A_EDITED.txt,position,1295.0,1415.0,120.0,on back,BRP1_25008_REC123_2025-10-02-09-36-30,2141.875,,True,True,3436.875,3556.875
25008,1A,BRP1_25008_Obs1A_EDITED.txt,position,1415.0,1660.0,245.0,recline back,BRP1_25008_REC123_2025-10-02-09-36-30,2141.875,,True,True,3556.875,3801.875
25008,1A,BRP1_25008_Obs1A_EDITED.txt,position,1660.0,1742.0,82.0,stand,BRP1_25008_REC123_2025-10-02-09-36-30,2141.875,,True,True,3801.875,3883.875
25008,1A,BRP1_25008_Obs1A_EDITED.txt,position,1742.0,1812.0,70.0,recline back,BRP1_25008_REC123_2025-10-02-09-36-30,2141.875,,True,True,3883.875,3953.875
25008,1A,BRP1_25008_Obs1A_EDITED.txt,position,1812.0,1860.0,48.0,sit,BRP1_25008_REC123_2025-10-02-09-36-30,2141.875,,True,True,3953.875,4001.875
25008,1A,BRP1_25008_Obs1A_EDITED.txt,position,1860.0,1865.0,5.0,sit,BRP1_25008_REC123_2025-10-02-09-36-30,2141.875,,True,True,4001.875,4006.875
25008,1A,BRP1_25008_Obs1A_EDITED.txt,position,1865.0,1878.0,13.0,sit,BRP1_25008_REC123_2025-10-02-09-36-30,2141.875,,True,True,4006.875,4019.875
25008,1A,BRP1_25008_Obs1A_EDITED.txt,position,1878.0,1906.0,28.0,sit,BRP1_25008_REC123_2025-10-02-09-36-30,2141.875,,True,True,4019.875,4047.875
25008,1A,BRP1_25008_Obs1A_EDITED.txt,position,1906.0,1916.0,10.0,sit,BRP1_25008_REC123_2025-10-02-09-36-30,2141.875,,True,True,4047.875,4057.875
25008,1A,BRP1_25008_Obs1A_EDITED.txt,position,1916.0,1954.0,38.0,sit,BRP1_25008_REC123_2025-10-02-09-36-30,2141.875,,True,True,4057.875,4095.875
25008,1A,BRP1_25008_Obs1A_EDITED.txt,position,1954.0,2070.0,116.0,sit,BRP1_25008_REC123_2025-10-02-09-36-30,2141.875,,True,True,4095.875,4211.875
25008,1A,BRP1_25008_Obs1A_EDITED.txt,position,2070.0,2073.0,3.0,sit,BRP1_25008_REC123_2025-10-02-09-36-30,2141.875,,True,True,4211.875,4214.875
25008,1A,BRP1_25008_Obs1A_EDITED.txt,position,2073.0,2078.0,5.0,sit,BRP1_25008_REC123_2025-10-02-09-36-30,2141.875,,True,True,4214.875,4219.875
25008,1A,BRP1_25008_Obs1A_EDITED.txt,position,2078.0,2122.0,44.0,on back,BRP1_25008_REC123_2025-10-02-09-36-30,2141.875,,True,True,4219.875,4263.875
25008,1A,BRP1_25008_Obs1A_EDITED.txt,position,2122.0,2158.0,36.0,on back,BRP1_25008_REC123_2025-10-02-09-36-30,2141.875,,True,True,4263.875,4299.875
25008,1A,BRP1_25008_Obs1A_EDITED.txt,position,2158.0,2166.0,8.0,on side,BRP1_25008_REC123_2025-10-02-09-36-30,2141.875,,True,True,4299.875,4307.875
25008,1A,BRP1_25008_Obs1A_EDITED.txt,position,2166.0,2174.0,8.0,on back,BRP1_25008_REC123_2025-10-02-09-36-30,2141.875,,True,True,4307.875,4315.875
25008,1A,BRP1_25008_Obs1A_EDITED.txt,position,2174.0,2190.0,16.0,sit,BRP1_25008_REC123_2025-10-02-09-36-30,2141.875,,True,True,4315.875,4331.875
25008,1A,BRP1_25008_Obs1A_EDITED.txt,position,2190.0,2212.0,22.0,sit,BRP1_25008_REC123_2025-10-02-09-36-30,2141.875,,True,True,4331.875,4353.875
25008,1A,BRP1_25008_Obs1A_EDITED.txt,position,2212.0,2629.0,417.0,sit,BRP1_25008_REC123_2025-10-02-09-36-30,2141.875,,True,True,4353.875,4770.875
25008,1A,BRP1_25008_Obs1A_EDITED.txt,position,2629.0,2647.0,18.0,recline back,BRP1_25008_REC123_2025-10-02-09-36-30,2141.875,,True,True,4770.875,4788.875
25008,1A,BRP1_25008_Obs1A_EDITED.txt,position,2647.0,2759.0,112.0,sit,BRP1_25008_REC123_2025-10-02-09-36-30,2141.875,,True,True,4788.875,4900.875
25008,1A,BRP1_25008_Obs1A_EDITED.txt,position,2759.0,2810.0,51.0,sit,BRP1_25008_REC123_2025-10-02-09-36-30,2141.875,,True,True,4900.875,4951.875
25008,1A,BRP1_25008_Obs1A_EDITED.txt,position,2810.0,2876.0,66.0,sit,BRP1_25008_REC123_2025-10-02-09-36-30,2141.875,,True,True,4951.875,5017.875
25008,1A,BRP1_25008_Obs1A_EDITED.txt,position,2876.0,2978.0,102.0,sit,BRP1_25008_REC123_2025-10-02-09-36-30,2141.875,,True,True,5017.875,5119.875
25008,1A,BRP1_25008_Obs1A_EDITED.txt,position,2978.0,2982.771,4.771,recline back,BRP1_25008_REC123_2025-10-02-09-36-30,2141.875,,True,True,5119.875,5124.646000000001
25008,1A,BRP1_25008_Obs1A_EDITED.txt,position,2982.771,3144.0,161.229,stand,BRP1_25008_REC123_2025-10-02-09-36-30,2141.875,,True,True,5124.646000000001,5285.875
25008,1A,BRP1_25008_Obs1A_EDITED.txt,position,3144.0,3259.0,115.0,sit,BRP1_25008_REC123_2025-10-02-09-36-30,2141.875,,True,True,5285.875,5400.875
25008,1A,BRP1_25008_Obs1A_EDITED.txt,position,3259.0,3398.0,139.0,sit,BRP1_25008_REC123_2025-10-02-09-36-30,2141.875,,True,True,5400.875,5539.875
25008,1A,BRP1_25008_Obs1A_EDITED.txt,position,3398.0,3505.0,107.0,on back,BRP1_25008_REC123_2025-10-02-09-36-30,2141.875,,True,True,5539.875,5646.875
25008,1A,BRP1_25008_Obs1A_EDITED.txt,position,3505.0,3508.0,3.0,on side,BRP1_25008_REC123_2025-10-02-09-36-30,2141.875,,True,True,5646.875,5649.875
25008,1A,BRP1_25008_Obs1A_EDITED.txt,position,3508.0,3524.0,16.0,on back,BRP1_25008_REC123_2025-10-02-09-36-30,2141.875,,True,True,5649.875,5665.875
25008,1A,BRP1_25008_Obs1A_EDITED.txt,position,3524.0,3532.0,8.0,on side,BRP1_25008_REC123_2025-10-02-09-36-30,2141.875,,True,True,5665.875,5673.875
25008,1A,BRP1_25008_Obs1A_EDITED.txt,position,3532.0,3541.0,9.0,on back,BRP1_25008_REC123_2025-10-02-09-36-30,2141.875,,True,True,5673.875,5682.875
25008,1A,BRP1_25008_Obs1A_EDITED.txt,position,3541.0,3548.0,7.0,on side,BRP1_25008_REC123_2025-10-02-09-36-30,2141.875,,True,True,5682.875,5689.875
25008,1A,BRP1_25008_Obs1A_EDITED.txt,position,3548.0,3564.0,16.0,on back,BRP1_25008_REC123_2025-10-02-09-36-30,2141.875,,True,True,5689.875,5705.875
25008,2A,BRP1_25008_Obs2A_EDITED.txt,posture,0.0,116.655,116.655,on stomach,BRP1_25008_REC123_2025-10-09-09-39-05,525.481,,True,True,525.481,642.136
25008,2A,BRP1_25008_Obs2A_EDITED.txt,posture,116.655,292.398,175.743,on back,BRP1_25008_REC123_2025-10-09-09-39-05,525.481,,True,True,642.136,817.879
25008,2A,BRP1_25008_Obs2A_EDITED.txt,posture,292.398,296.0,3.602,recline back,BRP1_25008_REC123_2025-10-09-09-39-05,525.481,,True,True,817.879,821.481
25008,2A,BRP1_25008_Obs2A_EDITED.txt,posture,296.0,752.0,456.0,recline back,BRP1_25008_REC123_2025-10-09-09-39-05,525.481,,True,True,821.481,1277.481
25008,2A,BRP1_25008_Obs2A_EDITED.txt,posture,752.0,2493.268,1741.268,recline back,BRP1_25008_REC123_2025-10-09-09-39-05,525.481,,True,True,1277.481,3018.749
25008,2A,BRP1_25008_Obs2A_EDITED.txt,posture,2493.268,2510.119,16.851,sit,BRP1_25008_REC123_2025-10-09-09-39-05,525.481,,True,True,3018.749,3035.6000000000004
25008,2A,BRP1_25008_Obs2A_EDITED.txt,posture,2510.119,2982.535,472.416,recline back,BRP1_25008_REC123_2025-10-09-09-39-05,525.481,,True,True,3035.6000000000004,3508.0159999999996
25008,2A,BRP1_25008_Obs2A_EDITED.txt,posture,2982.535,3253.392,270.857,on stomach,BRP1_25008_REC123_2025-10-09-09-39-05,525.481,,True,True,3508.0159999999996,3778.8729999999996
25008,2A,BRP1_25008_Obs2A_EDITED.txt,posture,3253.392,3254.493,1.101,stand,BRP1_25008_REC123_2025-10-09-09-39-05,525.481,,True,True,3778.8729999999996,3779.974
25008,2A,BRP1_25008_Obs2A_EDITED.txt,posture,3254.493,3555.0,300.507,sit,BRP1_25008_REC123_2025-10-09-09-39-05,525.481,,True,True,3779.974,4080.4809999999998
25008,3A,BRP1_25008_Obs3A_EDITED.txt,posture,0.0,1973.0,1973.0,on stomach,BRP1_25008_REC123_2025-10-16-09-41-05,298.469,,True,True,298.469,2271.469
25008,3A,BRP1_25008_Obs3A_EDITED.txt,posture,1973.0,2017.0,44.0,on back,BRP1_25008_REC123_2025-10-16-09-41-05,298.469,,True,True,2271.469,2315.469
25008,3A,BRP1_25008_Obs3A_EDITED.txt,posture,2017.0,2036.0,19.0,recline back,BRP1_25008_REC123_2025-10-16-09-41-05,298.469,,True,True,2315.469,2334.469
25008,3A,BRP1_25008_Obs3A_EDITED.txt,posture,2036.0,2483.0,447.0,on back,BRP1_25008_REC123_2025-10-16-09-41-05,298.469,,True,True,2334.469,2781.469
25008,3A,BRP1_25008_Obs3A_EDITED.txt,posture,2483.0,2544.0,61.0,stand,BRP1_25008_REC123_2025-10-16-09-41-05,298.469,,True,True,2781.469,2842.469
25008,3A,BRP1_25008_Obs3A_EDITED.txt,posture,2544.0,2636.0,92.0,sit,BRP1_25008_REC123_2025-10-16-09-41-05,298.469,,True,True,2842.469,2934.469
25008,3A,BRP1_25008_Obs3A_EDITED.txt,posture,2636.0,2775.0,139.0,sit,BRP1_25008_REC123_2025-10-16-09-41-05,298.469,,True,True,2934.469,3073.469
25008,3A,BRP1_25008_Obs3A_EDITED.txt,posture,2775.0,2880.0,105.0,recline back,BRP1_25008_REC123_2025-10-16-09-41-05,298.469,,True,True,3073.469,3178.469
25008,3A,BRP1_25008_Obs3A_EDITED.txt,posture,2880.0,2889.0,9.0,recline back,BRP1_25008_REC123_2025-10-16-09-41-05,298.469,,True,True,3178.469,3187.469
25008,3A,BRP1_25008_Obs3A_EDITED.txt,posture,2889.0,2945.0,56.0,recline back,BRP1_25008_REC123_2025-10-16-09-41-05,298.469,,True,True,3187.469,3243.469
25008,3A,BRP1_25008_Obs3A_EDITED.txt,posture,2945.0,2958.0,13.0,recline back,BRP1_25008_REC123_2025-10-16-09-41-05,298.469,,True,True,3243.469,3256.469
25008,3A,BRP1_25008_Obs3A_EDITED.txt,posture,2958.0,3242.0,284.0,recline back,BRP1_25008_REC123_2025-10-16-09-41-05,298.469,,True,True,3256.469,3540.469
25008,3A,BRP1_25008_Obs3A_EDITED.txt,posture,3242.0,3601.0,359.0,on back,BRP1_25008_REC123_2025-10-16-09-41-05,298.469,,True,True,3540.469,3899.469
25008,4A,BRP1_25008_Obs4A_EDITED.txt,posture,0.0,114.0,114.0,on back,BRP1_25008_REC456_2025-10-29-09-38-24,368.38,,True,True,368.38,482.38
25008,4A,BRP1_25008_Obs4A_EDITED.txt,posture,114.0,116.0,2.0,on side,BRP1_25008_REC456_2025-10-29-09-38-24,368.38,,True,True,482.38,484.38
25008,4A,BRP1_25008_Obs4A_EDITED.txt,posture,116.0,133.0,17.0,on back,BRP1_25008_REC456_2025-10-29-09-38-24,368.38,,True,True,484.38,501.38
25008,4A,BRP1_25008_Obs4A_EDITED.txt,posture,133.0,594.0,461.0,on stomach,BRP1_25008_REC456_2025-10-29-09-38-24,368.38,,True,True,501.38,962.38
25008,4A,BRP1_25008_Obs4A_EDITED.txt,posture,594.0,595.0,1.0,on side,BRP1_25008_REC456_2025-10-29-09-38-24,368.38,,True,True,962.38,963.38
25008,4A,BRP1_25008_Obs4A_EDITED.txt,posture,595.0,637.655,42.655,on back,BRP1_25008_REC456_2025-10-29-09-38-24,368.38,,True,True,963.38,1006.035
25008,4A,BRP1_25008_Obs4A_EDITED.txt,posture,637.655,646.513,8.858,recline back,BRP1_25008_REC456_2025-10-29-09-38-24,368.38,,True,True,1006.035,1014.893
25008,4A,BRP1_25008_Obs4A_EDITED.txt,posture,646.513,735.0,88.487,on back,BRP1_25008_REC456_2025-10-29-09-38-24,368.38,,True,True,1014.893,1103.38
25008,4A,BRP1_25008_Obs4A_EDITED.txt,posture,735.0,744.0,9.0,sit,BRP1_25008_REC456_2025-10-29-09-38-24,368.38,,True,True,1103.38,1112.38
25008,4A,BRP1_25008_Obs4A_EDITED.txt,posture,744.0,754.0,10.0,stand,BRP1_25008_REC456_2025-10-29-09-38-24,368.38,,True,True,1112.38,1122.38
25008,4A,BRP1_25008_Obs4A_EDITED.txt,posture,754.0,764.0,10.0,stand,BRP1_25008_REC456_2025-10-29-09-38-24,368.38,,True,True,1122.38,1132.38
25008,4A,BRP1_25008_Obs4A_EDITED.txt,posture,764.0,875.0,111.0,on back,BRP1_25008_REC456_2025-10-29-09-38-24,368.38,,True,True,1132.38,1243.38
25008,4A,BRP1_25008_Obs4A_EDITED.txt,posture,875.0,878.0,3.0,sit,BRP1_25008_REC456_2025-10-29-09-38-24,368.38,,True,True,1243.38,1246.38
25008,4A,BRP1_25008_Obs4A_EDITED.txt,posture,878.0,1318.0,440.0,recline back,BRP1_25008_REC456_2025-10-29-09-38-24,368.38,,True,True,1246.38,1686.38
25008,4A,BRP1_25008_Obs4A_EDITED.txt,posture,1318.0,1324.0,6.0,stand,BRP1_25008_REC456_2025-10-29-09-38-24,368.38,,True,True,1686.38,1692.38
25008,4A,BRP1_25008_Obs4A_EDITED.txt,posture,1324.0,1326.0,2.0,sit,BRP1_25008_REC456_2025-10-29-09-38-24,368.38,,True,True,1692.38,1694.38
25008,4A,BRP1_25008_Obs4A_EDITED.txt,posture,1326.0,1342.0,16.0,stand,BRP1_25008_REC456_2025-10-29-09-38-24,368.38,,True,True,1694.38,1710.38
25008,4A,BRP1_25008_Obs4A_EDITED.txt,posture,1342.0,1395.0,53.0,sit,BRP1_25008_REC456_2025-10-29-09-38-24,368.38,,True,True,1710.38,1763.38
25008,4A,BRP1_25008_Obs4A_EDITED.txt,posture,1395.0,1490.0,95.0,on back,BRP1_25008_REC456_2025-10-29-09-38-24,368.38,,True,True,1763.38,1858.38
25008,4A,BRP1_25008_Obs4A_EDITED.txt,posture,1490.0,1491.0,1.0,stand,BRP1_25008_REC456_2025-10-29-09-38-24,368.38,,True,True,1858.38,1859.38
25008,4A,BRP1_25008_Obs4A_EDITED.txt,posture,1491.0,1517.0,26.0,stand,BRP1_25008_REC456_2025-10-29-09-38-24,368.38,,True,True,1859.38,1885.38
25008,4A,BRP1_25008_Obs4A_EDITED.txt,posture,1517.0,1783.0,266.0,recline back,BRP1_25008_REC456_2025-10-29-09-38-24,368.38,,True,True,1885.38,2151.38
25008,4A,BRP1_25008_Obs4A_EDITED.txt,posture,1783.0,1912.0,129.0,sit,BRP1_25008_REC456_2025-10-29-09-38-24,368.38,,True,True,2151.38,2280.38
25008,4A,BRP1_25008_Obs4A_EDITED.txt,posture,1912.0,1940.0,28.0,on back,BRP1_25008_REC456_2025-10-29-09-38-24,368.38,,True,True,2280.38,2308.38
25008,4A,BRP1_25008_Obs4A_EDITED.txt,posture,1940.0,1963.0,23.0,sit,BRP1_25008_REC456_2025-10-29-09-38-24,368.38,,True,True,2308.38,2331.38
25008,4A,BRP1_25008_Obs4A_EDITED.txt,posture,1963.0,2519.0,556.0,on stomach,BRP1_25008_REC456_2025-10-29-09-38-24,368.38,,True,True,2331.38,2887.38
25008,4A,BRP1_25008_Obs4A_EDITED.txt,posture,2519.0,2561.0,42.0,sit,BRP1_25008_REC456_2025-10-29-09-38-24,368.38,,True,True,2887.38,2929.38
25008,4A,BRP1_25008_Obs4A_EDITED.txt,posture,2561.0,2629.0,68.0,on stomach,BRP1_25008_REC456_2025-10-29-09-38-24,368.38,,True,True,2929.38,2997.38
25008,4A,BRP1_25008_Obs4A_EDITED.txt,posture,2629.0,2710.0,81.0,on back,BRP1_25008_REC456_2025-10-29-09-38-24,368.38,,True,True,2997.38,3078.38
25008,4A,BRP1_25008_Obs4A_EDITED.txt,posture,2710.0,2738.0,28.0,on back,BRP1_25008_REC456_2025-10-29-09-38-24,368.38,,True,True,3078.38,3106.38
25008,4A,BRP1_25008_Obs4A_EDITED.txt,posture,2738.0,2756.0,18.0,on back,BRP1_25008_REC456_2025-10-29-09-38-24,368.38,,True,True,3106.38,3124.38
25008,4A,BRP1_25008_Obs4A_EDITED.txt,posture,2756.0,2758.0,2.0,on back,BRP1_25008_REC456_2025-10-29-09-38-24,368.38,,True,True,3124.38,3126.38
25008,4A,BRP1_25008_Obs4A_EDITED.txt,posture,2758.0,2770.0,12.0,on back,BRP1_25008_REC456_2025-10-29-09-38-24,368.38,,True,True,3126.38,3138.38
25008,4A,BRP1_25008_Obs4A_EDITED.txt,posture,2770.0,2778.336,8.336,on side,BRP1_25008_REC456_2025-10-29-09-38-24,368.38,,True,True,3138.38,3146.716
25008,4A,BRP1_25008_Obs4A_EDITED.txt,posture,2778.336,2786.861,8.525,on side,BRP1_25008_REC456_2025-10-29-09-38-24,368.38,,True,True,3146.716,3155.241
25008,4A,BRP1_25008_Obs4A_EDITED.txt,posture,2786.861,2791.714,4.853,on side,BRP1_25008_REC456_2025-10-29-09-38-24,368.38,,True,True,3155.241,3160.094
25008,4A,BRP1_25008_Obs4A_EDITED.txt,posture,2791.714,2807.961,16.247,on back,BRP1_25008_REC456_2025-10-29-09-38-24,368.38,,True,True,3160.094,3176.341
25008,4A,BRP1_25008_Obs4A_EDITED.txt,posture,2807.961,2825.429,17.468,on side,BRP1_25008_REC456_2025-10-29-09-38-24,368.38,,True,True,3176.341,3193.809
25008,4A,BRP1_25008_Obs4A_EDITED.txt,posture,2825.429,2845.0,19.571,on back,BRP1_25008_REC456_2025-10-29-09-38-24,368.38,,True,True,3193.809,3213.38
25008,4A,BRP1_25008_Obs4A_EDITED.txt,posture,2845.0,2899.0,54.0,on back,BRP1_25008_REC456_2025-10-29-09-38-24,368.38,,True,True,3213.38,3267.38
25008,4A,BRP1_25008_Obs4A_EDITED.txt,posture,2899.0,2906.0,7.0,on back,BRP1_25008_REC456_2025-10-29-09-38-24,368.38,,True,True,3267.38,3274.38
25008,4A,BRP1_25008_Obs4A_EDITED.txt,posture,2906.0,2926.451,20.451,on back,BRP1_25008_REC456_2025-10-29-09-38-24,368.38,,True,True,3274.38,3294.831
25008,4A,BRP1_25008_Obs4A_EDITED.txt,posture,2926.451,2929.314,2.863,on side,BRP1_25008_REC456_2025-10-29-09-38-24,368.38,,True,True,3294.831,3297.694
25008,4A,BRP1_25008_Obs4A_EDITED.txt,posture,2929.314,2963.019,33.705,on back,BRP1_25008_REC456_2025-10-29-09-38-24,368.38,,True,True,3297.694,3331.399
25008,4A,BRP1_25008_Obs4A_EDITED.txt,posture,2963.019,2964.927,1.908,on side,BRP1_25008_REC456_2025-10-29-09-38-24,368.38,,True,True,3331.399,3333.3070000000002
25008,4A,BRP1_25008_Obs4A_EDITED.txt,posture,2964.927,2973.027,8.1,on back,BRP1_25008_REC456_2025-10-29-09-38-24,368.38,,True,True,3333.3070000000002,3341.407
25008,4A,BRP1_25008_Obs4A_EDITED.txt,posture,2973.027,3112.0,138.973,on back,BRP1_25008_REC456_2025-10-29-09-38-24,368.38,,True,True,3341.407,3480.38
25008,4A,BRP1_25008_Obs4A_EDITED.txt,posture,3112.0,3146.337,34.337,sit,BRP1_25008_REC456_2025-10-29-09-38-24,368.38,,True,True,3480.38,3514.717
25008,4A,BRP1_25008_Obs4A_EDITED.txt,posture,3146.337,3160.889,14.552,recline back,BRP1_25008_REC456_2025-10-29-09-38-24,368.38,,True,True,3514.717,3529.2690000000002
25008,4A,BRP1_25008_Obs4A_EDITED.txt,posture,3160.889,3725.0,564.111,sit,BRP1_25008_REC456_2025-10-29-09-38-24,368.38,,True,True,3529.2690000000002,4093.38
25008,4A,BRP1_25008_Obs4A_EDITED.txt,posture,3725.0,3736.0,11.0,sit,BRP1_25008_REC456_2025-10-29-09-38-24,368.38,,True,True,4093.38,4104.38
25008,4A,BRP1_25008_Obs4A_EDITED.txt,posture,3736.0,3765.0,29.0,on back,BRP1_25008_REC456_2025-10-29-09-38-24,368.38,,True,True,4104.38,4133.38
25008,5A,BRP1_25008_Obs5A_EDITED.txt,posture,0.0,346.0,346.0,on stomach,BRP1_25008_REC456_2025-11-05-10-38-40,393.05,,True,True,393.05,739.05
25008,5B,BRP1_25008_Obs5B_EDITED.txt,posture,0.0,594.0,594.0,on stomach,BRP1_25008_REC456_2025-11-05-10-38-40,1382.96,,True,True,1382.96,1976.96
25008,5B,BRP1_25008_Obs5B_EDITED.txt,posture,594.0,629.0,35.0,on back,BRP1_25008_REC456_2025-11-05-10-38-40,1382.96,,True,True,1976.96,2011.96
25008,5B,BRP1_25008_Obs5B_EDITED.txt,posture,629.0,630.0,1.0,on side,BRP1_25008_REC456_2025-11-05-10-38-40,1382.96,,True,True,2011.96,2012.96
25008,5B,BRP1_25008_Obs5B_EDITED.txt,posture,630.0,1038.0,408.0,on back,BRP1_25008_REC456_2025-11-05-10-38-40,1382.96,,True,True,2012.96,2420.96
25008,5B,BRP1_25008_Obs5B_EDITED.txt,posture,1038.0,1043.0,5.0,stand,BRP1_25008_REC456_2025-11-05-10-38-40,1382.96,,True,True,2420.96,2425.96
25008,5B,BRP1_25008_Obs5B_EDITED.txt,posture,1043.0,1753.0,710.0,recline back,BRP1_25008_REC456_2025-11-05-10-38-40,1382.96,,True,True,2425.96,3135.96
25008,5B,BRP1_25008_Obs5B_EDITED.txt,posture,1753.0,3619.0,1866.0,on back,BRP1_25008_REC456_2025-11-05-10-38-40,1382.96,,True,True,3135.96,5001.96
25008,5B,BRP1_25008_Obs5B_EDITED.txt,posture,3619.0,3632.0,13.0,on side,BRP1_25008_REC456_2025-11-05-10-38-40,1382.96,,True,True,5001.96,5014.96
25008,5B,BRP1_25008_Obs5B_EDITED.txt,posture,3632.0,3684.0,52.0,on back,BRP1_25008_REC456_2025-11-05-10-38-40,1382.96,,True,True,5014.96,5066.96
25008,6A,BRP1_25008_Obs6A_EDITED.txt,posture,0.0,63.0,63.0,on back,BRP1_25008_REC456_2025-11-14-10-40-02,248.92,,True,True,248.92,311.91999999999996
25008,6A,BRP1_25008_Obs6A_EDITED.txt,posture,63.0,88.0,25.0,on side,BRP1_25008_REC456_2025-11-14-10-40-02,248.92,,True,True,311.91999999999996,336.91999999999996
25008,6A,BRP1_25008_Obs6A_EDITED.txt,posture,88.0,90.0,2.0,on back,BRP1_25008_REC456_2025-11-14-10-40-02,248.92,,True,True,336.91999999999996,338.91999999999996
25008,6A,BRP1_25008_Obs6A_EDITED.txt,posture,90.0,94.0,4.0,on side,BRP1_25008_REC456_2025-11-14-10-40-02,248.92,,True,True,338.91999999999996,342.91999999999996
25008,6A,BRP1_25008_Obs6A_EDITED.txt,posture,94.0,127.0,33.0,on back,BRP1_25008_REC456_2025-11-14-10-40-02,248.92,,True,True,342.91999999999996,375.91999999999996
25008,6A,BRP1_25008_Obs6A_EDITED.txt,posture,127.0,128.0,1.0,on side,BRP1_25008_REC456_2025-11-14-10-40-02,248.92,,True,True,375.91999999999996,376.91999999999996
25008,6A,BRP1_25008_Obs6A_EDITED.txt,posture,128.0,286.0,158.0,on back,BRP1_25008_REC456_2025-11-14-10-40-02,248.92,,True,True,376.91999999999996,534.92
25008,6A,BRP1_25008_Obs6A_EDITED.txt,posture,286.0,445.0,159.0,sit,BRP1_25008_REC456_2025-11-14-10-40-02,248.92,,True,True,534.92,693.92
25008,6A,BRP1_25008_Obs6A_EDITED.txt,posture,445.0,538.0,93.0,on stomach,BRP1_25008_REC456_2025-11-14-10-40-02,248.92,,True,True,693.92,786.92
25008,6A,BRP1_25008_Obs6A_EDITED.txt,posture,538.0,570.0,32.0,on back,BRP1_25008_REC456_2025-11-14-10-40-02,248.92,,True,True,786.92,818.92
25008,6A,BRP1_25008_Obs6A_EDITED.txt,posture,570.0,573.0,3.0,recline back,BRP1_25008_REC456_2025-11-14-10-40-02,248.92,,True,True,818.92,821.92
25008,6A,BRP1_25008_Obs6A_EDITED.txt,posture,573.0,1142.252,569.252,recline back,BRP1_25008_REC456_2025-11-14-10-40-02,248.92,,True,True,821.92,1391.172
25008,6A,BRP1_25008_Obs6A_EDITED.txt,posture,1142.252,1158.091,15.839,recline back,BRP1_25008_REC456_2025-11-14-10-40-02,248.92,,True,True,1391.172,1407.011
25008,6A,BRP1_25008_Obs6A_EDITED.txt,posture,1158.091,3211.0,2052.909,on back,BRP1_25008_REC456_2025-11-14-10-40-02,248.92,,True,True,1407.011,3459.92
25008,6A,BRP1_25008_Obs6A_EDITED.txt,posture,3211.0,3232.0,21.0,stand,BRP1_25008_REC456_2025-11-14-10-40-02,248.92,,True,True,3459.92,3480.92
25008,6A,BRP1_25008_Obs6A_EDITED.txt,posture,3232.0,3266.0,34.0,sit,BRP1_25008_REC456_2025-11-14-10-40-02,248.92,,True,True,3480.92,3514.92
25008,6A,BRP1_25008_Obs6A_EDITED.txt,posture,3266.0,3284.0,18.0,on back,BRP1_25008_REC456_2025-11-14-10-40-02,248.92,,True,True,3514.92,3532.92
25008,6A,BRP1_25008_Obs6A_EDITED.txt,posture,3284.0,3287.0,3.0,stand,BRP1_25008_REC456_2025-11-14-10-40-02,248.92,,True,True,3532.92,3535.92
25008,6A,BRP1_25008_Obs6A_EDITED.txt,posture,3287.0,3298.0,11.0,sit,BRP1_25008_REC456_2025-11-14-10-40-02,248.92,,True,True,3535.92,3546.92
25008,6A,BRP1_25008_Obs6A_EDITED.txt,posture,3298.0,3357.0,59.0,on back,BRP1_25008_REC456_2025-11-14-10-40-02,248.92,,True,True,3546.92,3605.92
25008,6A,BRP1_25008_Obs6A_EDITED.txt,posture,3357.0,3367.076,10.076,stand,BRP1_25008_REC456_2025-11-14-10-40-02,248.92,,True,True,3605.92,3615.996
25008,6A,BRP1_25008_Obs6A_EDITED.txt,posture,3367.076,3371.018,3.942,recline back,BRP1_25008_REC456_2025-11-14-10-40-02,248.92,,True,True,3615.996,3619.938
25008,6A,BRP1_25008_Obs6A_EDITED.txt,posture,3371.018,3611.0,239.982,on back,BRP1_25008_REC456_2025-11-14-10-40-02,248.92,,True,True,3619.938,3859.92
25008,7A,BRP1_25008_Obs7A_EDITED.txt,posture,0.0,148.0,148.0,on stomach,BRP1_25008_REC789_2025-11-18-09-31-28,239.114,,True,True,239.114,387.11400000000003
25008,7A,BRP1_25008_Obs7A_EDITED.txt,posture,148.0,175.0,27.0,sit,BRP1_25008_REC789_2025-11-18-09-31-28,239.114,,True,True,387.11400000000003,414.11400000000003
25008,7A,BRP1_25008_Obs7A_EDITED.txt,posture,175.0,202.0,27.0,on back,BRP1_25008_REC789_2025-11-18-09-31-28,239.114,,True,True,414.11400000000003,441.11400000000003
25008,7A,BRP1_25008_Obs7A_EDITED.txt,posture,202.0,231.0,29.0,stand,BRP1_25008_REC789_2025-11-18-09-31-28,239.114,,True,True,441.11400000000003,470.11400000000003
25008,7A,BRP1_25008_Obs7A_EDITED.txt,posture,231.0,395.0,164.0,recline back,BRP1_25008_REC789_2025-11-18-09-31-28,239.114,,True,True,470.11400000000003,634.114
25008,7A,BRP1_25008_Obs7A_EDITED.txt,posture,395.0,477.96,82.96,stand,BRP1_25008_REC789_2025-11-18-09-31-28,239.114,,True,True,634.114,717.074
25008,7A,BRP1_25008_Obs7A_EDITED.txt,posture,477.96,491.0,13.04,recline back,BRP1_25008_REC789_2025-11-18-09-31-28,239.114,,True,True,717.074,730.114
25008,7A,BRP1_25008_Obs7A_EDITED.txt,posture,491.0,635.0,144.0,stand,BRP1_25008_REC789_2025-11-18-09-31-28,239.114,,True,True,730.114,874.114
25008,7A,BRP1_25008_Obs7A_EDITED.txt,posture,635.0,657.0,22.0,on back,BRP1_25008_REC789_2025-11-18-09-31-28,239.114,,True,True,874.114,896.114
25008,7A,BRP1_25008_Obs7A_EDITED.txt,posture,657.0,665.0,8.0,stand,BRP1_25008_REC789_2025-11-18-09-31-28,239.114,,True,True,896.114,904.114
25008,7A,BRP1_25008_Obs7A_EDITED.txt,posture,665.0,727.0,62.0,on stomach,BRP1_25008_REC789_2025-11-18-09-31-28,239.114,,True,True,904.114,966.114
25008,7A,BRP1_25008_Obs7A_EDITED.txt,posture,727.0,923.0,196.0,sit,BRP1_25008_REC789_2025-11-18-09-31-28,239.114,,True,True,966.114,1162.114
25008,7A,BRP1_25008_Obs7A_EDITED.txt,posture,923.0,1120.0,197.0,recline back,BRP1_25008_REC789_2025-11-18-09-31-28,239.114,,True,True,1162.114,1359.114
25008,7A,BRP1_25008_Obs7A_EDITED.txt,posture,1120.0,1385.0,265.0,on back,BRP1_25008_REC789_2025-11-18-09-31-28,239.114,,True,True,1359.114,1624.114
25008,7A,BRP1_25008_Obs7A_EDITED.txt,posture,1385.0,2478.0,1093.0,recline back,BRP1_25008_REC789_2025-11-18-09-31-28,239.114,,True,True,1624.114,2717.114
25008,7A,BRP1_25008_Obs7A_EDITED.txt,posture,2478.0,2571.0,93.0,stand,BRP1_25008_REC789_2025-11-18-09-31-28,239.114,,True,True,2717.114,2810.114
25008,7A,BRP1_25008_Obs7A_EDITED.txt,posture,2571.0,3340.0,769.0,sit,BRP1_25008_REC789_2025-11-18-09-31-28,239.114,,True,True,2810.114,3579.114
25008,7A,BRP1_25008_Obs7A_EDITED.txt,posture,3340.0,3520.0,180.0,stand,BRP1_25008_REC789_2025-11-18-09-31-28,239.114,,True,True,3579.114,3759.114
25008,7A,BRP1_25008_Obs7A_EDITED.txt,posture,3520.0,3598.0,78.0,on back,BRP1_25008_REC789_2025-11-18-09-31-28,239.114,,True,True,3759.114,3837.114
25008,8A,BRP1_25008_Obs8A_EDITED.txt,posture,0.0,6.0,6.0,sit,BRP1_25008_REC789_2025-12-03-10-01-58,404.48,,True,True,404.48,410.48
25008,8A,BRP1_25008_Obs8A_EDITED.txt,posture,6.0,486.0,480.0,recline back,BRP1_25008_REC789_2025-12-03-10-01-58,404.48,,True,True,410.48,890.48
25008,8A,BRP1_25008_Obs8A_EDITED.txt,posture,486.0,521.0,35.0,sit,BRP1_25008_REC789_2025-12-03-10-01-58,404.48,,True,True,890.48,925.48
25008,8A,BRP1_25008_Obs8A_EDITED.txt,posture,521.0,2457.0,1936.0,on stomach,BRP1_25008_REC789_2025-12-03-10-01-58,404.48,,True,True,925.48,2861.48
25008,8A,BRP1_25008_Obs8A_EDITED.txt,posture,2457.0,2858.0,401.0,sit,BRP1_25008_REC789_2025-12-03-10-01-58,404.48,,True,True,2861.48,3262.48
25008,8A,BRP1_25008_Obs8A_EDITED.txt,posture,2858.0,2973.0,115.0,on back,BRP1_25008_REC789_2025-12-03-10-01-58,404.48,,True,True,3262.48,3377.48
25008,8A,BRP1_25008_Obs8A_EDITED.txt,posture,2973.0,2985.0,12.0,on side,BRP1_25008_REC789_2025-12-03-10-01-58,404.48,,True,True,3377.48,3389.48
25008,8A,BRP1_25008_Obs8A_EDITED.txt,posture,2985.0,3635.0,650.0,on back,BRP1_25008_REC789_2025-12-03-10-01-58,404.48,,True,True,3389.48,4039.48
25008,9A,BRP1_25008_Obs9A_EDITED.txt,posture,0.0,1972.369,1972.369,on stomach,BRP1_25008_REC789_2025-12-05-09-35-35,341.21,,True,True,341.21,2313.5789999999997
25008,9A,BRP1_25008_Obs9A_EDITED.txt,posture,1972.369,1982.282,9.913,stand,BRP1_25008_REC789_2025-12-05-09-35-35,341.21,,True,True,2313.5789999999997,2323.4919999999997
25008,9A,BRP1_25008_Obs9A_EDITED.txt,posture,1982.282,1984.017,1.735,sit,BRP1_25008_REC789_2025-12-05-09-35-35,341.21,,True,True,2323.4919999999997,2325.227
25008,9A,BRP1_25008_Obs9A_EDITED.txt,posture,1984.017,1987.0,2.983,sit,BRP1_25008_REC789_2025-12-05-09-35-35,341.21,,True,True,2325.227,2328.21
25008,9A,BRP1_25008_Obs9A_EDITED.txt,posture,1987.0,2140.0,153.0,recline back,BRP1_25008_REC789_2025-12-05-09-35-35,341.21,,True,True,2328.21,2481.21
25008,9A,BRP1_25008_Obs9A_EDITED.txt,posture,2140.0,2147.0,7.0,sit,BRP1_25008_REC789_2025-12-05-09-35-35,341.21,,True,True,2481.21,2488.21
25008,9A,BRP1_25008_Obs9A_EDITED.txt,posture,2147.0,2170.0,23.0,recline back,BRP1_25008_REC789_2025-12-05-09-35-35,341.21,,True,True,2488.21,2511.21
25008,9A,BRP1_25008_Obs9A_EDITED.txt,posture,2170.0,2194.0,24.0,sit,BRP1_25008_REC789_2025-12-05-09-35-35,341.21,,True,True,2511.21,2535.21
25008,9A,BRP1_25008_Obs9A_EDITED.txt,posture,2194.0,2201.0,7.0,recline back,BRP1_25008_REC789_2025-12-05-09-35-35,341.21,,True,True,2535.21,2542.21
25008,9A,BRP1_25008_Obs9A_EDITED.txt,posture,2201.0,2312.0,111.0,sit,BRP1_25008_REC789_2025-12-05-09-35-35,341.21,,True,True,2542.21,2653.21
25008,9A,BRP1_25008_Obs9A_EDITED.txt,posture,2312.0,2599.0,287.0,on stomach,BRP1_25008_REC789_2025-12-05-09-35-35,341.21,,True,True,2653.21,2940.21
25008,9A,BRP1_25008_Obs9A_EDITED.txt,posture,2599.0,2672.0,73.0,sit,BRP1_25008_REC789_2025-12-05-09-35-35,341.21,,True,True,2940.21,3013.21
25008,9A,BRP1_25008_Obs9A_EDITED.txt,posture,2672.0,2679.0,7.0,recline back,BRP1_25008_REC789_2025-12-05-09-35-35,341.21,,True,True,3013.21,3020.21
25008,9A,BRP1_25008_Obs9A_EDITED.txt,posture,2679.0,2701.0,22.0,sit,BRP1_25008_REC789_2025-12-05-09-35-35,341.21,,True,True,3020.21,3042.21
25008,9A,BRP1_25008_Obs9A_EDITED.txt,posture,2701.0,2702.68,1.68,on back,BRP1_25008_REC789_2025-12-05-09-35-35,341.21,,True,True,3042.21,3043.89
25008,9A,BRP1_25008_Obs9A_EDITED.txt,posture,2702.68,2705.609,2.929,on side,BRP1_25008_REC789_2025-12-05-09-35-35,341.21,,True,True,3043.89,3046.819
25008,9A,BRP1_25008_Obs9A_EDITED.txt,posture,2705.609,2733.386,27.777,on back,BRP1_25008_REC789_2025-12-05-09-35-35,341.21,,True,True,3046.819,3074.596
25008,9A,BRP1_25008_Obs9A_EDITED.txt,posture,2733.386,2739.018,5.632,on side,BRP1_25008_REC789_2025-12-05-09-35-35,341.21,,True,True,3074.596,3080.228
25008,9A,BRP1_25008_Obs9A_EDITED.txt,posture,2739.018,2751.0,11.982,on stomach,BRP1_25008_REC789_2025-12-05-09-35-35,341.21,,True,True,3080.228,3092.21
25008,9A,BRP1_25008_Obs9A_EDITED.txt,posture,2751.0,2761.0,10.0,sit,BRP1_25008_REC789_2025-12-05-09-35-35,341.21,,True,True,3092.21,3102.21
25008,9A,BRP1_25008_Obs9A_EDITED.txt,posture,2761.0,3124.0,363.0,recline back,BRP1_25008_REC789_2025-12-05-09-35-35,341.21,,True,True,3102.21,3465.21
25008,9A,BRP1_25008_Obs9A_EDITED.txt,posture,3124.0,3134.0,10.0,sit,BRP1_25008_REC789_2025-12-05-09-35-35,341.21,,True,True,3465.21,3475.21
25008,9A,BRP1_25008_Obs9A_EDITED.txt,posture,3134.0,3328.0,194.0,recline back,BRP1_25008_REC789_2025-12-05-09-35-35,341.21,,True,True,3475.21,3669.21
25008,9A,BRP1_25008_Obs9A_EDITED.txt,posture,3328.0,3353.0,25.0,sit,BRP1_25008_REC789_2025-12-05-09-35-35,341.21,,True,True,3669.21,3694.21
25008,9A,BRP1_25008_Obs9A_EDITED.txt,posture,3353.0,3490.0,137.0,on back,BRP1_25008_REC789_2025-12-05-09-35-35,341.21,,True,True,3694.21,3831.21
25008,9A,BRP1_25008_Obs9A_EDITED.txt,posture,3490.0,3608.0,118.0,sit,BRP1_25008_REC789_2025-12-05-09-35-35,341.21,,True,True,3831.21,3949.21
